INFO:root:Single model mode currently only works with custom models.
INFO:websockets.server:connection open
INFO:root:New client connected
INFO:root:Using Device=cuda with precision float16
INFO:root:Running faster_whisper backend.
INFO:faster_whisper:Processing audio with duration 00:01.024
INFO:root:Cleaning up.
INFO:root:Exiting speech to text thread
INFO:websockets.server:connection open
INFO:root:New client connected
INFO:root:Using Device=cuda with precision float16
INFO:root:Running faster_whisper backend.
INFO:faster_whisper:Processing audio with duration 00:01.050
ERROR:root:[ERROR]: Failed to transcribe audio chunk: VadOptions.__init__() got an unexpected keyword argument 'onset'
INFO:faster_whisper:Processing audio with duration 00:01.050
ERROR:root:[ERROR]: Failed to transcribe audio chunk: VadOptions.__init__() got an unexpected keyword argument 'onset'
INFO:faster_whisper:Processing audio with duration 00:01.100
ERROR:root:[ERROR]: Failed to transcribe audio chunk: VadOptions.__init__() got an unexpected keyword argument 'onset'
INFO:faster_whisper:Processing audio with duration 00:01.100
ERROR:root:[ERROR]: Failed to transcribe audio chunk: VadOptions.__init__() got an unexpected keyword argument 'onset'
INFO:faster_whisper:Processing audio with duration 00:01.100
ERROR:root:[ERROR]: Failed to transcribe audio chunk: VadOptions.__init__() got an unexpected keyword argument 'onset'
INFO:faster_whisper:Processing audio with duration 00:01.150
ERROR:root:[ERROR]: Failed to transcribe audio chunk: VadOptions.__init__() got an unexpected keyword argument 'onset'
INFO:faster_whisper:Processing audio with duration 00:01.150
ERROR:root:[ERROR]: Failed to transcribe audio chunk: VadOptions.__init__() got an unexpected keyword argument 'onset'
INFO:faster_whisper:Processing audio with duration 00:01.150
ERROR:root:[ERROR]: Failed to transcribe audio chunk: VadOptions.__init__() got an unexpected keyword argument 'onset'
INFO:faster_whisper:Processing audio with duration 00:01.150
ERROR:root:[ERROR]: Failed to transcribe audio chunk: VadOptions.__init__() got an unexpected keyword argument 'onset'
INFO:faster_whisper:Processing audio with duration 00:01.200
ERROR:root:[ERROR]: Failed to transcribe audio chunk: VadOptions.__init__() got an unexpected keyword argument 'onset'
INFO:faster_whisper:Processing audio with duration 00:01.200
ERROR:root:[ERROR]: Failed to transcribe audio chunk: VadOptions.__init__() got an unexpected keyword argument 'onset'
INFO:faster_whisper:Processing audio with duration 00:01.200
ERROR:root:[ERROR]: Failed to transcribe audio chunk: VadOptions.__init__() got an unexpected keyword argument 'onset'
INFO:faster_whisper:Processing audio with duration 00:01.250
ERROR:root:[ERROR]: Failed to transcribe audio chunk: VadOptions.__init__() got an unexpected keyword argument 'onset'
INFO:faster_whisper:Processing audio with duration 00:01.250
ERROR:root:[ERROR]: Failed to transcribe audio chunk: VadOptions.__init__() got an unexpected keyword argument 'onset'
INFO:faster_whisper:Processing audio with duration 00:01.250
ERROR:root:[ERROR]: Failed to transcribe audio chunk: VadOptions.__init__() got an unexpected keyword argument 'onset'
INFO:faster_whisper:Processing audio with duration 00:01.250
ERROR:root:[ERROR]: Failed to transcribe audio chunk: VadOptions.__init__() got an unexpected keyword argument 'onset'
INFO:faster_whisper:Processing audio with duration 00:01.300
ERROR:root:[ERROR]: Failed to transcribe audio chunk: VadOptions.__init__() got an unexpected keyword argument 'onset'
INFO:faster_whisper:Processing audio with duration 00:01.300
ERROR:root:[ERROR]: Failed to transcribe audio chunk: VadOptions.__init__() got an unexpected keyword argument 'onset'
INFO:faster_whisper:Processing audio with duration 00:01.300
ERROR:root:[ERROR]: Failed to transcribe audio chunk: VadOptions.__init__() got an unexpected keyword argument 'onset'
INFO:faster_whisper:Processing audio with duration 00:01.300
ERROR:root:[ERROR]: Failed to transcribe audio chunk: VadOptions.__init__() got an unexpected keyword argument 'onset'
INFO:faster_whisper:Processing audio with duration 00:01.350
ERROR:root:[ERROR]: Failed to transcribe audio chunk: VadOptions.__init__() got an unexpected keyword argument 'onset'
INFO:faster_whisper:Processing audio with duration 00:01.350
ERROR:root:[ERROR]: Failed to transcribe audio chunk: VadOptions.__init__() got an unexpected keyword argument 'onset'
INFO:faster_whisper:Processing audio with duration 00:01.350
ERROR:root:[ERROR]: Failed to transcribe audio chunk: VadOptions.__init__() got an unexpected keyword argument 'onset'
INFO:faster_whisper:Processing audio with duration 00:01.350
ERROR:root:[ERROR]: Failed to transcribe audio chunk: VadOptions.__init__() got an unexpected keyword argument 'onset'
INFO:faster_whisper:Processing audio with duration 00:01.350
ERROR:root:[ERROR]: Failed to transcribe audio chunk: VadOptions.__init__() got an unexpected keyword argument 'onset'
INFO:faster_whisper:Processing audio with duration 00:01.400
ERROR:root:[ERROR]: Failed to transcribe audio chunk: VadOptions.__init__() got an unexpected keyword argument 'onset'
INFO:faster_whisper:Processing audio with duration 00:01.400
ERROR:root:[ERROR]: Failed to transcribe audio chunk: VadOptions.__init__() got an unexpected keyword argument 'onset'
INFO:faster_whisper:Processing audio with duration 00:01.400
ERROR:root:[ERROR]: Failed to transcribe audio chunk: VadOptions.__init__() got an unexpected keyword argument 'onset'
INFO:faster_whisper:Processing audio with duration 00:01.450
ERROR:root:[ERROR]: Failed to transcribe audio chunk: VadOptions.__init__() got an unexpected keyword argument 'onset'
INFO:faster_whisper:Processing audio with duration 00:01.450
ERROR:root:[ERROR]: Failed to transcribe audio chunk: VadOptions.__init__() got an unexpected keyword argument 'onset'
INFO:faster_whisper:Processing audio with duration 00:01.450
ERROR:root:[ERROR]: Failed to transcribe audio chunk: VadOptions.__init__() got an unexpected keyword argument 'onset'
INFO:faster_whisper:Processing audio with duration 00:01.500
ERROR:root:[ERROR]: Failed to transcribe audio chunk: VadOptions.__init__() got an unexpected keyword argument 'onset'
INFO:faster_whisper:Processing audio with duration 00:01.500
ERROR:root:[ERROR]: Failed to transcribe audio chunk: VadOptions.__init__() got an unexpected keyword argument 'onset'
INFO:faster_whisper:Processing audio with duration 00:01.550
ERROR:root:[ERROR]: Failed to transcribe audio chunk: VadOptions.__init__() got an unexpected keyword argument 'onset'
INFO:faster_whisper:Processing audio with duration 00:01.550
ERROR:root:[ERROR]: Failed to transcribe audio chunk: VadOptions.__init__() got an unexpected keyword argument 'onset'
INFO:faster_whisper:Processing audio with duration 00:01.550
ERROR:root:[ERROR]: Failed to transcribe audio chunk: VadOptions.__init__() got an unexpected keyword argument 'onset'
INFO:faster_whisper:Processing audio with duration 00:01.600
ERROR:root:[ERROR]: Failed to transcribe audio chunk: VadOptions.__init__() got an unexpected keyword argument 'onset'
INFO:faster_whisper:Processing audio with duration 00:01.600
ERROR:root:[ERROR]: Failed to transcribe audio chunk: VadOptions.__init__() got an unexpected keyword argument 'onset'
INFO:faster_whisper:Processing audio with duration 00:01.650
ERROR:root:[ERROR]: Failed to transcribe audio chunk: VadOptions.__init__() got an unexpected keyword argument 'onset'
INFO:faster_whisper:Processing audio with duration 00:01.650
ERROR:root:[ERROR]: Failed to transcribe audio chunk: VadOptions.__init__() got an unexpected keyword argument 'onset'
INFO:faster_whisper:Processing audio with duration 00:01.650
ERROR:root:[ERROR]: Failed to transcribe audio chunk: VadOptions.__init__() got an unexpected keyword argument 'onset'
INFO:faster_whisper:Processing audio with duration 00:01.650
ERROR:root:[ERROR]: Failed to transcribe audio chunk: VadOptions.__init__() got an unexpected keyword argument 'onset'
INFO:faster_whisper:Processing audio with duration 00:01.700
ERROR:root:[ERROR]: Failed to transcribe audio chunk: VadOptions.__init__() got an unexpected keyword argument 'onset'
INFO:faster_whisper:Processing audio with duration 00:01.700
ERROR:root:[ERROR]: Failed to transcribe audio chunk: VadOptions.__init__() got an unexpected keyword argument 'onset'
INFO:faster_whisper:Processing audio with duration 00:01.700
ERROR:root:[ERROR]: Failed to transcribe audio chunk: VadOptions.__init__() got an unexpected keyword argument 'onset'
INFO:faster_whisper:Processing audio with duration 00:01.700
ERROR:root:[ERROR]: Failed to transcribe audio chunk: VadOptions.__init__() got an unexpected keyword argument 'onset'
INFO:faster_whisper:Processing audio with duration 00:01.750
ERROR:root:[ERROR]: Failed to transcribe audio chunk: VadOptions.__init__() got an unexpected keyword argument 'onset'
INFO:faster_whisper:Processing audio with duration 00:01.750
ERROR:root:[ERROR]: Failed to transcribe audio chunk: VadOptions.__init__() got an unexpected keyword argument 'onset'
INFO:faster_whisper:Processing audio with duration 00:01.750
ERROR:root:[ERROR]: Failed to transcribe audio chunk: VadOptions.__init__() got an unexpected keyword argument 'onset'
INFO:faster_whisper:Processing audio with duration 00:01.750
ERROR:root:[ERROR]: Failed to transcribe audio chunk: VadOptions.__init__() got an unexpected keyword argument 'onset'
INFO:faster_whisper:Processing audio with duration 00:01.800
ERROR:root:[ERROR]: Failed to transcribe audio chunk: VadOptions.__init__() got an unexpected keyword argument 'onset'
INFO:faster_whisper:Processing audio with duration 00:01.800
ERROR:root:[ERROR]: Failed to transcribe audio chunk: VadOptions.__init__() got an unexpected keyword argument 'onset'
INFO:faster_whisper:Processing audio with duration 00:01.800
ERROR:root:[ERROR]: Failed to transcribe audio chunk: VadOptions.__init__() got an unexpected keyword argument 'onset'
INFO:faster_whisper:Processing audio with duration 00:01.800
ERROR:root:[ERROR]: Failed to transcribe audio chunk: VadOptions.__init__() got an unexpected keyword argument 'onset'
INFO:faster_whisper:Processing audio with duration 00:01.850
ERROR:root:[ERROR]: Failed to transcribe audio chunk: VadOptions.__init__() got an unexpected keyword argument 'onset'
INFO:faster_whisper:Processing audio with duration 00:01.850
ERROR:root:[ERROR]: Failed to transcribe audio chunk: VadOptions.__init__() got an unexpected keyword argument 'onset'
INFO:faster_whisper:Processing audio with duration 00:01.850
ERROR:root:[ERROR]: Failed to transcribe audio chunk: VadOptions.__init__() got an unexpected keyword argument 'onset'
INFO:faster_whisper:Processing audio with duration 00:01.850
ERROR:root:[ERROR]: Failed to transcribe audio chunk: VadOptions.__init__() got an unexpected keyword argument 'onset'
INFO:faster_whisper:Processing audio with duration 00:01.850
ERROR:root:[ERROR]: Failed to transcribe audio chunk: VadOptions.__init__() got an unexpected keyword argument 'onset'
INFO:faster_whisper:Processing audio with duration 00:01.900
ERROR:root:[ERROR]: Failed to transcribe audio chunk: VadOptions.__init__() got an unexpected keyword argument 'onset'
INFO:faster_whisper:Processing audio with duration 00:01.900
ERROR:root:[ERROR]: Failed to transcribe audio chunk: VadOptions.__init__() got an unexpected keyword argument 'onset'
INFO:faster_whisper:Processing audio with duration 00:01.900
ERROR:root:[ERROR]: Failed to transcribe audio chunk: VadOptions.__init__() got an unexpected keyword argument 'onset'
INFO:faster_whisper:Processing audio with duration 00:01.900
ERROR:root:[ERROR]: Failed to transcribe audio chunk: VadOptions.__init__() got an unexpected keyword argument 'onset'
INFO:faster_whisper:Processing audio with duration 00:01.950
ERROR:root:[ERROR]: Failed to transcribe audio chunk: VadOptions.__init__() got an unexpected keyword argument 'onset'
INFO:faster_whisper:Processing audio with duration 00:01.950
ERROR:root:[ERROR]: Failed to transcribe audio chunk: VadOptions.__init__() got an unexpected keyword argument 'onset'
INFO:faster_whisper:Processing audio with duration 00:01.950
ERROR:root:[ERROR]: Failed to transcribe audio chunk: VadOptions.__init__() got an unexpected keyword argument 'onset'
INFO:faster_whisper:Processing audio with duration 00:02.000
ERROR:root:[ERROR]: Failed to transcribe audio chunk: VadOptions.__init__() got an unexpected keyword argument 'onset'
INFO:faster_whisper:Processing audio with duration 00:02.000
ERROR:root:[ERROR]: Failed to transcribe audio chunk: VadOptions.__init__() got an unexpected keyword argument 'onset'
INFO:faster_whisper:Processing audio with duration 00:02.000
ERROR:root:[ERROR]: Failed to transcribe audio chunk: VadOptions.__init__() got an unexpected keyword argument 'onset'
INFO:faster_whisper:Processing audio with duration 00:02.000
ERROR:root:[ERROR]: Failed to transcribe audio chunk: VadOptions.__init__() got an unexpected keyword argument 'onset'
INFO:faster_whisper:Processing audio with duration 00:02.000
ERROR:root:[ERROR]: Failed to transcribe audio chunk: VadOptions.__init__() got an unexpected keyword argument 'onset'
INFO:faster_whisper:Processing audio with duration 00:02.050
ERROR:root:[ERROR]: Failed to transcribe audio chunk: VadOptions.__init__() got an unexpected keyword argument 'onset'
INFO:faster_whisper:Processing audio with duration 00:02.050
ERROR:root:[ERROR]: Failed to transcribe audio chunk: VadOptions.__init__() got an unexpected keyword argument 'onset'
INFO:faster_whisper:Processing audio with duration 00:02.050
ERROR:root:[ERROR]: Failed to transcribe audio chunk: VadOptions.__init__() got an unexpected keyword argument 'onset'
INFO:faster_whisper:Processing audio with duration 00:02.050
ERROR:root:[ERROR]: Failed to transcribe audio chunk: VadOptions.__init__() got an unexpected keyword argument 'onset'
INFO:faster_whisper:Processing audio with duration 00:02.100
ERROR:root:[ERROR]: Failed to transcribe audio chunk: VadOptions.__init__() got an unexpected keyword argument 'onset'
INFO:faster_whisper:Processing audio with duration 00:02.100
ERROR:root:[ERROR]: Failed to transcribe audio chunk: VadOptions.__init__() got an unexpected keyword argument 'onset'
INFO:faster_whisper:Processing audio with duration 00:02.100
ERROR:root:[ERROR]: Failed to transcribe audio chunk: VadOptions.__init__() got an unexpected keyword argument 'onset'
INFO:faster_whisper:Processing audio with duration 00:02.100
ERROR:root:[ERROR]: Failed to transcribe audio chunk: VadOptions.__init__() got an unexpected keyword argument 'onset'
INFO:faster_whisper:Processing audio with duration 00:02.100
ERROR:root:[ERROR]: Failed to transcribe audio chunk: VadOptions.__init__() got an unexpected keyword argument 'onset'
INFO:faster_whisper:Processing audio with duration 00:02.150
ERROR:root:[ERROR]: Failed to transcribe audio chunk: VadOptions.__init__() got an unexpected keyword argument 'onset'
INFO:faster_whisper:Processing audio with duration 00:02.150
ERROR:root:[ERROR]: Failed to transcribe audio chunk: VadOptions.__init__() got an unexpected keyword argument 'onset'
INFO:faster_whisper:Processing audio with duration 00:02.150
ERROR:root:[ERROR]: Failed to transcribe audio chunk: VadOptions.__init__() got an unexpected keyword argument 'onset'
INFO:faster_whisper:Processing audio with duration 00:02.150
ERROR:root:[ERROR]: Failed to transcribe audio chunk: VadOptions.__init__() got an unexpected keyword argument 'onset'
INFO:faster_whisper:Processing audio with duration 00:02.200
ERROR:root:[ERROR]: Failed to transcribe audio chunk: VadOptions.__init__() got an unexpected keyword argument 'onset'
INFO:faster_whisper:Processing audio with duration 00:02.200
ERROR:root:[ERROR]: Failed to transcribe audio chunk: VadOptions.__init__() got an unexpected keyword argument 'onset'
INFO:faster_whisper:Processing audio with duration 00:02.200
ERROR:root:[ERROR]: Failed to transcribe audio chunk: VadOptions.__init__() got an unexpected keyword argument 'onset'
INFO:faster_whisper:Processing audio with duration 00:02.200
ERROR:root:[ERROR]: Failed to transcribe audio chunk: VadOptions.__init__() got an unexpected keyword argument 'onset'
INFO:faster_whisper:Processing audio with duration 00:02.250
ERROR:root:[ERROR]: Failed to transcribe audio chunk: VadOptions.__init__() got an unexpected keyword argument 'onset'
INFO:faster_whisper:Processing audio with duration 00:02.250
ERROR:root:[ERROR]: Failed to transcribe audio chunk: VadOptions.__init__() got an unexpected keyword argument 'onset'
INFO:faster_whisper:Processing audio with duration 00:02.250
ERROR:root:[ERROR]: Failed to transcribe audio chunk: VadOptions.__init__() got an unexpected keyword argument 'onset'
INFO:faster_whisper:Processing audio with duration 00:02.300
ERROR:root:[ERROR]: Failed to transcribe audio chunk: VadOptions.__init__() got an unexpected keyword argument 'onset'
INFO:faster_whisper:Processing audio with duration 00:02.300
ERROR:root:[ERROR]: Failed to transcribe audio chunk: VadOptions.__init__() got an unexpected keyword argument 'onset'
INFO:faster_whisper:Processing audio with duration 00:02.300
ERROR:root:[ERROR]: Failed to transcribe audio chunk: VadOptions.__init__() got an unexpected keyword argument 'onset'
INFO:faster_whisper:Processing audio with duration 00:02.350
ERROR:root:[ERROR]: Failed to transcribe audio chunk: VadOptions.__init__() got an unexpected keyword argument 'onset'
INFO:faster_whisper:Processing audio with duration 00:02.350
ERROR:root:[ERROR]: Failed to transcribe audio chunk: VadOptions.__init__() got an unexpected keyword argument 'onset'
INFO:faster_whisper:Processing audio with duration 00:02.350
ERROR:root:[ERROR]: Failed to transcribe audio chunk: VadOptions.__init__() got an unexpected keyword argument 'onset'
INFO:faster_whisper:Processing audio with duration 00:02.350
ERROR:root:[ERROR]: Failed to transcribe audio chunk: VadOptions.__init__() got an unexpected keyword argument 'onset'
INFO:faster_whisper:Processing audio with duration 00:02.350
ERROR:root:[ERROR]: Failed to transcribe audio chunk: VadOptions.__init__() got an unexpected keyword argument 'onset'
INFO:faster_whisper:Processing audio with duration 00:02.400
ERROR:root:[ERROR]: Failed to transcribe audio chunk: VadOptions.__init__() got an unexpected keyword argument 'onset'
INFO:faster_whisper:Processing audio with duration 00:02.400
ERROR:root:[ERROR]: Failed to transcribe audio chunk: VadOptions.__init__() got an unexpected keyword argument 'onset'
INFO:faster_whisper:Processing audio with duration 00:02.400
ERROR:root:[ERROR]: Failed to transcribe audio chunk: VadOptions.__init__() got an unexpected keyword argument 'onset'
INFO:faster_whisper:Processing audio with duration 00:02.400
ERROR:root:[ERROR]: Failed to transcribe audio chunk: VadOptions.__init__() got an unexpected keyword argument 'onset'
INFO:faster_whisper:Processing audio with duration 00:02.400
ERROR:root:[ERROR]: Failed to transcribe audio chunk: VadOptions.__init__() got an unexpected keyword argument 'onset'
INFO:faster_whisper:Processing audio with duration 00:02.450
ERROR:root:[ERROR]: Failed to transcribe audio chunk: VadOptions.__init__() got an unexpected keyword argument 'onset'
INFO:faster_whisper:Processing audio with duration 00:02.450
ERROR:root:[ERROR]: Failed to transcribe audio chunk: VadOptions.__init__() got an unexpected keyword argument 'onset'
INFO:faster_whisper:Processing audio with duration 00:02.450
ERROR:root:[ERROR]: Failed to transcribe audio chunk: VadOptions.__init__() got an unexpected keyword argument 'onset'
INFO:faster_whisper:Processing audio with duration 00:02.450
ERROR:root:[ERROR]: Failed to transcribe audio chunk: VadOptions.__init__() got an unexpected keyword argument 'onset'
INFO:faster_whisper:Processing audio with duration 00:02.500
ERROR:root:[ERROR]: Failed to transcribe audio chunk: VadOptions.__init__() got an unexpected keyword argument 'onset'
INFO:faster_whisper:Processing audio with duration 00:02.500
ERROR:root:[ERROR]: Failed to transcribe audio chunk: VadOptions.__init__() got an unexpected keyword argument 'onset'
INFO:faster_whisper:Processing audio with duration 00:02.500
ERROR:root:[ERROR]: Failed to transcribe audio chunk: VadOptions.__init__() got an unexpected keyword argument 'onset'
INFO:faster_whisper:Processing audio with duration 00:02.500
ERROR:root:[ERROR]: Failed to transcribe audio chunk: VadOptions.__init__() got an unexpected keyword argument 'onset'
INFO:faster_whisper:Processing audio with duration 00:02.500
ERROR:root:[ERROR]: Failed to transcribe audio chunk: VadOptions.__init__() got an unexpected keyword argument 'onset'
INFO:faster_whisper:Processing audio with duration 00:02.550
ERROR:root:[ERROR]: Failed to transcribe audio chunk: VadOptions.__init__() got an unexpected keyword argument 'onset'
INFO:faster_whisper:Processing audio with duration 00:02.550
ERROR:root:[ERROR]: Failed to transcribe audio chunk: VadOptions.__init__() got an unexpected keyword argument 'onset'
INFO:faster_whisper:Processing audio with duration 00:02.550
ERROR:root:[ERROR]: Failed to transcribe audio chunk: VadOptions.__init__() got an unexpected keyword argument 'onset'
INFO:faster_whisper:Processing audio with duration 00:02.550
ERROR:root:[ERROR]: Failed to transcribe audio chunk: VadOptions.__init__() got an unexpected keyword argument 'onset'
INFO:faster_whisper:Processing audio with duration 00:02.550
ERROR:root:[ERROR]: Failed to transcribe audio chunk: VadOptions.__init__() got an unexpected keyword argument 'onset'
INFO:faster_whisper:Processing audio with duration 00:02.600
ERROR:root:[ERROR]: Failed to transcribe audio chunk: VadOptions.__init__() got an unexpected keyword argument 'onset'
INFO:faster_whisper:Processing audio with duration 00:02.600
ERROR:root:[ERROR]: Failed to transcribe audio chunk: VadOptions.__init__() got an unexpected keyword argument 'onset'
INFO:faster_whisper:Processing audio with duration 00:02.600
ERROR:root:[ERROR]: Failed to transcribe audio chunk: VadOptions.__init__() got an unexpected keyword argument 'onset'
INFO:faster_whisper:Processing audio with duration 00:02.600
ERROR:root:[ERROR]: Failed to transcribe audio chunk: VadOptions.__init__() got an unexpected keyword argument 'onset'
INFO:faster_whisper:Processing audio with duration 00:02.650
ERROR:root:[ERROR]: Failed to transcribe audio chunk: VadOptions.__init__() got an unexpected keyword argument 'onset'
INFO:faster_whisper:Processing audio with duration 00:02.650
ERROR:root:[ERROR]: Failed to transcribe audio chunk: VadOptions.__init__() got an unexpected keyword argument 'onset'
INFO:faster_whisper:Processing audio with duration 00:02.650
ERROR:root:[ERROR]: Failed to transcribe audio chunk: VadOptions.__init__() got an unexpected keyword argument 'onset'
INFO:faster_whisper:Processing audio with duration 00:02.650
ERROR:root:[ERROR]: Failed to transcribe audio chunk: VadOptions.__init__() got an unexpected keyword argument 'onset'
INFO:faster_whisper:Processing audio with duration 00:02.650
ERROR:root:[ERROR]: Failed to transcribe audio chunk: VadOptions.__init__() got an unexpected keyword argument 'onset'
INFO:faster_whisper:Processing audio with duration 00:02.700
ERROR:root:[ERROR]: Failed to transcribe audio chunk: VadOptions.__init__() got an unexpected keyword argument 'onset'
INFO:faster_whisper:Processing audio with duration 00:02.700
ERROR:root:[ERROR]: Failed to transcribe audio chunk: VadOptions.__init__() got an unexpected keyword argument 'onset'
INFO:faster_whisper:Processing audio with duration 00:02.700
ERROR:root:[ERROR]: Failed to transcribe audio chunk: VadOptions.__init__() got an unexpected keyword argument 'onset'
INFO:faster_whisper:Processing audio with duration 00:02.700
ERROR:root:[ERROR]: Failed to transcribe audio chunk: VadOptions.__init__() got an unexpected keyword argument 'onset'
INFO:faster_whisper:Processing audio with duration 00:02.700
ERROR:root:[ERROR]: Failed to transcribe audio chunk: VadOptions.__init__() got an unexpected keyword argument 'onset'
INFO:faster_whisper:Processing audio with duration 00:02.750
ERROR:root:[ERROR]: Failed to transcribe audio chunk: VadOptions.__init__() got an unexpected keyword argument 'onset'
INFO:faster_whisper:Processing audio with duration 00:02.750
ERROR:root:[ERROR]: Failed to transcribe audio chunk: VadOptions.__init__() got an unexpected keyword argument 'onset'
INFO:faster_whisper:Processing audio with duration 00:02.750
ERROR:root:[ERROR]: Failed to transcribe audio chunk: VadOptions.__init__() got an unexpected keyword argument 'onset'
INFO:faster_whisper:Processing audio with duration 00:02.750
ERROR:root:[ERROR]: Failed to transcribe audio chunk: VadOptions.__init__() got an unexpected keyword argument 'onset'
INFO:faster_whisper:Processing audio with duration 00:02.750
ERROR:root:[ERROR]: Failed to transcribe audio chunk: VadOptions.__init__() got an unexpected keyword argument 'onset'
INFO:faster_whisper:Processing audio with duration 00:02.800
ERROR:root:[ERROR]: Failed to transcribe audio chunk: VadOptions.__init__() got an unexpected keyword argument 'onset'
INFO:faster_whisper:Processing audio with duration 00:02.800
ERROR:root:[ERROR]: Failed to transcribe audio chunk: VadOptions.__init__() got an unexpected keyword argument 'onset'
INFO:faster_whisper:Processing audio with duration 00:02.800
ERROR:root:[ERROR]: Failed to transcribe audio chunk: VadOptions.__init__() got an unexpected keyword argument 'onset'
INFO:faster_whisper:Processing audio with duration 00:02.800
ERROR:root:[ERROR]: Failed to transcribe audio chunk: VadOptions.__init__() got an unexpected keyword argument 'onset'
INFO:faster_whisper:Processing audio with duration 00:02.850
ERROR:root:[ERROR]: Failed to transcribe audio chunk: VadOptions.__init__() got an unexpected keyword argument 'onset'
INFO:faster_whisper:Processing audio with duration 00:02.850
ERROR:root:[ERROR]: Failed to transcribe audio chunk: VadOptions.__init__() got an unexpected keyword argument 'onset'
INFO:faster_whisper:Processing audio with duration 00:02.850
ERROR:root:[ERROR]: Failed to transcribe audio chunk: VadOptions.__init__() got an unexpected keyword argument 'onset'
INFO:faster_whisper:Processing audio with duration 00:02.850
ERROR:root:[ERROR]: Failed to transcribe audio chunk: VadOptions.__init__() got an unexpected keyword argument 'onset'
INFO:faster_whisper:Processing audio with duration 00:02.850
ERROR:root:[ERROR]: Failed to transcribe audio chunk: VadOptions.__init__() got an unexpected keyword argument 'onset'
INFO:faster_whisper:Processing audio with duration 00:02.900
ERROR:root:[ERROR]: Failed to transcribe audio chunk: VadOptions.__init__() got an unexpected keyword argument 'onset'
INFO:faster_whisper:Processing audio with duration 00:02.900
ERROR:root:[ERROR]: Failed to transcribe audio chunk: VadOptions.__init__() got an unexpected keyword argument 'onset'
INFO:faster_whisper:Processing audio with duration 00:02.900
ERROR:root:[ERROR]: Failed to transcribe audio chunk: VadOptions.__init__() got an unexpected keyword argument 'onset'
INFO:faster_whisper:Processing audio with duration 00:02.900
ERROR:root:[ERROR]: Failed to transcribe audio chunk: VadOptions.__init__() got an unexpected keyword argument 'onset'
INFO:faster_whisper:Processing audio with duration 00:02.900
ERROR:root:[ERROR]: Failed to transcribe audio chunk: VadOptions.__init__() got an unexpected keyword argument 'onset'
INFO:faster_whisper:Processing audio with duration 00:02.950
ERROR:root:[ERROR]: Failed to transcribe audio chunk: VadOptions.__init__() got an unexpected keyword argument 'onset'
INFO:faster_whisper:Processing audio with duration 00:02.950
ERROR:root:[ERROR]: Failed to transcribe audio chunk: VadOptions.__init__() got an unexpected keyword argument 'onset'
INFO:faster_whisper:Processing audio with duration 00:02.950
ERROR:root:[ERROR]: Failed to transcribe audio chunk: VadOptions.__init__() got an unexpected keyword argument 'onset'
INFO:faster_whisper:Processing audio with duration 00:02.950
ERROR:root:[ERROR]: Failed to transcribe audio chunk: VadOptions.__init__() got an unexpected keyword argument 'onset'
INFO:faster_whisper:Processing audio with duration 00:02.950
ERROR:root:[ERROR]: Failed to transcribe audio chunk: VadOptions.__init__() got an unexpected keyword argument 'onset'
INFO:faster_whisper:Processing audio with duration 00:03.000
ERROR:root:[ERROR]: Failed to transcribe audio chunk: VadOptions.__init__() got an unexpected keyword argument 'onset'
INFO:faster_whisper:Processing audio with duration 00:03.000
ERROR:root:[ERROR]: Failed to transcribe audio chunk: VadOptions.__init__() got an unexpected keyword argument 'onset'
INFO:faster_whisper:Processing audio with duration 00:03.000
ERROR:root:[ERROR]: Failed to transcribe audio chunk: VadOptions.__init__() got an unexpected keyword argument 'onset'
INFO:faster_whisper:Processing audio with duration 00:03.000
ERROR:root:[ERROR]: Failed to transcribe audio chunk: VadOptions.__init__() got an unexpected keyword argument 'onset'
INFO:faster_whisper:Processing audio with duration 00:03.050
ERROR:root:[ERROR]: Failed to transcribe audio chunk: VadOptions.__init__() got an unexpected keyword argument 'onset'
INFO:faster_whisper:Processing audio with duration 00:03.050
ERROR:root:[ERROR]: Failed to transcribe audio chunk: VadOptions.__init__() got an unexpected keyword argument 'onset'
INFO:faster_whisper:Processing audio with duration 00:03.050
ERROR:root:[ERROR]: Failed to transcribe audio chunk: VadOptions.__init__() got an unexpected keyword argument 'onset'
INFO:faster_whisper:Processing audio with duration 00:03.050
ERROR:root:[ERROR]: Failed to transcribe audio chunk: VadOptions.__init__() got an unexpected keyword argument 'onset'
INFO:faster_whisper:Processing audio with duration 00:03.050
ERROR:root:[ERROR]: Failed to transcribe audio chunk: VadOptions.__init__() got an unexpected keyword argument 'onset'
INFO:faster_whisper:Processing audio with duration 00:03.100
ERROR:root:[ERROR]: Failed to transcribe audio chunk: VadOptions.__init__() got an unexpected keyword argument 'onset'
INFO:faster_whisper:Processing audio with duration 00:03.100
ERROR:root:[ERROR]: Failed to transcribe audio chunk: VadOptions.__init__() got an unexpected keyword argument 'onset'
INFO:faster_whisper:Processing audio with duration 00:03.100
ERROR:root:[ERROR]: Failed to transcribe audio chunk: VadOptions.__init__() got an unexpected keyword argument 'onset'
INFO:faster_whisper:Processing audio with duration 00:03.100
ERROR:root:[ERROR]: Failed to transcribe audio chunk: VadOptions.__init__() got an unexpected keyword argument 'onset'
INFO:faster_whisper:Processing audio with duration 00:03.100
ERROR:root:[ERROR]: Failed to transcribe audio chunk: VadOptions.__init__() got an unexpected keyword argument 'onset'
INFO:faster_whisper:Processing audio with duration 00:03.150
ERROR:root:[ERROR]: Failed to transcribe audio chunk: VadOptions.__init__() got an unexpected keyword argument 'onset'
INFO:faster_whisper:Processing audio with duration 00:03.150
ERROR:root:[ERROR]: Failed to transcribe audio chunk: VadOptions.__init__() got an unexpected keyword argument 'onset'
INFO:faster_whisper:Processing audio with duration 00:03.150
ERROR:root:[ERROR]: Failed to transcribe audio chunk: VadOptions.__init__() got an unexpected keyword argument 'onset'
INFO:faster_whisper:Processing audio with duration 00:03.150
ERROR:root:[ERROR]: Failed to transcribe audio chunk: VadOptions.__init__() got an unexpected keyword argument 'onset'
INFO:faster_whisper:Processing audio with duration 00:03.200
ERROR:root:[ERROR]: Failed to transcribe audio chunk: VadOptions.__init__() got an unexpected keyword argument 'onset'
INFO:faster_whisper:Processing audio with duration 00:03.200
ERROR:root:[ERROR]: Failed to transcribe audio chunk: VadOptions.__init__() got an unexpected keyword argument 'onset'
INFO:faster_whisper:Processing audio with duration 00:03.200
ERROR:root:[ERROR]: Failed to transcribe audio chunk: VadOptions.__init__() got an unexpected keyword argument 'onset'
INFO:faster_whisper:Processing audio with duration 00:03.200
ERROR:root:[ERROR]: Failed to transcribe audio chunk: VadOptions.__init__() got an unexpected keyword argument 'onset'
INFO:faster_whisper:Processing audio with duration 00:03.200
ERROR:root:[ERROR]: Failed to transcribe audio chunk: VadOptions.__init__() got an unexpected keyword argument 'onset'
INFO:faster_whisper:Processing audio with duration 00:03.250
ERROR:root:[ERROR]: Failed to transcribe audio chunk: VadOptions.__init__() got an unexpected keyword argument 'onset'
INFO:faster_whisper:Processing audio with duration 00:03.250
ERROR:root:[ERROR]: Failed to transcribe audio chunk: VadOptions.__init__() got an unexpected keyword argument 'onset'
INFO:faster_whisper:Processing audio with duration 00:03.250
ERROR:root:[ERROR]: Failed to transcribe audio chunk: VadOptions.__init__() got an unexpected keyword argument 'onset'
INFO:faster_whisper:Processing audio with duration 00:03.250
ERROR:root:[ERROR]: Failed to transcribe audio chunk: VadOptions.__init__() got an unexpected keyword argument 'onset'
INFO:faster_whisper:Processing audio with duration 00:03.250
ERROR:root:[ERROR]: Failed to transcribe audio chunk: VadOptions.__init__() got an unexpected keyword argument 'onset'
INFO:faster_whisper:Processing audio with duration 00:03.300
ERROR:root:[ERROR]: Failed to transcribe audio chunk: VadOptions.__init__() got an unexpected keyword argument 'onset'
INFO:faster_whisper:Processing audio with duration 00:03.300
ERROR:root:[ERROR]: Failed to transcribe audio chunk: VadOptions.__init__() got an unexpected keyword argument 'onset'
INFO:faster_whisper:Processing audio with duration 00:03.300
ERROR:root:[ERROR]: Failed to transcribe audio chunk: VadOptions.__init__() got an unexpected keyword argument 'onset'
INFO:faster_whisper:Processing audio with duration 00:03.300
ERROR:root:[ERROR]: Failed to transcribe audio chunk: VadOptions.__init__() got an unexpected keyword argument 'onset'
INFO:faster_whisper:Processing audio with duration 00:03.300
ERROR:root:[ERROR]: Failed to transcribe audio chunk: VadOptions.__init__() got an unexpected keyword argument 'onset'
INFO:faster_whisper:Processing audio with duration 00:03.350
ERROR:root:[ERROR]: Failed to transcribe audio chunk: VadOptions.__init__() got an unexpected keyword argument 'onset'
INFO:faster_whisper:Processing audio with duration 00:03.350
ERROR:root:[ERROR]: Failed to transcribe audio chunk: VadOptions.__init__() got an unexpected keyword argument 'onset'
INFO:faster_whisper:Processing audio with duration 00:03.350
ERROR:root:[ERROR]: Failed to transcribe audio chunk: VadOptions.__init__() got an unexpected keyword argument 'onset'
INFO:faster_whisper:Processing audio with duration 00:03.350
ERROR:root:[ERROR]: Failed to transcribe audio chunk: VadOptions.__init__() got an unexpected keyword argument 'onset'
INFO:faster_whisper:Processing audio with duration 00:03.400
ERROR:root:[ERROR]: Failed to transcribe audio chunk: VadOptions.__init__() got an unexpected keyword argument 'onset'
INFO:faster_whisper:Processing audio with duration 00:03.400
ERROR:root:[ERROR]: Failed to transcribe audio chunk: VadOptions.__init__() got an unexpected keyword argument 'onset'
INFO:faster_whisper:Processing audio with duration 00:03.400
ERROR:root:[ERROR]: Failed to transcribe audio chunk: VadOptions.__init__() got an unexpected keyword argument 'onset'
INFO:faster_whisper:Processing audio with duration 00:03.400
ERROR:root:[ERROR]: Failed to transcribe audio chunk: VadOptions.__init__() got an unexpected keyword argument 'onset'
INFO:faster_whisper:Processing audio with duration 00:03.400
ERROR:root:[ERROR]: Failed to transcribe audio chunk: VadOptions.__init__() got an unexpected keyword argument 'onset'
INFO:faster_whisper:Processing audio with duration 00:03.450
ERROR:root:[ERROR]: Failed to transcribe audio chunk: VadOptions.__init__() got an unexpected keyword argument 'onset'
INFO:faster_whisper:Processing audio with duration 00:03.450
ERROR:root:[ERROR]: Failed to transcribe audio chunk: VadOptions.__init__() got an unexpected keyword argument 'onset'
INFO:faster_whisper:Processing audio with duration 00:03.450
ERROR:root:[ERROR]: Failed to transcribe audio chunk: VadOptions.__init__() got an unexpected keyword argument 'onset'
INFO:faster_whisper:Processing audio with duration 00:03.450
ERROR:root:[ERROR]: Failed to transcribe audio chunk: VadOptions.__init__() got an unexpected keyword argument 'onset'
INFO:faster_whisper:Processing audio with duration 00:03.450
ERROR:root:[ERROR]: Failed to transcribe audio chunk: VadOptions.__init__() got an unexpected keyword argument 'onset'
INFO:faster_whisper:Processing audio with duration 00:03.500
ERROR:root:[ERROR]: Failed to transcribe audio chunk: VadOptions.__init__() got an unexpected keyword argument 'onset'
INFO:faster_whisper:Processing audio with duration 00:03.500
ERROR:root:[ERROR]: Failed to transcribe audio chunk: VadOptions.__init__() got an unexpected keyword argument 'onset'
INFO:faster_whisper:Processing audio with duration 00:03.500
ERROR:root:[ERROR]: Failed to transcribe audio chunk: VadOptions.__init__() got an unexpected keyword argument 'onset'
INFO:faster_whisper:Processing audio with duration 00:03.500
ERROR:root:[ERROR]: Failed to transcribe audio chunk: VadOptions.__init__() got an unexpected keyword argument 'onset'
INFO:faster_whisper:Processing audio with duration 00:03.550
ERROR:root:[ERROR]: Failed to transcribe audio chunk: VadOptions.__init__() got an unexpected keyword argument 'onset'
INFO:faster_whisper:Processing audio with duration 00:03.550
ERROR:root:[ERROR]: Failed to transcribe audio chunk: VadOptions.__init__() got an unexpected keyword argument 'onset'
INFO:faster_whisper:Processing audio with duration 00:03.550
ERROR:root:[ERROR]: Failed to transcribe audio chunk: VadOptions.__init__() got an unexpected keyword argument 'onset'
INFO:faster_whisper:Processing audio with duration 00:03.550
ERROR:root:[ERROR]: Failed to transcribe audio chunk: VadOptions.__init__() got an unexpected keyword argument 'onset'
INFO:faster_whisper:Processing audio with duration 00:03.550
ERROR:root:[ERROR]: Failed to transcribe audio chunk: VadOptions.__init__() got an unexpected keyword argument 'onset'
INFO:faster_whisper:Processing audio with duration 00:03.600
ERROR:root:[ERROR]: Failed to transcribe audio chunk: VadOptions.__init__() got an unexpected keyword argument 'onset'
INFO:faster_whisper:Processing audio with duration 00:03.600
ERROR:root:[ERROR]: Failed to transcribe audio chunk: VadOptions.__init__() got an unexpected keyword argument 'onset'
INFO:faster_whisper:Processing audio with duration 00:03.600
ERROR:root:[ERROR]: Failed to transcribe audio chunk: VadOptions.__init__() got an unexpected keyword argument 'onset'
INFO:faster_whisper:Processing audio with duration 00:03.600
ERROR:root:[ERROR]: Failed to transcribe audio chunk: VadOptions.__init__() got an unexpected keyword argument 'onset'
INFO:faster_whisper:Processing audio with duration 00:03.650
ERROR:root:[ERROR]: Failed to transcribe audio chunk: VadOptions.__init__() got an unexpected keyword argument 'onset'
INFO:faster_whisper:Processing audio with duration 00:03.650
ERROR:root:[ERROR]: Failed to transcribe audio chunk: VadOptions.__init__() got an unexpected keyword argument 'onset'
INFO:faster_whisper:Processing audio with duration 00:03.650
ERROR:root:[ERROR]: Failed to transcribe audio chunk: VadOptions.__init__() got an unexpected keyword argument 'onset'
INFO:faster_whisper:Processing audio with duration 00:03.650
ERROR:root:[ERROR]: Failed to transcribe audio chunk: VadOptions.__init__() got an unexpected keyword argument 'onset'
INFO:faster_whisper:Processing audio with duration 00:03.650
ERROR:root:[ERROR]: Failed to transcribe audio chunk: VadOptions.__init__() got an unexpected keyword argument 'onset'
INFO:faster_whisper:Processing audio with duration 00:03.700
ERROR:root:[ERROR]: Failed to transcribe audio chunk: VadOptions.__init__() got an unexpected keyword argument 'onset'
INFO:faster_whisper:Processing audio with duration 00:03.700
ERROR:root:[ERROR]: Failed to transcribe audio chunk: VadOptions.__init__() got an unexpected keyword argument 'onset'
INFO:faster_whisper:Processing audio with duration 00:03.700
ERROR:root:[ERROR]: Failed to transcribe audio chunk: VadOptions.__init__() got an unexpected keyword argument 'onset'
INFO:faster_whisper:Processing audio with duration 00:03.700
ERROR:root:[ERROR]: Failed to transcribe audio chunk: VadOptions.__init__() got an unexpected keyword argument 'onset'
INFO:faster_whisper:Processing audio with duration 00:03.700
ERROR:root:[ERROR]: Failed to transcribe audio chunk: VadOptions.__init__() got an unexpected keyword argument 'onset'
INFO:faster_whisper:Processing audio with duration 00:03.750
ERROR:root:[ERROR]: Failed to transcribe audio chunk: VadOptions.__init__() got an unexpected keyword argument 'onset'
INFO:faster_whisper:Processing audio with duration 00:03.750
ERROR:root:[ERROR]: Failed to transcribe audio chunk: VadOptions.__init__() got an unexpected keyword argument 'onset'
INFO:faster_whisper:Processing audio with duration 00:03.750
ERROR:root:[ERROR]: Failed to transcribe audio chunk: VadOptions.__init__() got an unexpected keyword argument 'onset'
INFO:faster_whisper:Processing audio with duration 00:03.750
ERROR:root:[ERROR]: Failed to transcribe audio chunk: VadOptions.__init__() got an unexpected keyword argument 'onset'
INFO:faster_whisper:Processing audio with duration 00:03.800
ERROR:root:[ERROR]: Failed to transcribe audio chunk: VadOptions.__init__() got an unexpected keyword argument 'onset'
INFO:faster_whisper:Processing audio with duration 00:03.800
ERROR:root:[ERROR]: Failed to transcribe audio chunk: VadOptions.__init__() got an unexpected keyword argument 'onset'
INFO:faster_whisper:Processing audio with duration 00:03.800
ERROR:root:[ERROR]: Failed to transcribe audio chunk: VadOptions.__init__() got an unexpected keyword argument 'onset'
INFO:faster_whisper:Processing audio with duration 00:03.800
ERROR:root:[ERROR]: Failed to transcribe audio chunk: VadOptions.__init__() got an unexpected keyword argument 'onset'
INFO:faster_whisper:Processing audio with duration 00:03.800
ERROR:root:[ERROR]: Failed to transcribe audio chunk: VadOptions.__init__() got an unexpected keyword argument 'onset'
INFO:faster_whisper:Processing audio with duration 00:03.850
ERROR:root:[ERROR]: Failed to transcribe audio chunk: VadOptions.__init__() got an unexpected keyword argument 'onset'
INFO:faster_whisper:Processing audio with duration 00:03.850
ERROR:root:[ERROR]: Failed to transcribe audio chunk: VadOptions.__init__() got an unexpected keyword argument 'onset'
INFO:faster_whisper:Processing audio with duration 00:03.850
ERROR:root:[ERROR]: Failed to transcribe audio chunk: VadOptions.__init__() got an unexpected keyword argument 'onset'
INFO:faster_whisper:Processing audio with duration 00:03.850
ERROR:root:[ERROR]: Failed to transcribe audio chunk: VadOptions.__init__() got an unexpected keyword argument 'onset'
INFO:faster_whisper:Processing audio with duration 00:03.850
ERROR:root:[ERROR]: Failed to transcribe audio chunk: VadOptions.__init__() got an unexpected keyword argument 'onset'
INFO:faster_whisper:Processing audio with duration 00:03.900
ERROR:root:[ERROR]: Failed to transcribe audio chunk: VadOptions.__init__() got an unexpected keyword argument 'onset'
INFO:faster_whisper:Processing audio with duration 00:03.900
ERROR:root:[ERROR]: Failed to transcribe audio chunk: VadOptions.__init__() got an unexpected keyword argument 'onset'
INFO:faster_whisper:Processing audio with duration 00:03.900
ERROR:root:[ERROR]: Failed to transcribe audio chunk: VadOptions.__init__() got an unexpected keyword argument 'onset'
INFO:faster_whisper:Processing audio with duration 00:03.900
ERROR:root:[ERROR]: Failed to transcribe audio chunk: VadOptions.__init__() got an unexpected keyword argument 'onset'
INFO:faster_whisper:Processing audio with duration 00:03.900
ERROR:root:[ERROR]: Failed to transcribe audio chunk: VadOptions.__init__() got an unexpected keyword argument 'onset'
INFO:faster_whisper:Processing audio with duration 00:03.950
ERROR:root:[ERROR]: Failed to transcribe audio chunk: VadOptions.__init__() got an unexpected keyword argument 'onset'
INFO:faster_whisper:Processing audio with duration 00:03.950
ERROR:root:[ERROR]: Failed to transcribe audio chunk: VadOptions.__init__() got an unexpected keyword argument 'onset'
INFO:faster_whisper:Processing audio with duration 00:03.950
ERROR:root:[ERROR]: Failed to transcribe audio chunk: VadOptions.__init__() got an unexpected keyword argument 'onset'
INFO:faster_whisper:Processing audio with duration 00:03.950
ERROR:root:[ERROR]: Failed to transcribe audio chunk: VadOptions.__init__() got an unexpected keyword argument 'onset'
INFO:faster_whisper:Processing audio with duration 00:04.000
ERROR:root:[ERROR]: Failed to transcribe audio chunk: VadOptions.__init__() got an unexpected keyword argument 'onset'
INFO:faster_whisper:Processing audio with duration 00:04.000
ERROR:root:[ERROR]: Failed to transcribe audio chunk: VadOptions.__init__() got an unexpected keyword argument 'onset'
INFO:faster_whisper:Processing audio with duration 00:04.000
ERROR:root:[ERROR]: Failed to transcribe audio chunk: VadOptions.__init__() got an unexpected keyword argument 'onset'
INFO:faster_whisper:Processing audio with duration 00:04.000
ERROR:root:[ERROR]: Failed to transcribe audio chunk: VadOptions.__init__() got an unexpected keyword argument 'onset'
INFO:faster_whisper:Processing audio with duration 00:04.000
ERROR:root:[ERROR]: Failed to transcribe audio chunk: VadOptions.__init__() got an unexpected keyword argument 'onset'
INFO:faster_whisper:Processing audio with duration 00:04.050
ERROR:root:[ERROR]: Failed to transcribe audio chunk: VadOptions.__init__() got an unexpected keyword argument 'onset'
INFO:faster_whisper:Processing audio with duration 00:04.050
ERROR:root:[ERROR]: Failed to transcribe audio chunk: VadOptions.__init__() got an unexpected keyword argument 'onset'
INFO:faster_whisper:Processing audio with duration 00:04.050
ERROR:root:[ERROR]: Failed to transcribe audio chunk: VadOptions.__init__() got an unexpected keyword argument 'onset'
INFO:faster_whisper:Processing audio with duration 00:04.050
ERROR:root:[ERROR]: Failed to transcribe audio chunk: VadOptions.__init__() got an unexpected keyword argument 'onset'
INFO:faster_whisper:Processing audio with duration 00:04.050
ERROR:root:[ERROR]: Failed to transcribe audio chunk: VadOptions.__init__() got an unexpected keyword argument 'onset'
INFO:faster_whisper:Processing audio with duration 00:04.100
ERROR:root:[ERROR]: Failed to transcribe audio chunk: VadOptions.__init__() got an unexpected keyword argument 'onset'
INFO:faster_whisper:Processing audio with duration 00:04.100
ERROR:root:[ERROR]: Failed to transcribe audio chunk: VadOptions.__init__() got an unexpected keyword argument 'onset'
INFO:faster_whisper:Processing audio with duration 00:04.100
ERROR:root:[ERROR]: Failed to transcribe audio chunk: VadOptions.__init__() got an unexpected keyword argument 'onset'
INFO:faster_whisper:Processing audio with duration 00:04.100
ERROR:root:[ERROR]: Failed to transcribe audio chunk: VadOptions.__init__() got an unexpected keyword argument 'onset'
INFO:faster_whisper:Processing audio with duration 00:04.100
ERROR:root:[ERROR]: Failed to transcribe audio chunk: VadOptions.__init__() got an unexpected keyword argument 'onset'
INFO:faster_whisper:Processing audio with duration 00:04.150
ERROR:root:[ERROR]: Failed to transcribe audio chunk: VadOptions.__init__() got an unexpected keyword argument 'onset'
INFO:faster_whisper:Processing audio with duration 00:04.150
ERROR:root:[ERROR]: Failed to transcribe audio chunk: VadOptions.__init__() got an unexpected keyword argument 'onset'
INFO:faster_whisper:Processing audio with duration 00:04.150
ERROR:root:[ERROR]: Failed to transcribe audio chunk: VadOptions.__init__() got an unexpected keyword argument 'onset'
INFO:faster_whisper:Processing audio with duration 00:04.150
ERROR:root:[ERROR]: Failed to transcribe audio chunk: VadOptions.__init__() got an unexpected keyword argument 'onset'
INFO:faster_whisper:Processing audio with duration 00:04.200
ERROR:root:[ERROR]: Failed to transcribe audio chunk: VadOptions.__init__() got an unexpected keyword argument 'onset'
INFO:faster_whisper:Processing audio with duration 00:04.200
ERROR:root:[ERROR]: Failed to transcribe audio chunk: VadOptions.__init__() got an unexpected keyword argument 'onset'
INFO:faster_whisper:Processing audio with duration 00:04.200
ERROR:root:[ERROR]: Failed to transcribe audio chunk: VadOptions.__init__() got an unexpected keyword argument 'onset'
INFO:faster_whisper:Processing audio with duration 00:04.200
ERROR:root:[ERROR]: Failed to transcribe audio chunk: VadOptions.__init__() got an unexpected keyword argument 'onset'
INFO:faster_whisper:Processing audio with duration 00:04.200
ERROR:root:[ERROR]: Failed to transcribe audio chunk: VadOptions.__init__() got an unexpected keyword argument 'onset'
INFO:faster_whisper:Processing audio with duration 00:04.250
ERROR:root:[ERROR]: Failed to transcribe audio chunk: VadOptions.__init__() got an unexpected keyword argument 'onset'
INFO:faster_whisper:Processing audio with duration 00:04.250
ERROR:root:[ERROR]: Failed to transcribe audio chunk: VadOptions.__init__() got an unexpected keyword argument 'onset'
INFO:faster_whisper:Processing audio with duration 00:04.250
ERROR:root:[ERROR]: Failed to transcribe audio chunk: VadOptions.__init__() got an unexpected keyword argument 'onset'
INFO:faster_whisper:Processing audio with duration 00:04.250
ERROR:root:[ERROR]: Failed to transcribe audio chunk: VadOptions.__init__() got an unexpected keyword argument 'onset'
INFO:faster_whisper:Processing audio with duration 00:04.250
ERROR:root:[ERROR]: Failed to transcribe audio chunk: VadOptions.__init__() got an unexpected keyword argument 'onset'
INFO:faster_whisper:Processing audio with duration 00:04.300
ERROR:root:[ERROR]: Failed to transcribe audio chunk: VadOptions.__init__() got an unexpected keyword argument 'onset'
INFO:faster_whisper:Processing audio with duration 00:04.300
ERROR:root:[ERROR]: Failed to transcribe audio chunk: VadOptions.__init__() got an unexpected keyword argument 'onset'
INFO:faster_whisper:Processing audio with duration 00:04.300
ERROR:root:[ERROR]: Failed to transcribe audio chunk: VadOptions.__init__() got an unexpected keyword argument 'onset'
INFO:faster_whisper:Processing audio with duration 00:04.300
ERROR:root:[ERROR]: Failed to transcribe audio chunk: VadOptions.__init__() got an unexpected keyword argument 'onset'
INFO:faster_whisper:Processing audio with duration 00:04.300
ERROR:root:[ERROR]: Failed to transcribe audio chunk: VadOptions.__init__() got an unexpected keyword argument 'onset'
INFO:faster_whisper:Processing audio with duration 00:04.350
ERROR:root:[ERROR]: Failed to transcribe audio chunk: VadOptions.__init__() got an unexpected keyword argument 'onset'
INFO:faster_whisper:Processing audio with duration 00:04.350
ERROR:root:[ERROR]: Failed to transcribe audio chunk: VadOptions.__init__() got an unexpected keyword argument 'onset'
INFO:faster_whisper:Processing audio with duration 00:04.350
ERROR:root:[ERROR]: Failed to transcribe audio chunk: VadOptions.__init__() got an unexpected keyword argument 'onset'
INFO:faster_whisper:Processing audio with duration 00:04.350
ERROR:root:[ERROR]: Failed to transcribe audio chunk: VadOptions.__init__() got an unexpected keyword argument 'onset'
INFO:faster_whisper:Processing audio with duration 00:04.400
ERROR:root:[ERROR]: Failed to transcribe audio chunk: VadOptions.__init__() got an unexpected keyword argument 'onset'
INFO:faster_whisper:Processing audio with duration 00:04.400
ERROR:root:[ERROR]: Failed to transcribe audio chunk: VadOptions.__init__() got an unexpected keyword argument 'onset'
INFO:faster_whisper:Processing audio with duration 00:04.400
ERROR:root:[ERROR]: Failed to transcribe audio chunk: VadOptions.__init__() got an unexpected keyword argument 'onset'
INFO:faster_whisper:Processing audio with duration 00:04.400
ERROR:root:[ERROR]: Failed to transcribe audio chunk: VadOptions.__init__() got an unexpected keyword argument 'onset'
INFO:faster_whisper:Processing audio with duration 00:04.400
ERROR:root:[ERROR]: Failed to transcribe audio chunk: VadOptions.__init__() got an unexpected keyword argument 'onset'
INFO:faster_whisper:Processing audio with duration 00:04.450
ERROR:root:[ERROR]: Failed to transcribe audio chunk: VadOptions.__init__() got an unexpected keyword argument 'onset'
INFO:faster_whisper:Processing audio with duration 00:04.450
ERROR:root:[ERROR]: Failed to transcribe audio chunk: VadOptions.__init__() got an unexpected keyword argument 'onset'
INFO:faster_whisper:Processing audio with duration 00:04.450
ERROR:root:[ERROR]: Failed to transcribe audio chunk: VadOptions.__init__() got an unexpected keyword argument 'onset'
INFO:faster_whisper:Processing audio with duration 00:04.450
ERROR:root:[ERROR]: Failed to transcribe audio chunk: VadOptions.__init__() got an unexpected keyword argument 'onset'
INFO:faster_whisper:Processing audio with duration 00:04.500
ERROR:root:[ERROR]: Failed to transcribe audio chunk: VadOptions.__init__() got an unexpected keyword argument 'onset'
INFO:faster_whisper:Processing audio with duration 00:04.500
ERROR:root:[ERROR]: Failed to transcribe audio chunk: VadOptions.__init__() got an unexpected keyword argument 'onset'
INFO:faster_whisper:Processing audio with duration 00:04.500
ERROR:root:[ERROR]: Failed to transcribe audio chunk: VadOptions.__init__() got an unexpected keyword argument 'onset'
INFO:faster_whisper:Processing audio with duration 00:04.500
ERROR:root:[ERROR]: Failed to transcribe audio chunk: VadOptions.__init__() got an unexpected keyword argument 'onset'
INFO:faster_whisper:Processing audio with duration 00:04.500
ERROR:root:[ERROR]: Failed to transcribe audio chunk: VadOptions.__init__() got an unexpected keyword argument 'onset'
INFO:faster_whisper:Processing audio with duration 00:04.550
ERROR:root:[ERROR]: Failed to transcribe audio chunk: VadOptions.__init__() got an unexpected keyword argument 'onset'
INFO:faster_whisper:Processing audio with duration 00:04.550
ERROR:root:[ERROR]: Failed to transcribe audio chunk: VadOptions.__init__() got an unexpected keyword argument 'onset'
INFO:faster_whisper:Processing audio with duration 00:04.550
ERROR:root:[ERROR]: Failed to transcribe audio chunk: VadOptions.__init__() got an unexpected keyword argument 'onset'
INFO:faster_whisper:Processing audio with duration 00:04.550
ERROR:root:[ERROR]: Failed to transcribe audio chunk: VadOptions.__init__() got an unexpected keyword argument 'onset'
INFO:faster_whisper:Processing audio with duration 00:04.550
ERROR:root:[ERROR]: Failed to transcribe audio chunk: VadOptions.__init__() got an unexpected keyword argument 'onset'
INFO:faster_whisper:Processing audio with duration 00:04.600
ERROR:root:[ERROR]: Failed to transcribe audio chunk: VadOptions.__init__() got an unexpected keyword argument 'onset'
INFO:faster_whisper:Processing audio with duration 00:04.600
ERROR:root:[ERROR]: Failed to transcribe audio chunk: VadOptions.__init__() got an unexpected keyword argument 'onset'
INFO:faster_whisper:Processing audio with duration 00:04.600
ERROR:root:[ERROR]: Failed to transcribe audio chunk: VadOptions.__init__() got an unexpected keyword argument 'onset'
INFO:faster_whisper:Processing audio with duration 00:04.600
ERROR:root:[ERROR]: Failed to transcribe audio chunk: VadOptions.__init__() got an unexpected keyword argument 'onset'
INFO:faster_whisper:Processing audio with duration 00:04.650
ERROR:root:[ERROR]: Failed to transcribe audio chunk: VadOptions.__init__() got an unexpected keyword argument 'onset'
INFO:faster_whisper:Processing audio with duration 00:04.650
ERROR:root:[ERROR]: Failed to transcribe audio chunk: VadOptions.__init__() got an unexpected keyword argument 'onset'
INFO:faster_whisper:Processing audio with duration 00:04.650
ERROR:root:[ERROR]: Failed to transcribe audio chunk: VadOptions.__init__() got an unexpected keyword argument 'onset'
INFO:faster_whisper:Processing audio with duration 00:04.650
ERROR:root:[ERROR]: Failed to transcribe audio chunk: VadOptions.__init__() got an unexpected keyword argument 'onset'
INFO:faster_whisper:Processing audio with duration 00:04.650
ERROR:root:[ERROR]: Failed to transcribe audio chunk: VadOptions.__init__() got an unexpected keyword argument 'onset'
INFO:faster_whisper:Processing audio with duration 00:04.700
ERROR:root:[ERROR]: Failed to transcribe audio chunk: VadOptions.__init__() got an unexpected keyword argument 'onset'
INFO:faster_whisper:Processing audio with duration 00:04.700
ERROR:root:[ERROR]: Failed to transcribe audio chunk: VadOptions.__init__() got an unexpected keyword argument 'onset'
INFO:faster_whisper:Processing audio with duration 00:04.700
ERROR:root:[ERROR]: Failed to transcribe audio chunk: VadOptions.__init__() got an unexpected keyword argument 'onset'
INFO:faster_whisper:Processing audio with duration 00:04.700
ERROR:root:[ERROR]: Failed to transcribe audio chunk: VadOptions.__init__() got an unexpected keyword argument 'onset'
INFO:faster_whisper:Processing audio with duration 00:04.700
ERROR:root:[ERROR]: Failed to transcribe audio chunk: VadOptions.__init__() got an unexpected keyword argument 'onset'
INFO:faster_whisper:Processing audio with duration 00:04.750
ERROR:root:[ERROR]: Failed to transcribe audio chunk: VadOptions.__init__() got an unexpected keyword argument 'onset'
INFO:faster_whisper:Processing audio with duration 00:04.750
ERROR:root:[ERROR]: Failed to transcribe audio chunk: VadOptions.__init__() got an unexpected keyword argument 'onset'
INFO:faster_whisper:Processing audio with duration 00:04.750
ERROR:root:[ERROR]: Failed to transcribe audio chunk: VadOptions.__init__() got an unexpected keyword argument 'onset'
INFO:faster_whisper:Processing audio with duration 00:04.750
ERROR:root:[ERROR]: Failed to transcribe audio chunk: VadOptions.__init__() got an unexpected keyword argument 'onset'
INFO:faster_whisper:Processing audio with duration 00:04.800
ERROR:root:[ERROR]: Failed to transcribe audio chunk: VadOptions.__init__() got an unexpected keyword argument 'onset'
INFO:faster_whisper:Processing audio with duration 00:04.800
ERROR:root:[ERROR]: Failed to transcribe audio chunk: VadOptions.__init__() got an unexpected keyword argument 'onset'
INFO:faster_whisper:Processing audio with duration 00:04.800
ERROR:root:[ERROR]: Failed to transcribe audio chunk: VadOptions.__init__() got an unexpected keyword argument 'onset'
INFO:faster_whisper:Processing audio with duration 00:04.800
ERROR:root:[ERROR]: Failed to transcribe audio chunk: VadOptions.__init__() got an unexpected keyword argument 'onset'
INFO:faster_whisper:Processing audio with duration 00:04.800
ERROR:root:[ERROR]: Failed to transcribe audio chunk: VadOptions.__init__() got an unexpected keyword argument 'onset'
INFO:faster_whisper:Processing audio with duration 00:04.850
ERROR:root:[ERROR]: Failed to transcribe audio chunk: VadOptions.__init__() got an unexpected keyword argument 'onset'
INFO:faster_whisper:Processing audio with duration 00:04.850
ERROR:root:[ERROR]: Failed to transcribe audio chunk: VadOptions.__init__() got an unexpected keyword argument 'onset'
INFO:faster_whisper:Processing audio with duration 00:04.850
ERROR:root:[ERROR]: Failed to transcribe audio chunk: VadOptions.__init__() got an unexpected keyword argument 'onset'
INFO:faster_whisper:Processing audio with duration 00:04.850
ERROR:root:[ERROR]: Failed to transcribe audio chunk: VadOptions.__init__() got an unexpected keyword argument 'onset'
INFO:faster_whisper:Processing audio with duration 00:04.900
ERROR:root:[ERROR]: Failed to transcribe audio chunk: VadOptions.__init__() got an unexpected keyword argument 'onset'
INFO:faster_whisper:Processing audio with duration 00:04.900
ERROR:root:[ERROR]: Failed to transcribe audio chunk: VadOptions.__init__() got an unexpected keyword argument 'onset'
INFO:faster_whisper:Processing audio with duration 00:04.900
ERROR:root:[ERROR]: Failed to transcribe audio chunk: VadOptions.__init__() got an unexpected keyword argument 'onset'
INFO:faster_whisper:Processing audio with duration 00:04.900
ERROR:root:[ERROR]: Failed to transcribe audio chunk: VadOptions.__init__() got an unexpected keyword argument 'onset'
INFO:faster_whisper:Processing audio with duration 00:04.900
ERROR:root:[ERROR]: Failed to transcribe audio chunk: VadOptions.__init__() got an unexpected keyword argument 'onset'
INFO:faster_whisper:Processing audio with duration 00:04.950
ERROR:root:[ERROR]: Failed to transcribe audio chunk: VadOptions.__init__() got an unexpected keyword argument 'onset'
INFO:faster_whisper:Processing audio with duration 00:04.950
ERROR:root:[ERROR]: Failed to transcribe audio chunk: VadOptions.__init__() got an unexpected keyword argument 'onset'
INFO:faster_whisper:Processing audio with duration 00:04.950
ERROR:root:[ERROR]: Failed to transcribe audio chunk: VadOptions.__init__() got an unexpected keyword argument 'onset'
INFO:faster_whisper:Processing audio with duration 00:04.950
ERROR:root:[ERROR]: Failed to transcribe audio chunk: VadOptions.__init__() got an unexpected keyword argument 'onset'
INFO:faster_whisper:Processing audio with duration 00:04.950
ERROR:root:[ERROR]: Failed to transcribe audio chunk: VadOptions.__init__() got an unexpected keyword argument 'onset'
INFO:faster_whisper:Processing audio with duration 00:05.000
ERROR:root:[ERROR]: Failed to transcribe audio chunk: VadOptions.__init__() got an unexpected keyword argument 'onset'
INFO:faster_whisper:Processing audio with duration 00:05.000
ERROR:root:[ERROR]: Failed to transcribe audio chunk: VadOptions.__init__() got an unexpected keyword argument 'onset'
INFO:faster_whisper:Processing audio with duration 00:05.000
ERROR:root:[ERROR]: Failed to transcribe audio chunk: VadOptions.__init__() got an unexpected keyword argument 'onset'
INFO:faster_whisper:Processing audio with duration 00:05.000
ERROR:root:[ERROR]: Failed to transcribe audio chunk: VadOptions.__init__() got an unexpected keyword argument 'onset'
INFO:faster_whisper:Processing audio with duration 00:05.050
ERROR:root:[ERROR]: Failed to transcribe audio chunk: VadOptions.__init__() got an unexpected keyword argument 'onset'
INFO:faster_whisper:Processing audio with duration 00:05.050
ERROR:root:[ERROR]: Failed to transcribe audio chunk: VadOptions.__init__() got an unexpected keyword argument 'onset'
INFO:faster_whisper:Processing audio with duration 00:05.050
ERROR:root:[ERROR]: Failed to transcribe audio chunk: VadOptions.__init__() got an unexpected keyword argument 'onset'
INFO:faster_whisper:Processing audio with duration 00:05.050
ERROR:root:[ERROR]: Failed to transcribe audio chunk: VadOptions.__init__() got an unexpected keyword argument 'onset'
INFO:faster_whisper:Processing audio with duration 00:05.050
ERROR:root:[ERROR]: Failed to transcribe audio chunk: VadOptions.__init__() got an unexpected keyword argument 'onset'
INFO:faster_whisper:Processing audio with duration 00:05.100
ERROR:root:[ERROR]: Failed to transcribe audio chunk: VadOptions.__init__() got an unexpected keyword argument 'onset'
INFO:faster_whisper:Processing audio with duration 00:05.100
ERROR:root:[ERROR]: Failed to transcribe audio chunk: VadOptions.__init__() got an unexpected keyword argument 'onset'
INFO:faster_whisper:Processing audio with duration 00:05.100
ERROR:root:[ERROR]: Failed to transcribe audio chunk: VadOptions.__init__() got an unexpected keyword argument 'onset'
INFO:faster_whisper:Processing audio with duration 00:05.100
ERROR:root:[ERROR]: Failed to transcribe audio chunk: VadOptions.__init__() got an unexpected keyword argument 'onset'
INFO:faster_whisper:Processing audio with duration 00:05.100
ERROR:root:[ERROR]: Failed to transcribe audio chunk: VadOptions.__init__() got an unexpected keyword argument 'onset'
INFO:faster_whisper:Processing audio with duration 00:05.150
ERROR:root:[ERROR]: Failed to transcribe audio chunk: VadOptions.__init__() got an unexpected keyword argument 'onset'
INFO:faster_whisper:Processing audio with duration 00:05.150
ERROR:root:[ERROR]: Failed to transcribe audio chunk: VadOptions.__init__() got an unexpected keyword argument 'onset'
INFO:faster_whisper:Processing audio with duration 00:05.150
ERROR:root:[ERROR]: Failed to transcribe audio chunk: VadOptions.__init__() got an unexpected keyword argument 'onset'
INFO:faster_whisper:Processing audio with duration 00:05.150
ERROR:root:[ERROR]: Failed to transcribe audio chunk: VadOptions.__init__() got an unexpected keyword argument 'onset'
INFO:faster_whisper:Processing audio with duration 00:05.200
ERROR:root:[ERROR]: Failed to transcribe audio chunk: VadOptions.__init__() got an unexpected keyword argument 'onset'
INFO:faster_whisper:Processing audio with duration 00:05.200
ERROR:root:[ERROR]: Failed to transcribe audio chunk: VadOptions.__init__() got an unexpected keyword argument 'onset'
INFO:faster_whisper:Processing audio with duration 00:05.200
ERROR:root:[ERROR]: Failed to transcribe audio chunk: VadOptions.__init__() got an unexpected keyword argument 'onset'
INFO:faster_whisper:Processing audio with duration 00:05.200
ERROR:root:[ERROR]: Failed to transcribe audio chunk: VadOptions.__init__() got an unexpected keyword argument 'onset'
INFO:faster_whisper:Processing audio with duration 00:05.200
ERROR:root:[ERROR]: Failed to transcribe audio chunk: VadOptions.__init__() got an unexpected keyword argument 'onset'
INFO:faster_whisper:Processing audio with duration 00:05.250
ERROR:root:[ERROR]: Failed to transcribe audio chunk: VadOptions.__init__() got an unexpected keyword argument 'onset'
INFO:faster_whisper:Processing audio with duration 00:05.250
ERROR:root:[ERROR]: Failed to transcribe audio chunk: VadOptions.__init__() got an unexpected keyword argument 'onset'
INFO:faster_whisper:Processing audio with duration 00:05.250
ERROR:root:[ERROR]: Failed to transcribe audio chunk: VadOptions.__init__() got an unexpected keyword argument 'onset'
INFO:faster_whisper:Processing audio with duration 00:05.250
ERROR:root:[ERROR]: Failed to transcribe audio chunk: VadOptions.__init__() got an unexpected keyword argument 'onset'
INFO:faster_whisper:Processing audio with duration 00:05.300
ERROR:root:[ERROR]: Failed to transcribe audio chunk: VadOptions.__init__() got an unexpected keyword argument 'onset'
INFO:faster_whisper:Processing audio with duration 00:05.300
ERROR:root:[ERROR]: Failed to transcribe audio chunk: VadOptions.__init__() got an unexpected keyword argument 'onset'
INFO:faster_whisper:Processing audio with duration 00:05.300
ERROR:root:[ERROR]: Failed to transcribe audio chunk: VadOptions.__init__() got an unexpected keyword argument 'onset'
INFO:faster_whisper:Processing audio with duration 00:05.300
ERROR:root:[ERROR]: Failed to transcribe audio chunk: VadOptions.__init__() got an unexpected keyword argument 'onset'
INFO:faster_whisper:Processing audio with duration 00:05.300
ERROR:root:[ERROR]: Failed to transcribe audio chunk: VadOptions.__init__() got an unexpected keyword argument 'onset'
INFO:faster_whisper:Processing audio with duration 00:05.350
ERROR:root:[ERROR]: Failed to transcribe audio chunk: VadOptions.__init__() got an unexpected keyword argument 'onset'
INFO:faster_whisper:Processing audio with duration 00:05.350
ERROR:root:[ERROR]: Failed to transcribe audio chunk: VadOptions.__init__() got an unexpected keyword argument 'onset'
INFO:faster_whisper:Processing audio with duration 00:05.350
ERROR:root:[ERROR]: Failed to transcribe audio chunk: VadOptions.__init__() got an unexpected keyword argument 'onset'
INFO:faster_whisper:Processing audio with duration 00:05.350
ERROR:root:[ERROR]: Failed to transcribe audio chunk: VadOptions.__init__() got an unexpected keyword argument 'onset'
INFO:faster_whisper:Processing audio with duration 00:05.400
ERROR:root:[ERROR]: Failed to transcribe audio chunk: VadOptions.__init__() got an unexpected keyword argument 'onset'
INFO:faster_whisper:Processing audio with duration 00:05.400
ERROR:root:[ERROR]: Failed to transcribe audio chunk: VadOptions.__init__() got an unexpected keyword argument 'onset'
INFO:faster_whisper:Processing audio with duration 00:05.400
ERROR:root:[ERROR]: Failed to transcribe audio chunk: VadOptions.__init__() got an unexpected keyword argument 'onset'
INFO:faster_whisper:Processing audio with duration 00:05.400
ERROR:root:[ERROR]: Failed to transcribe audio chunk: VadOptions.__init__() got an unexpected keyword argument 'onset'
INFO:faster_whisper:Processing audio with duration 00:05.400
ERROR:root:[ERROR]: Failed to transcribe audio chunk: VadOptions.__init__() got an unexpected keyword argument 'onset'
INFO:faster_whisper:Processing audio with duration 00:05.450
ERROR:root:[ERROR]: Failed to transcribe audio chunk: VadOptions.__init__() got an unexpected keyword argument 'onset'
INFO:faster_whisper:Processing audio with duration 00:05.450
ERROR:root:[ERROR]: Failed to transcribe audio chunk: VadOptions.__init__() got an unexpected keyword argument 'onset'
INFO:faster_whisper:Processing audio with duration 00:05.450
ERROR:root:[ERROR]: Failed to transcribe audio chunk: VadOptions.__init__() got an unexpected keyword argument 'onset'
INFO:faster_whisper:Processing audio with duration 00:05.450
ERROR:root:[ERROR]: Failed to transcribe audio chunk: VadOptions.__init__() got an unexpected keyword argument 'onset'
INFO:faster_whisper:Processing audio with duration 00:05.500
ERROR:root:[ERROR]: Failed to transcribe audio chunk: VadOptions.__init__() got an unexpected keyword argument 'onset'
INFO:faster_whisper:Processing audio with duration 00:05.500
ERROR:root:[ERROR]: Failed to transcribe audio chunk: VadOptions.__init__() got an unexpected keyword argument 'onset'
INFO:faster_whisper:Processing audio with duration 00:05.500
ERROR:root:[ERROR]: Failed to transcribe audio chunk: VadOptions.__init__() got an unexpected keyword argument 'onset'
INFO:faster_whisper:Processing audio with duration 00:05.500
ERROR:root:[ERROR]: Failed to transcribe audio chunk: VadOptions.__init__() got an unexpected keyword argument 'onset'
INFO:faster_whisper:Processing audio with duration 00:05.500
ERROR:root:[ERROR]: Failed to transcribe audio chunk: VadOptions.__init__() got an unexpected keyword argument 'onset'
INFO:faster_whisper:Processing audio with duration 00:05.550
ERROR:root:[ERROR]: Failed to transcribe audio chunk: VadOptions.__init__() got an unexpected keyword argument 'onset'
INFO:faster_whisper:Processing audio with duration 00:05.550
ERROR:root:[ERROR]: Failed to transcribe audio chunk: VadOptions.__init__() got an unexpected keyword argument 'onset'
INFO:faster_whisper:Processing audio with duration 00:05.550
ERROR:root:[ERROR]: Failed to transcribe audio chunk: VadOptions.__init__() got an unexpected keyword argument 'onset'
INFO:faster_whisper:Processing audio with duration 00:05.550
ERROR:root:[ERROR]: Failed to transcribe audio chunk: VadOptions.__init__() got an unexpected keyword argument 'onset'
INFO:faster_whisper:Processing audio with duration 00:05.550
ERROR:root:[ERROR]: Failed to transcribe audio chunk: VadOptions.__init__() got an unexpected keyword argument 'onset'
INFO:faster_whisper:Processing audio with duration 00:05.600
ERROR:root:[ERROR]: Failed to transcribe audio chunk: VadOptions.__init__() got an unexpected keyword argument 'onset'
INFO:faster_whisper:Processing audio with duration 00:05.600
ERROR:root:[ERROR]: Failed to transcribe audio chunk: VadOptions.__init__() got an unexpected keyword argument 'onset'
INFO:faster_whisper:Processing audio with duration 00:05.600
ERROR:root:[ERROR]: Failed to transcribe audio chunk: VadOptions.__init__() got an unexpected keyword argument 'onset'
INFO:faster_whisper:Processing audio with duration 00:05.600
ERROR:root:[ERROR]: Failed to transcribe audio chunk: VadOptions.__init__() got an unexpected keyword argument 'onset'
INFO:faster_whisper:Processing audio with duration 00:05.650
ERROR:root:[ERROR]: Failed to transcribe audio chunk: VadOptions.__init__() got an unexpected keyword argument 'onset'
INFO:faster_whisper:Processing audio with duration 00:05.650
ERROR:root:[ERROR]: Failed to transcribe audio chunk: VadOptions.__init__() got an unexpected keyword argument 'onset'
INFO:faster_whisper:Processing audio with duration 00:05.650
ERROR:root:[ERROR]: Failed to transcribe audio chunk: VadOptions.__init__() got an unexpected keyword argument 'onset'
INFO:faster_whisper:Processing audio with duration 00:05.650
ERROR:root:[ERROR]: Failed to transcribe audio chunk: VadOptions.__init__() got an unexpected keyword argument 'onset'
INFO:faster_whisper:Processing audio with duration 00:05.650
ERROR:root:[ERROR]: Failed to transcribe audio chunk: VadOptions.__init__() got an unexpected keyword argument 'onset'
INFO:faster_whisper:Processing audio with duration 00:05.700
ERROR:root:[ERROR]: Failed to transcribe audio chunk: VadOptions.__init__() got an unexpected keyword argument 'onset'
INFO:faster_whisper:Processing audio with duration 00:05.700
ERROR:root:[ERROR]: Failed to transcribe audio chunk: VadOptions.__init__() got an unexpected keyword argument 'onset'
INFO:faster_whisper:Processing audio with duration 00:05.700
ERROR:root:[ERROR]: Failed to transcribe audio chunk: VadOptions.__init__() got an unexpected keyword argument 'onset'
INFO:faster_whisper:Processing audio with duration 00:05.700
ERROR:root:[ERROR]: Failed to transcribe audio chunk: VadOptions.__init__() got an unexpected keyword argument 'onset'
INFO:faster_whisper:Processing audio with duration 00:05.700
ERROR:root:[ERROR]: Failed to transcribe audio chunk: VadOptions.__init__() got an unexpected keyword argument 'onset'
INFO:faster_whisper:Processing audio with duration 00:05.750
ERROR:root:[ERROR]: Failed to transcribe audio chunk: VadOptions.__init__() got an unexpected keyword argument 'onset'
INFO:faster_whisper:Processing audio with duration 00:05.750
ERROR:root:[ERROR]: Failed to transcribe audio chunk: VadOptions.__init__() got an unexpected keyword argument 'onset'
INFO:faster_whisper:Processing audio with duration 00:05.750
ERROR:root:[ERROR]: Failed to transcribe audio chunk: VadOptions.__init__() got an unexpected keyword argument 'onset'
INFO:faster_whisper:Processing audio with duration 00:05.750
ERROR:root:[ERROR]: Failed to transcribe audio chunk: VadOptions.__init__() got an unexpected keyword argument 'onset'
INFO:faster_whisper:Processing audio with duration 00:05.750
ERROR:root:[ERROR]: Failed to transcribe audio chunk: VadOptions.__init__() got an unexpected keyword argument 'onset'
INFO:faster_whisper:Processing audio with duration 00:05.800
ERROR:root:[ERROR]: Failed to transcribe audio chunk: VadOptions.__init__() got an unexpected keyword argument 'onset'
INFO:faster_whisper:Processing audio with duration 00:05.800
ERROR:root:[ERROR]: Failed to transcribe audio chunk: VadOptions.__init__() got an unexpected keyword argument 'onset'
INFO:faster_whisper:Processing audio with duration 00:05.800
ERROR:root:[ERROR]: Failed to transcribe audio chunk: VadOptions.__init__() got an unexpected keyword argument 'onset'
INFO:faster_whisper:Processing audio with duration 00:05.800
ERROR:root:[ERROR]: Failed to transcribe audio chunk: VadOptions.__init__() got an unexpected keyword argument 'onset'
INFO:faster_whisper:Processing audio with duration 00:05.850
ERROR:root:[ERROR]: Failed to transcribe audio chunk: VadOptions.__init__() got an unexpected keyword argument 'onset'
INFO:faster_whisper:Processing audio with duration 00:05.850
ERROR:root:[ERROR]: Failed to transcribe audio chunk: VadOptions.__init__() got an unexpected keyword argument 'onset'
INFO:faster_whisper:Processing audio with duration 00:05.850
ERROR:root:[ERROR]: Failed to transcribe audio chunk: VadOptions.__init__() got an unexpected keyword argument 'onset'
INFO:faster_whisper:Processing audio with duration 00:05.850
ERROR:root:[ERROR]: Failed to transcribe audio chunk: VadOptions.__init__() got an unexpected keyword argument 'onset'
INFO:faster_whisper:Processing audio with duration 00:05.850
ERROR:root:[ERROR]: Failed to transcribe audio chunk: VadOptions.__init__() got an unexpected keyword argument 'onset'
INFO:faster_whisper:Processing audio with duration 00:05.900
ERROR:root:[ERROR]: Failed to transcribe audio chunk: VadOptions.__init__() got an unexpected keyword argument 'onset'
INFO:faster_whisper:Processing audio with duration 00:05.900
ERROR:root:[ERROR]: Failed to transcribe audio chunk: VadOptions.__init__() got an unexpected keyword argument 'onset'
INFO:faster_whisper:Processing audio with duration 00:05.900
ERROR:root:[ERROR]: Failed to transcribe audio chunk: VadOptions.__init__() got an unexpected keyword argument 'onset'
INFO:faster_whisper:Processing audio with duration 00:05.900
ERROR:root:[ERROR]: Failed to transcribe audio chunk: VadOptions.__init__() got an unexpected keyword argument 'onset'
INFO:faster_whisper:Processing audio with duration 00:05.900
ERROR:root:[ERROR]: Failed to transcribe audio chunk: VadOptions.__init__() got an unexpected keyword argument 'onset'
INFO:faster_whisper:Processing audio with duration 00:05.950
ERROR:root:[ERROR]: Failed to transcribe audio chunk: VadOptions.__init__() got an unexpected keyword argument 'onset'
INFO:faster_whisper:Processing audio with duration 00:05.950
ERROR:root:[ERROR]: Failed to transcribe audio chunk: VadOptions.__init__() got an unexpected keyword argument 'onset'
INFO:faster_whisper:Processing audio with duration 00:05.950
ERROR:root:[ERROR]: Failed to transcribe audio chunk: VadOptions.__init__() got an unexpected keyword argument 'onset'
INFO:faster_whisper:Processing audio with duration 00:05.950
ERROR:root:[ERROR]: Failed to transcribe audio chunk: VadOptions.__init__() got an unexpected keyword argument 'onset'
INFO:faster_whisper:Processing audio with duration 00:05.950
ERROR:root:[ERROR]: Failed to transcribe audio chunk: VadOptions.__init__() got an unexpected keyword argument 'onset'
INFO:faster_whisper:Processing audio with duration 00:06.000
ERROR:root:[ERROR]: Failed to transcribe audio chunk: VadOptions.__init__() got an unexpected keyword argument 'onset'
INFO:faster_whisper:Processing audio with duration 00:06.000
ERROR:root:[ERROR]: Failed to transcribe audio chunk: VadOptions.__init__() got an unexpected keyword argument 'onset'
INFO:faster_whisper:Processing audio with duration 00:06.000
ERROR:root:[ERROR]: Failed to transcribe audio chunk: VadOptions.__init__() got an unexpected keyword argument 'onset'
INFO:faster_whisper:Processing audio with duration 00:06.000
ERROR:root:[ERROR]: Failed to transcribe audio chunk: VadOptions.__init__() got an unexpected keyword argument 'onset'
INFO:faster_whisper:Processing audio with duration 00:06.050
ERROR:root:[ERROR]: Failed to transcribe audio chunk: VadOptions.__init__() got an unexpected keyword argument 'onset'
INFO:faster_whisper:Processing audio with duration 00:06.050
ERROR:root:[ERROR]: Failed to transcribe audio chunk: VadOptions.__init__() got an unexpected keyword argument 'onset'
INFO:faster_whisper:Processing audio with duration 00:06.050
ERROR:root:[ERROR]: Failed to transcribe audio chunk: VadOptions.__init__() got an unexpected keyword argument 'onset'
INFO:faster_whisper:Processing audio with duration 00:06.050
ERROR:root:[ERROR]: Failed to transcribe audio chunk: VadOptions.__init__() got an unexpected keyword argument 'onset'
INFO:faster_whisper:Processing audio with duration 00:06.050
ERROR:root:[ERROR]: Failed to transcribe audio chunk: VadOptions.__init__() got an unexpected keyword argument 'onset'
INFO:faster_whisper:Processing audio with duration 00:06.100
ERROR:root:[ERROR]: Failed to transcribe audio chunk: VadOptions.__init__() got an unexpected keyword argument 'onset'
INFO:faster_whisper:Processing audio with duration 00:06.100
ERROR:root:[ERROR]: Failed to transcribe audio chunk: VadOptions.__init__() got an unexpected keyword argument 'onset'
INFO:faster_whisper:Processing audio with duration 00:06.100
ERROR:root:[ERROR]: Failed to transcribe audio chunk: VadOptions.__init__() got an unexpected keyword argument 'onset'
INFO:faster_whisper:Processing audio with duration 00:06.100
ERROR:root:[ERROR]: Failed to transcribe audio chunk: VadOptions.__init__() got an unexpected keyword argument 'onset'
INFO:faster_whisper:Processing audio with duration 00:06.100
ERROR:root:[ERROR]: Failed to transcribe audio chunk: VadOptions.__init__() got an unexpected keyword argument 'onset'
INFO:faster_whisper:Processing audio with duration 00:06.150
ERROR:root:[ERROR]: Failed to transcribe audio chunk: VadOptions.__init__() got an unexpected keyword argument 'onset'
INFO:faster_whisper:Processing audio with duration 00:06.150
ERROR:root:[ERROR]: Failed to transcribe audio chunk: VadOptions.__init__() got an unexpected keyword argument 'onset'
INFO:faster_whisper:Processing audio with duration 00:06.150
ERROR:root:[ERROR]: Failed to transcribe audio chunk: VadOptions.__init__() got an unexpected keyword argument 'onset'
INFO:faster_whisper:Processing audio with duration 00:06.150
ERROR:root:[ERROR]: Failed to transcribe audio chunk: VadOptions.__init__() got an unexpected keyword argument 'onset'
INFO:faster_whisper:Processing audio with duration 00:06.150
ERROR:root:[ERROR]: Failed to transcribe audio chunk: VadOptions.__init__() got an unexpected keyword argument 'onset'
INFO:faster_whisper:Processing audio with duration 00:06.200
ERROR:root:[ERROR]: Failed to transcribe audio chunk: VadOptions.__init__() got an unexpected keyword argument 'onset'
INFO:faster_whisper:Processing audio with duration 00:06.200
ERROR:root:[ERROR]: Failed to transcribe audio chunk: VadOptions.__init__() got an unexpected keyword argument 'onset'
INFO:faster_whisper:Processing audio with duration 00:06.200
ERROR:root:[ERROR]: Failed to transcribe audio chunk: VadOptions.__init__() got an unexpected keyword argument 'onset'
INFO:faster_whisper:Processing audio with duration 00:06.200
ERROR:root:[ERROR]: Failed to transcribe audio chunk: VadOptions.__init__() got an unexpected keyword argument 'onset'
INFO:faster_whisper:Processing audio with duration 00:06.250
ERROR:root:[ERROR]: Failed to transcribe audio chunk: VadOptions.__init__() got an unexpected keyword argument 'onset'
INFO:faster_whisper:Processing audio with duration 00:06.250
ERROR:root:[ERROR]: Failed to transcribe audio chunk: VadOptions.__init__() got an unexpected keyword argument 'onset'
INFO:faster_whisper:Processing audio with duration 00:06.250
ERROR:root:[ERROR]: Failed to transcribe audio chunk: VadOptions.__init__() got an unexpected keyword argument 'onset'
INFO:faster_whisper:Processing audio with duration 00:06.250
ERROR:root:[ERROR]: Failed to transcribe audio chunk: VadOptions.__init__() got an unexpected keyword argument 'onset'
INFO:faster_whisper:Processing audio with duration 00:06.250
ERROR:root:[ERROR]: Failed to transcribe audio chunk: VadOptions.__init__() got an unexpected keyword argument 'onset'
INFO:faster_whisper:Processing audio with duration 00:06.300
ERROR:root:[ERROR]: Failed to transcribe audio chunk: VadOptions.__init__() got an unexpected keyword argument 'onset'
INFO:faster_whisper:Processing audio with duration 00:06.300
ERROR:root:[ERROR]: Failed to transcribe audio chunk: VadOptions.__init__() got an unexpected keyword argument 'onset'
INFO:faster_whisper:Processing audio with duration 00:06.300
ERROR:root:[ERROR]: Failed to transcribe audio chunk: VadOptions.__init__() got an unexpected keyword argument 'onset'
INFO:faster_whisper:Processing audio with duration 00:06.300
ERROR:root:[ERROR]: Failed to transcribe audio chunk: VadOptions.__init__() got an unexpected keyword argument 'onset'
INFO:faster_whisper:Processing audio with duration 00:06.300
ERROR:root:[ERROR]: Failed to transcribe audio chunk: VadOptions.__init__() got an unexpected keyword argument 'onset'
INFO:faster_whisper:Processing audio with duration 00:06.350
ERROR:root:[ERROR]: Failed to transcribe audio chunk: VadOptions.__init__() got an unexpected keyword argument 'onset'
INFO:faster_whisper:Processing audio with duration 00:06.350
ERROR:root:[ERROR]: Failed to transcribe audio chunk: VadOptions.__init__() got an unexpected keyword argument 'onset'
INFO:faster_whisper:Processing audio with duration 00:06.350
ERROR:root:[ERROR]: Failed to transcribe audio chunk: VadOptions.__init__() got an unexpected keyword argument 'onset'
INFO:faster_whisper:Processing audio with duration 00:06.350
ERROR:root:[ERROR]: Failed to transcribe audio chunk: VadOptions.__init__() got an unexpected keyword argument 'onset'
INFO:faster_whisper:Processing audio with duration 00:06.400
ERROR:root:[ERROR]: Failed to transcribe audio chunk: VadOptions.__init__() got an unexpected keyword argument 'onset'
INFO:faster_whisper:Processing audio with duration 00:06.400
ERROR:root:[ERROR]: Failed to transcribe audio chunk: VadOptions.__init__() got an unexpected keyword argument 'onset'
INFO:faster_whisper:Processing audio with duration 00:06.400
ERROR:root:[ERROR]: Failed to transcribe audio chunk: VadOptions.__init__() got an unexpected keyword argument 'onset'
INFO:faster_whisper:Processing audio with duration 00:06.400
ERROR:root:[ERROR]: Failed to transcribe audio chunk: VadOptions.__init__() got an unexpected keyword argument 'onset'
INFO:faster_whisper:Processing audio with duration 00:06.400
ERROR:root:[ERROR]: Failed to transcribe audio chunk: VadOptions.__init__() got an unexpected keyword argument 'onset'
INFO:faster_whisper:Processing audio with duration 00:06.450
ERROR:root:[ERROR]: Failed to transcribe audio chunk: VadOptions.__init__() got an unexpected keyword argument 'onset'
INFO:faster_whisper:Processing audio with duration 00:06.450
ERROR:root:[ERROR]: Failed to transcribe audio chunk: VadOptions.__init__() got an unexpected keyword argument 'onset'
INFO:faster_whisper:Processing audio with duration 00:06.450
ERROR:root:[ERROR]: Failed to transcribe audio chunk: VadOptions.__init__() got an unexpected keyword argument 'onset'
INFO:faster_whisper:Processing audio with duration 00:06.450
ERROR:root:[ERROR]: Failed to transcribe audio chunk: VadOptions.__init__() got an unexpected keyword argument 'onset'
INFO:faster_whisper:Processing audio with duration 00:06.450
ERROR:root:[ERROR]: Failed to transcribe audio chunk: VadOptions.__init__() got an unexpected keyword argument 'onset'
INFO:faster_whisper:Processing audio with duration 00:06.500
ERROR:root:[ERROR]: Failed to transcribe audio chunk: VadOptions.__init__() got an unexpected keyword argument 'onset'
INFO:faster_whisper:Processing audio with duration 00:06.500
ERROR:root:[ERROR]: Failed to transcribe audio chunk: VadOptions.__init__() got an unexpected keyword argument 'onset'
INFO:faster_whisper:Processing audio with duration 00:06.500
ERROR:root:[ERROR]: Failed to transcribe audio chunk: VadOptions.__init__() got an unexpected keyword argument 'onset'
INFO:faster_whisper:Processing audio with duration 00:06.500
ERROR:root:[ERROR]: Failed to transcribe audio chunk: VadOptions.__init__() got an unexpected keyword argument 'onset'
INFO:faster_whisper:Processing audio with duration 00:06.500
ERROR:root:[ERROR]: Failed to transcribe audio chunk: VadOptions.__init__() got an unexpected keyword argument 'onset'
INFO:faster_whisper:Processing audio with duration 00:06.550
ERROR:root:[ERROR]: Failed to transcribe audio chunk: VadOptions.__init__() got an unexpected keyword argument 'onset'
INFO:faster_whisper:Processing audio with duration 00:06.550
ERROR:root:[ERROR]: Failed to transcribe audio chunk: VadOptions.__init__() got an unexpected keyword argument 'onset'
INFO:faster_whisper:Processing audio with duration 00:06.550
ERROR:root:[ERROR]: Failed to transcribe audio chunk: VadOptions.__init__() got an unexpected keyword argument 'onset'
INFO:faster_whisper:Processing audio with duration 00:06.550
ERROR:root:[ERROR]: Failed to transcribe audio chunk: VadOptions.__init__() got an unexpected keyword argument 'onset'
INFO:faster_whisper:Processing audio with duration 00:06.600
ERROR:root:[ERROR]: Failed to transcribe audio chunk: VadOptions.__init__() got an unexpected keyword argument 'onset'
INFO:faster_whisper:Processing audio with duration 00:06.600
ERROR:root:[ERROR]: Failed to transcribe audio chunk: VadOptions.__init__() got an unexpected keyword argument 'onset'
INFO:faster_whisper:Processing audio with duration 00:06.600
ERROR:root:[ERROR]: Failed to transcribe audio chunk: VadOptions.__init__() got an unexpected keyword argument 'onset'
INFO:faster_whisper:Processing audio with duration 00:06.600
ERROR:root:[ERROR]: Failed to transcribe audio chunk: VadOptions.__init__() got an unexpected keyword argument 'onset'
INFO:faster_whisper:Processing audio with duration 00:06.600
ERROR:root:[ERROR]: Failed to transcribe audio chunk: VadOptions.__init__() got an unexpected keyword argument 'onset'
INFO:faster_whisper:Processing audio with duration 00:06.650
ERROR:root:[ERROR]: Failed to transcribe audio chunk: VadOptions.__init__() got an unexpected keyword argument 'onset'
INFO:faster_whisper:Processing audio with duration 00:06.650
ERROR:root:[ERROR]: Failed to transcribe audio chunk: VadOptions.__init__() got an unexpected keyword argument 'onset'
INFO:faster_whisper:Processing audio with duration 00:06.650
ERROR:root:[ERROR]: Failed to transcribe audio chunk: VadOptions.__init__() got an unexpected keyword argument 'onset'
INFO:faster_whisper:Processing audio with duration 00:06.650
ERROR:root:[ERROR]: Failed to transcribe audio chunk: VadOptions.__init__() got an unexpected keyword argument 'onset'
INFO:faster_whisper:Processing audio with duration 00:06.650
ERROR:root:[ERROR]: Failed to transcribe audio chunk: VadOptions.__init__() got an unexpected keyword argument 'onset'
INFO:faster_whisper:Processing audio with duration 00:06.700
ERROR:root:[ERROR]: Failed to transcribe audio chunk: VadOptions.__init__() got an unexpected keyword argument 'onset'
INFO:faster_whisper:Processing audio with duration 00:06.700
ERROR:root:[ERROR]: Failed to transcribe audio chunk: VadOptions.__init__() got an unexpected keyword argument 'onset'
INFO:faster_whisper:Processing audio with duration 00:06.700
ERROR:root:[ERROR]: Failed to transcribe audio chunk: VadOptions.__init__() got an unexpected keyword argument 'onset'
INFO:faster_whisper:Processing audio with duration 00:06.700
ERROR:root:[ERROR]: Failed to transcribe audio chunk: VadOptions.__init__() got an unexpected keyword argument 'onset'
INFO:faster_whisper:Processing audio with duration 00:06.700
ERROR:root:[ERROR]: Failed to transcribe audio chunk: VadOptions.__init__() got an unexpected keyword argument 'onset'
INFO:faster_whisper:Processing audio with duration 00:06.750
ERROR:root:[ERROR]: Failed to transcribe audio chunk: VadOptions.__init__() got an unexpected keyword argument 'onset'
INFO:faster_whisper:Processing audio with duration 00:06.750
ERROR:root:[ERROR]: Failed to transcribe audio chunk: VadOptions.__init__() got an unexpected keyword argument 'onset'
INFO:faster_whisper:Processing audio with duration 00:06.750
ERROR:root:[ERROR]: Failed to transcribe audio chunk: VadOptions.__init__() got an unexpected keyword argument 'onset'
INFO:faster_whisper:Processing audio with duration 00:06.750
ERROR:root:[ERROR]: Failed to transcribe audio chunk: VadOptions.__init__() got an unexpected keyword argument 'onset'
INFO:faster_whisper:Processing audio with duration 00:06.800
ERROR:root:[ERROR]: Failed to transcribe audio chunk: VadOptions.__init__() got an unexpected keyword argument 'onset'
INFO:faster_whisper:Processing audio with duration 00:06.800
ERROR:root:[ERROR]: Failed to transcribe audio chunk: VadOptions.__init__() got an unexpected keyword argument 'onset'
INFO:faster_whisper:Processing audio with duration 00:06.800
ERROR:root:[ERROR]: Failed to transcribe audio chunk: VadOptions.__init__() got an unexpected keyword argument 'onset'
INFO:faster_whisper:Processing audio with duration 00:06.800
ERROR:root:[ERROR]: Failed to transcribe audio chunk: VadOptions.__init__() got an unexpected keyword argument 'onset'
INFO:faster_whisper:Processing audio with duration 00:06.800
ERROR:root:[ERROR]: Failed to transcribe audio chunk: VadOptions.__init__() got an unexpected keyword argument 'onset'
INFO:faster_whisper:Processing audio with duration 00:06.850
ERROR:root:[ERROR]: Failed to transcribe audio chunk: VadOptions.__init__() got an unexpected keyword argument 'onset'
INFO:faster_whisper:Processing audio with duration 00:06.850
ERROR:root:[ERROR]: Failed to transcribe audio chunk: VadOptions.__init__() got an unexpected keyword argument 'onset'
INFO:faster_whisper:Processing audio with duration 00:06.850
ERROR:root:[ERROR]: Failed to transcribe audio chunk: VadOptions.__init__() got an unexpected keyword argument 'onset'
INFO:faster_whisper:Processing audio with duration 00:06.850
ERROR:root:[ERROR]: Failed to transcribe audio chunk: VadOptions.__init__() got an unexpected keyword argument 'onset'
INFO:faster_whisper:Processing audio with duration 00:06.900
ERROR:root:[ERROR]: Failed to transcribe audio chunk: VadOptions.__init__() got an unexpected keyword argument 'onset'
INFO:faster_whisper:Processing audio with duration 00:06.900
ERROR:root:[ERROR]: Failed to transcribe audio chunk: VadOptions.__init__() got an unexpected keyword argument 'onset'
INFO:faster_whisper:Processing audio with duration 00:06.900
ERROR:root:[ERROR]: Failed to transcribe audio chunk: VadOptions.__init__() got an unexpected keyword argument 'onset'
INFO:faster_whisper:Processing audio with duration 00:06.900
ERROR:root:[ERROR]: Failed to transcribe audio chunk: VadOptions.__init__() got an unexpected keyword argument 'onset'
INFO:faster_whisper:Processing audio with duration 00:06.900
ERROR:root:[ERROR]: Failed to transcribe audio chunk: VadOptions.__init__() got an unexpected keyword argument 'onset'
INFO:faster_whisper:Processing audio with duration 00:06.950
ERROR:root:[ERROR]: Failed to transcribe audio chunk: VadOptions.__init__() got an unexpected keyword argument 'onset'
INFO:faster_whisper:Processing audio with duration 00:06.950
ERROR:root:[ERROR]: Failed to transcribe audio chunk: VadOptions.__init__() got an unexpected keyword argument 'onset'
INFO:faster_whisper:Processing audio with duration 00:06.950
ERROR:root:[ERROR]: Failed to transcribe audio chunk: VadOptions.__init__() got an unexpected keyword argument 'onset'
INFO:faster_whisper:Processing audio with duration 00:06.950
ERROR:root:[ERROR]: Failed to transcribe audio chunk: VadOptions.__init__() got an unexpected keyword argument 'onset'
INFO:faster_whisper:Processing audio with duration 00:07.000
ERROR:root:[ERROR]: Failed to transcribe audio chunk: VadOptions.__init__() got an unexpected keyword argument 'onset'
INFO:faster_whisper:Processing audio with duration 00:07.000
ERROR:root:[ERROR]: Failed to transcribe audio chunk: VadOptions.__init__() got an unexpected keyword argument 'onset'
INFO:faster_whisper:Processing audio with duration 00:07.000
ERROR:root:[ERROR]: Failed to transcribe audio chunk: VadOptions.__init__() got an unexpected keyword argument 'onset'
INFO:faster_whisper:Processing audio with duration 00:07.000
ERROR:root:[ERROR]: Failed to transcribe audio chunk: VadOptions.__init__() got an unexpected keyword argument 'onset'
INFO:faster_whisper:Processing audio with duration 00:07.000
ERROR:root:[ERROR]: Failed to transcribe audio chunk: VadOptions.__init__() got an unexpected keyword argument 'onset'
INFO:faster_whisper:Processing audio with duration 00:07.050
ERROR:root:[ERROR]: Failed to transcribe audio chunk: VadOptions.__init__() got an unexpected keyword argument 'onset'
INFO:faster_whisper:Processing audio with duration 00:07.050
ERROR:root:[ERROR]: Failed to transcribe audio chunk: VadOptions.__init__() got an unexpected keyword argument 'onset'
INFO:faster_whisper:Processing audio with duration 00:07.050
ERROR:root:[ERROR]: Failed to transcribe audio chunk: VadOptions.__init__() got an unexpected keyword argument 'onset'
INFO:faster_whisper:Processing audio with duration 00:07.050
ERROR:root:[ERROR]: Failed to transcribe audio chunk: VadOptions.__init__() got an unexpected keyword argument 'onset'
INFO:faster_whisper:Processing audio with duration 00:07.100
ERROR:root:[ERROR]: Failed to transcribe audio chunk: VadOptions.__init__() got an unexpected keyword argument 'onset'
INFO:faster_whisper:Processing audio with duration 00:07.100
ERROR:root:[ERROR]: Failed to transcribe audio chunk: VadOptions.__init__() got an unexpected keyword argument 'onset'
INFO:faster_whisper:Processing audio with duration 00:07.100
ERROR:root:[ERROR]: Failed to transcribe audio chunk: VadOptions.__init__() got an unexpected keyword argument 'onset'
INFO:faster_whisper:Processing audio with duration 00:07.100
ERROR:root:[ERROR]: Failed to transcribe audio chunk: VadOptions.__init__() got an unexpected keyword argument 'onset'
INFO:faster_whisper:Processing audio with duration 00:07.100
ERROR:root:[ERROR]: Failed to transcribe audio chunk: VadOptions.__init__() got an unexpected keyword argument 'onset'
INFO:faster_whisper:Processing audio with duration 00:07.150
ERROR:root:[ERROR]: Failed to transcribe audio chunk: VadOptions.__init__() got an unexpected keyword argument 'onset'
INFO:faster_whisper:Processing audio with duration 00:07.150
ERROR:root:[ERROR]: Failed to transcribe audio chunk: VadOptions.__init__() got an unexpected keyword argument 'onset'
INFO:faster_whisper:Processing audio with duration 00:07.150
ERROR:root:[ERROR]: Failed to transcribe audio chunk: VadOptions.__init__() got an unexpected keyword argument 'onset'
INFO:faster_whisper:Processing audio with duration 00:07.150
ERROR:root:[ERROR]: Failed to transcribe audio chunk: VadOptions.__init__() got an unexpected keyword argument 'onset'
INFO:faster_whisper:Processing audio with duration 00:07.150
ERROR:root:[ERROR]: Failed to transcribe audio chunk: VadOptions.__init__() got an unexpected keyword argument 'onset'
INFO:faster_whisper:Processing audio with duration 00:07.200
ERROR:root:[ERROR]: Failed to transcribe audio chunk: VadOptions.__init__() got an unexpected keyword argument 'onset'
INFO:faster_whisper:Processing audio with duration 00:07.200
ERROR:root:[ERROR]: Failed to transcribe audio chunk: VadOptions.__init__() got an unexpected keyword argument 'onset'
INFO:faster_whisper:Processing audio with duration 00:07.200
ERROR:root:[ERROR]: Failed to transcribe audio chunk: VadOptions.__init__() got an unexpected keyword argument 'onset'
INFO:faster_whisper:Processing audio with duration 00:07.200
ERROR:root:[ERROR]: Failed to transcribe audio chunk: VadOptions.__init__() got an unexpected keyword argument 'onset'
INFO:faster_whisper:Processing audio with duration 00:07.250
ERROR:root:[ERROR]: Failed to transcribe audio chunk: VadOptions.__init__() got an unexpected keyword argument 'onset'
INFO:faster_whisper:Processing audio with duration 00:07.250
ERROR:root:[ERROR]: Failed to transcribe audio chunk: VadOptions.__init__() got an unexpected keyword argument 'onset'
INFO:faster_whisper:Processing audio with duration 00:07.250
ERROR:root:[ERROR]: Failed to transcribe audio chunk: VadOptions.__init__() got an unexpected keyword argument 'onset'
INFO:faster_whisper:Processing audio with duration 00:07.250
ERROR:root:[ERROR]: Failed to transcribe audio chunk: VadOptions.__init__() got an unexpected keyword argument 'onset'
INFO:faster_whisper:Processing audio with duration 00:07.250
ERROR:root:[ERROR]: Failed to transcribe audio chunk: VadOptions.__init__() got an unexpected keyword argument 'onset'
INFO:faster_whisper:Processing audio with duration 00:07.300
ERROR:root:[ERROR]: Failed to transcribe audio chunk: VadOptions.__init__() got an unexpected keyword argument 'onset'
INFO:faster_whisper:Processing audio with duration 00:07.300
ERROR:root:[ERROR]: Failed to transcribe audio chunk: VadOptions.__init__() got an unexpected keyword argument 'onset'
INFO:faster_whisper:Processing audio with duration 00:07.300
ERROR:root:[ERROR]: Failed to transcribe audio chunk: VadOptions.__init__() got an unexpected keyword argument 'onset'
INFO:faster_whisper:Processing audio with duration 00:07.300
ERROR:root:[ERROR]: Failed to transcribe audio chunk: VadOptions.__init__() got an unexpected keyword argument 'onset'
INFO:faster_whisper:Processing audio with duration 00:07.300
ERROR:root:[ERROR]: Failed to transcribe audio chunk: VadOptions.__init__() got an unexpected keyword argument 'onset'
INFO:faster_whisper:Processing audio with duration 00:07.350
ERROR:root:[ERROR]: Failed to transcribe audio chunk: VadOptions.__init__() got an unexpected keyword argument 'onset'
INFO:faster_whisper:Processing audio with duration 00:07.350
ERROR:root:[ERROR]: Failed to transcribe audio chunk: VadOptions.__init__() got an unexpected keyword argument 'onset'
INFO:faster_whisper:Processing audio with duration 00:07.350
ERROR:root:[ERROR]: Failed to transcribe audio chunk: VadOptions.__init__() got an unexpected keyword argument 'onset'
INFO:faster_whisper:Processing audio with duration 00:07.350
ERROR:root:[ERROR]: Failed to transcribe audio chunk: VadOptions.__init__() got an unexpected keyword argument 'onset'
INFO:faster_whisper:Processing audio with duration 00:07.400
ERROR:root:[ERROR]: Failed to transcribe audio chunk: VadOptions.__init__() got an unexpected keyword argument 'onset'
INFO:faster_whisper:Processing audio with duration 00:07.400
ERROR:root:[ERROR]: Failed to transcribe audio chunk: VadOptions.__init__() got an unexpected keyword argument 'onset'
INFO:faster_whisper:Processing audio with duration 00:07.400
ERROR:root:[ERROR]: Failed to transcribe audio chunk: VadOptions.__init__() got an unexpected keyword argument 'onset'
INFO:faster_whisper:Processing audio with duration 00:07.400
ERROR:root:[ERROR]: Failed to transcribe audio chunk: VadOptions.__init__() got an unexpected keyword argument 'onset'
INFO:faster_whisper:Processing audio with duration 00:07.400
ERROR:root:[ERROR]: Failed to transcribe audio chunk: VadOptions.__init__() got an unexpected keyword argument 'onset'
INFO:faster_whisper:Processing audio with duration 00:07.450
ERROR:root:[ERROR]: Failed to transcribe audio chunk: VadOptions.__init__() got an unexpected keyword argument 'onset'
INFO:faster_whisper:Processing audio with duration 00:07.450
ERROR:root:[ERROR]: Failed to transcribe audio chunk: VadOptions.__init__() got an unexpected keyword argument 'onset'
INFO:faster_whisper:Processing audio with duration 00:07.450
ERROR:root:[ERROR]: Failed to transcribe audio chunk: VadOptions.__init__() got an unexpected keyword argument 'onset'
INFO:faster_whisper:Processing audio with duration 00:07.450
ERROR:root:[ERROR]: Failed to transcribe audio chunk: VadOptions.__init__() got an unexpected keyword argument 'onset'
INFO:faster_whisper:Processing audio with duration 00:07.500
ERROR:root:[ERROR]: Failed to transcribe audio chunk: VadOptions.__init__() got an unexpected keyword argument 'onset'
INFO:faster_whisper:Processing audio with duration 00:07.500
ERROR:root:[ERROR]: Failed to transcribe audio chunk: VadOptions.__init__() got an unexpected keyword argument 'onset'
INFO:faster_whisper:Processing audio with duration 00:07.500
ERROR:root:[ERROR]: Failed to transcribe audio chunk: VadOptions.__init__() got an unexpected keyword argument 'onset'
INFO:faster_whisper:Processing audio with duration 00:07.500
ERROR:root:[ERROR]: Failed to transcribe audio chunk: VadOptions.__init__() got an unexpected keyword argument 'onset'
INFO:faster_whisper:Processing audio with duration 00:07.500
ERROR:root:[ERROR]: Failed to transcribe audio chunk: VadOptions.__init__() got an unexpected keyword argument 'onset'
INFO:faster_whisper:Processing audio with duration 00:07.550
ERROR:root:[ERROR]: Failed to transcribe audio chunk: VadOptions.__init__() got an unexpected keyword argument 'onset'
INFO:faster_whisper:Processing audio with duration 00:07.550
ERROR:root:[ERROR]: Failed to transcribe audio chunk: VadOptions.__init__() got an unexpected keyword argument 'onset'
INFO:faster_whisper:Processing audio with duration 00:07.550
ERROR:root:[ERROR]: Failed to transcribe audio chunk: VadOptions.__init__() got an unexpected keyword argument 'onset'
INFO:faster_whisper:Processing audio with duration 00:07.550
ERROR:root:[ERROR]: Failed to transcribe audio chunk: VadOptions.__init__() got an unexpected keyword argument 'onset'
INFO:faster_whisper:Processing audio with duration 00:07.550
ERROR:root:[ERROR]: Failed to transcribe audio chunk: VadOptions.__init__() got an unexpected keyword argument 'onset'
INFO:faster_whisper:Processing audio with duration 00:07.600
ERROR:root:[ERROR]: Failed to transcribe audio chunk: VadOptions.__init__() got an unexpected keyword argument 'onset'
INFO:faster_whisper:Processing audio with duration 00:07.600
ERROR:root:[ERROR]: Failed to transcribe audio chunk: VadOptions.__init__() got an unexpected keyword argument 'onset'
INFO:faster_whisper:Processing audio with duration 00:07.600
ERROR:root:[ERROR]: Failed to transcribe audio chunk: VadOptions.__init__() got an unexpected keyword argument 'onset'
INFO:faster_whisper:Processing audio with duration 00:07.600
ERROR:root:[ERROR]: Failed to transcribe audio chunk: VadOptions.__init__() got an unexpected keyword argument 'onset'
INFO:faster_whisper:Processing audio with duration 00:07.600
ERROR:root:[ERROR]: Failed to transcribe audio chunk: VadOptions.__init__() got an unexpected keyword argument 'onset'
INFO:faster_whisper:Processing audio with duration 00:07.650
ERROR:root:[ERROR]: Failed to transcribe audio chunk: VadOptions.__init__() got an unexpected keyword argument 'onset'
INFO:faster_whisper:Processing audio with duration 00:07.650
ERROR:root:[ERROR]: Failed to transcribe audio chunk: VadOptions.__init__() got an unexpected keyword argument 'onset'
INFO:faster_whisper:Processing audio with duration 00:07.650
ERROR:root:[ERROR]: Failed to transcribe audio chunk: VadOptions.__init__() got an unexpected keyword argument 'onset'
INFO:faster_whisper:Processing audio with duration 00:07.650
ERROR:root:[ERROR]: Failed to transcribe audio chunk: VadOptions.__init__() got an unexpected keyword argument 'onset'
INFO:faster_whisper:Processing audio with duration 00:07.700
ERROR:root:[ERROR]: Failed to transcribe audio chunk: VadOptions.__init__() got an unexpected keyword argument 'onset'
INFO:faster_whisper:Processing audio with duration 00:07.700
ERROR:root:[ERROR]: Failed to transcribe audio chunk: VadOptions.__init__() got an unexpected keyword argument 'onset'
INFO:faster_whisper:Processing audio with duration 00:07.700
ERROR:root:[ERROR]: Failed to transcribe audio chunk: VadOptions.__init__() got an unexpected keyword argument 'onset'
INFO:faster_whisper:Processing audio with duration 00:07.700
ERROR:root:[ERROR]: Failed to transcribe audio chunk: VadOptions.__init__() got an unexpected keyword argument 'onset'
INFO:faster_whisper:Processing audio with duration 00:07.700
ERROR:root:[ERROR]: Failed to transcribe audio chunk: VadOptions.__init__() got an unexpected keyword argument 'onset'
INFO:faster_whisper:Processing audio with duration 00:07.750
ERROR:root:[ERROR]: Failed to transcribe audio chunk: VadOptions.__init__() got an unexpected keyword argument 'onset'
INFO:faster_whisper:Processing audio with duration 00:07.750
ERROR:root:[ERROR]: Failed to transcribe audio chunk: VadOptions.__init__() got an unexpected keyword argument 'onset'
INFO:faster_whisper:Processing audio with duration 00:07.750
ERROR:root:[ERROR]: Failed to transcribe audio chunk: VadOptions.__init__() got an unexpected keyword argument 'onset'
INFO:faster_whisper:Processing audio with duration 00:07.750
ERROR:root:[ERROR]: Failed to transcribe audio chunk: VadOptions.__init__() got an unexpected keyword argument 'onset'
INFO:faster_whisper:Processing audio with duration 00:07.750
ERROR:root:[ERROR]: Failed to transcribe audio chunk: VadOptions.__init__() got an unexpected keyword argument 'onset'
INFO:faster_whisper:Processing audio with duration 00:07.800
ERROR:root:[ERROR]: Failed to transcribe audio chunk: VadOptions.__init__() got an unexpected keyword argument 'onset'
INFO:faster_whisper:Processing audio with duration 00:07.800
ERROR:root:[ERROR]: Failed to transcribe audio chunk: VadOptions.__init__() got an unexpected keyword argument 'onset'
INFO:faster_whisper:Processing audio with duration 00:07.800
ERROR:root:[ERROR]: Failed to transcribe audio chunk: VadOptions.__init__() got an unexpected keyword argument 'onset'
INFO:faster_whisper:Processing audio with duration 00:07.800
ERROR:root:[ERROR]: Failed to transcribe audio chunk: VadOptions.__init__() got an unexpected keyword argument 'onset'
INFO:faster_whisper:Processing audio with duration 00:07.800
ERROR:root:[ERROR]: Failed to transcribe audio chunk: VadOptions.__init__() got an unexpected keyword argument 'onset'
INFO:faster_whisper:Processing audio with duration 00:07.850
ERROR:root:[ERROR]: Failed to transcribe audio chunk: VadOptions.__init__() got an unexpected keyword argument 'onset'
INFO:faster_whisper:Processing audio with duration 00:07.850
ERROR:root:[ERROR]: Failed to transcribe audio chunk: VadOptions.__init__() got an unexpected keyword argument 'onset'
INFO:faster_whisper:Processing audio with duration 00:07.850
ERROR:root:[ERROR]: Failed to transcribe audio chunk: VadOptions.__init__() got an unexpected keyword argument 'onset'
INFO:faster_whisper:Processing audio with duration 00:07.850
ERROR:root:[ERROR]: Failed to transcribe audio chunk: VadOptions.__init__() got an unexpected keyword argument 'onset'
INFO:faster_whisper:Processing audio with duration 00:07.900
ERROR:root:[ERROR]: Failed to transcribe audio chunk: VadOptions.__init__() got an unexpected keyword argument 'onset'
INFO:faster_whisper:Processing audio with duration 00:07.900
ERROR:root:[ERROR]: Failed to transcribe audio chunk: VadOptions.__init__() got an unexpected keyword argument 'onset'
INFO:faster_whisper:Processing audio with duration 00:07.900
ERROR:root:[ERROR]: Failed to transcribe audio chunk: VadOptions.__init__() got an unexpected keyword argument 'onset'
INFO:faster_whisper:Processing audio with duration 00:07.900
ERROR:root:[ERROR]: Failed to transcribe audio chunk: VadOptions.__init__() got an unexpected keyword argument 'onset'
INFO:faster_whisper:Processing audio with duration 00:07.900
ERROR:root:[ERROR]: Failed to transcribe audio chunk: VadOptions.__init__() got an unexpected keyword argument 'onset'
INFO:faster_whisper:Processing audio with duration 00:07.950
ERROR:root:[ERROR]: Failed to transcribe audio chunk: VadOptions.__init__() got an unexpected keyword argument 'onset'
INFO:faster_whisper:Processing audio with duration 00:07.950
ERROR:root:[ERROR]: Failed to transcribe audio chunk: VadOptions.__init__() got an unexpected keyword argument 'onset'
INFO:faster_whisper:Processing audio with duration 00:07.950
ERROR:root:[ERROR]: Failed to transcribe audio chunk: VadOptions.__init__() got an unexpected keyword argument 'onset'
INFO:faster_whisper:Processing audio with duration 00:07.950
ERROR:root:[ERROR]: Failed to transcribe audio chunk: VadOptions.__init__() got an unexpected keyword argument 'onset'
INFO:faster_whisper:Processing audio with duration 00:08.000
ERROR:root:[ERROR]: Failed to transcribe audio chunk: VadOptions.__init__() got an unexpected keyword argument 'onset'
INFO:faster_whisper:Processing audio with duration 00:08.000
ERROR:root:[ERROR]: Failed to transcribe audio chunk: VadOptions.__init__() got an unexpected keyword argument 'onset'
INFO:faster_whisper:Processing audio with duration 00:08.000
ERROR:root:[ERROR]: Failed to transcribe audio chunk: VadOptions.__init__() got an unexpected keyword argument 'onset'
INFO:faster_whisper:Processing audio with duration 00:08.000
ERROR:root:[ERROR]: Failed to transcribe audio chunk: VadOptions.__init__() got an unexpected keyword argument 'onset'
INFO:faster_whisper:Processing audio with duration 00:08.000
ERROR:root:[ERROR]: Failed to transcribe audio chunk: VadOptions.__init__() got an unexpected keyword argument 'onset'
INFO:faster_whisper:Processing audio with duration 00:08.050
ERROR:root:[ERROR]: Failed to transcribe audio chunk: VadOptions.__init__() got an unexpected keyword argument 'onset'
INFO:faster_whisper:Processing audio with duration 00:08.050
ERROR:root:[ERROR]: Failed to transcribe audio chunk: VadOptions.__init__() got an unexpected keyword argument 'onset'
INFO:faster_whisper:Processing audio with duration 00:08.050
ERROR:root:[ERROR]: Failed to transcribe audio chunk: VadOptions.__init__() got an unexpected keyword argument 'onset'
INFO:faster_whisper:Processing audio with duration 00:08.050
ERROR:root:[ERROR]: Failed to transcribe audio chunk: VadOptions.__init__() got an unexpected keyword argument 'onset'
INFO:faster_whisper:Processing audio with duration 00:08.050
ERROR:root:[ERROR]: Failed to transcribe audio chunk: VadOptions.__init__() got an unexpected keyword argument 'onset'
INFO:faster_whisper:Processing audio with duration 00:08.100
ERROR:root:[ERROR]: Failed to transcribe audio chunk: VadOptions.__init__() got an unexpected keyword argument 'onset'
INFO:faster_whisper:Processing audio with duration 00:08.100
ERROR:root:[ERROR]: Failed to transcribe audio chunk: VadOptions.__init__() got an unexpected keyword argument 'onset'
INFO:faster_whisper:Processing audio with duration 00:08.100
ERROR:root:[ERROR]: Failed to transcribe audio chunk: VadOptions.__init__() got an unexpected keyword argument 'onset'
INFO:faster_whisper:Processing audio with duration 00:08.100
ERROR:root:[ERROR]: Failed to transcribe audio chunk: VadOptions.__init__() got an unexpected keyword argument 'onset'
INFO:faster_whisper:Processing audio with duration 00:08.150
ERROR:root:[ERROR]: Failed to transcribe audio chunk: VadOptions.__init__() got an unexpected keyword argument 'onset'
INFO:faster_whisper:Processing audio with duration 00:08.150
ERROR:root:[ERROR]: Failed to transcribe audio chunk: VadOptions.__init__() got an unexpected keyword argument 'onset'
INFO:faster_whisper:Processing audio with duration 00:08.150
ERROR:root:[ERROR]: Failed to transcribe audio chunk: VadOptions.__init__() got an unexpected keyword argument 'onset'
INFO:faster_whisper:Processing audio with duration 00:08.150
ERROR:root:[ERROR]: Failed to transcribe audio chunk: VadOptions.__init__() got an unexpected keyword argument 'onset'
INFO:faster_whisper:Processing audio with duration 00:08.150
ERROR:root:[ERROR]: Failed to transcribe audio chunk: VadOptions.__init__() got an unexpected keyword argument 'onset'
INFO:faster_whisper:Processing audio with duration 00:08.200
ERROR:root:[ERROR]: Failed to transcribe audio chunk: VadOptions.__init__() got an unexpected keyword argument 'onset'
INFO:faster_whisper:Processing audio with duration 00:08.200
ERROR:root:[ERROR]: Failed to transcribe audio chunk: VadOptions.__init__() got an unexpected keyword argument 'onset'
INFO:faster_whisper:Processing audio with duration 00:08.200
ERROR:root:[ERROR]: Failed to transcribe audio chunk: VadOptions.__init__() got an unexpected keyword argument 'onset'
INFO:faster_whisper:Processing audio with duration 00:08.200
ERROR:root:[ERROR]: Failed to transcribe audio chunk: VadOptions.__init__() got an unexpected keyword argument 'onset'
INFO:faster_whisper:Processing audio with duration 00:08.200
ERROR:root:[ERROR]: Failed to transcribe audio chunk: VadOptions.__init__() got an unexpected keyword argument 'onset'
INFO:faster_whisper:Processing audio with duration 00:08.250
ERROR:root:[ERROR]: Failed to transcribe audio chunk: VadOptions.__init__() got an unexpected keyword argument 'onset'
INFO:faster_whisper:Processing audio with duration 00:08.250
ERROR:root:[ERROR]: Failed to transcribe audio chunk: VadOptions.__init__() got an unexpected keyword argument 'onset'
INFO:faster_whisper:Processing audio with duration 00:08.250
ERROR:root:[ERROR]: Failed to transcribe audio chunk: VadOptions.__init__() got an unexpected keyword argument 'onset'
INFO:faster_whisper:Processing audio with duration 00:08.250
ERROR:root:[ERROR]: Failed to transcribe audio chunk: VadOptions.__init__() got an unexpected keyword argument 'onset'
INFO:faster_whisper:Processing audio with duration 00:08.250
ERROR:root:[ERROR]: Failed to transcribe audio chunk: VadOptions.__init__() got an unexpected keyword argument 'onset'
INFO:faster_whisper:Processing audio with duration 00:08.300
ERROR:root:[ERROR]: Failed to transcribe audio chunk: VadOptions.__init__() got an unexpected keyword argument 'onset'
INFO:faster_whisper:Processing audio with duration 00:08.300
ERROR:root:[ERROR]: Failed to transcribe audio chunk: VadOptions.__init__() got an unexpected keyword argument 'onset'
INFO:faster_whisper:Processing audio with duration 00:08.300
ERROR:root:[ERROR]: Failed to transcribe audio chunk: VadOptions.__init__() got an unexpected keyword argument 'onset'
INFO:faster_whisper:Processing audio with duration 00:08.300
ERROR:root:[ERROR]: Failed to transcribe audio chunk: VadOptions.__init__() got an unexpected keyword argument 'onset'
INFO:faster_whisper:Processing audio with duration 00:08.350
ERROR:root:[ERROR]: Failed to transcribe audio chunk: VadOptions.__init__() got an unexpected keyword argument 'onset'
INFO:faster_whisper:Processing audio with duration 00:08.350
ERROR:root:[ERROR]: Failed to transcribe audio chunk: VadOptions.__init__() got an unexpected keyword argument 'onset'
INFO:faster_whisper:Processing audio with duration 00:08.350
ERROR:root:[ERROR]: Failed to transcribe audio chunk: VadOptions.__init__() got an unexpected keyword argument 'onset'
INFO:faster_whisper:Processing audio with duration 00:08.350
ERROR:root:[ERROR]: Failed to transcribe audio chunk: VadOptions.__init__() got an unexpected keyword argument 'onset'
INFO:faster_whisper:Processing audio with duration 00:08.350
ERROR:root:[ERROR]: Failed to transcribe audio chunk: VadOptions.__init__() got an unexpected keyword argument 'onset'
INFO:faster_whisper:Processing audio with duration 00:08.400
ERROR:root:[ERROR]: Failed to transcribe audio chunk: VadOptions.__init__() got an unexpected keyword argument 'onset'
INFO:faster_whisper:Processing audio with duration 00:08.400
ERROR:root:[ERROR]: Failed to transcribe audio chunk: VadOptions.__init__() got an unexpected keyword argument 'onset'
INFO:faster_whisper:Processing audio with duration 00:08.400
ERROR:root:[ERROR]: Failed to transcribe audio chunk: VadOptions.__init__() got an unexpected keyword argument 'onset'
INFO:faster_whisper:Processing audio with duration 00:08.400
ERROR:root:[ERROR]: Failed to transcribe audio chunk: VadOptions.__init__() got an unexpected keyword argument 'onset'
INFO:faster_whisper:Processing audio with duration 00:08.400
ERROR:root:[ERROR]: Failed to transcribe audio chunk: VadOptions.__init__() got an unexpected keyword argument 'onset'
INFO:faster_whisper:Processing audio with duration 00:08.450
ERROR:root:[ERROR]: Failed to transcribe audio chunk: VadOptions.__init__() got an unexpected keyword argument 'onset'
INFO:faster_whisper:Processing audio with duration 00:08.450
ERROR:root:[ERROR]: Failed to transcribe audio chunk: VadOptions.__init__() got an unexpected keyword argument 'onset'
INFO:faster_whisper:Processing audio with duration 00:08.450
ERROR:root:[ERROR]: Failed to transcribe audio chunk: VadOptions.__init__() got an unexpected keyword argument 'onset'
INFO:faster_whisper:Processing audio with duration 00:08.450
ERROR:root:[ERROR]: Failed to transcribe audio chunk: VadOptions.__init__() got an unexpected keyword argument 'onset'
INFO:faster_whisper:Processing audio with duration 00:08.500
ERROR:root:[ERROR]: Failed to transcribe audio chunk: VadOptions.__init__() got an unexpected keyword argument 'onset'
INFO:faster_whisper:Processing audio with duration 00:08.500
ERROR:root:[ERROR]: Failed to transcribe audio chunk: VadOptions.__init__() got an unexpected keyword argument 'onset'
INFO:faster_whisper:Processing audio with duration 00:08.500
ERROR:root:[ERROR]: Failed to transcribe audio chunk: VadOptions.__init__() got an unexpected keyword argument 'onset'
INFO:faster_whisper:Processing audio with duration 00:08.500
ERROR:root:[ERROR]: Failed to transcribe audio chunk: VadOptions.__init__() got an unexpected keyword argument 'onset'
INFO:faster_whisper:Processing audio with duration 00:08.500
ERROR:root:[ERROR]: Failed to transcribe audio chunk: VadOptions.__init__() got an unexpected keyword argument 'onset'
INFO:faster_whisper:Processing audio with duration 00:08.550
ERROR:root:[ERROR]: Failed to transcribe audio chunk: VadOptions.__init__() got an unexpected keyword argument 'onset'
INFO:faster_whisper:Processing audio with duration 00:08.550
ERROR:root:[ERROR]: Failed to transcribe audio chunk: VadOptions.__init__() got an unexpected keyword argument 'onset'
INFO:faster_whisper:Processing audio with duration 00:08.550
ERROR:root:[ERROR]: Failed to transcribe audio chunk: VadOptions.__init__() got an unexpected keyword argument 'onset'
INFO:faster_whisper:Processing audio with duration 00:08.550
ERROR:root:[ERROR]: Failed to transcribe audio chunk: VadOptions.__init__() got an unexpected keyword argument 'onset'
INFO:faster_whisper:Processing audio with duration 00:08.550
ERROR:root:[ERROR]: Failed to transcribe audio chunk: VadOptions.__init__() got an unexpected keyword argument 'onset'
INFO:faster_whisper:Processing audio with duration 00:08.600
ERROR:root:[ERROR]: Failed to transcribe audio chunk: VadOptions.__init__() got an unexpected keyword argument 'onset'
INFO:faster_whisper:Processing audio with duration 00:08.600
ERROR:root:[ERROR]: Failed to transcribe audio chunk: VadOptions.__init__() got an unexpected keyword argument 'onset'
INFO:faster_whisper:Processing audio with duration 00:08.600
ERROR:root:[ERROR]: Failed to transcribe audio chunk: VadOptions.__init__() got an unexpected keyword argument 'onset'
INFO:faster_whisper:Processing audio with duration 00:08.600
ERROR:root:[ERROR]: Failed to transcribe audio chunk: VadOptions.__init__() got an unexpected keyword argument 'onset'
INFO:faster_whisper:Processing audio with duration 00:08.650
ERROR:root:[ERROR]: Failed to transcribe audio chunk: VadOptions.__init__() got an unexpected keyword argument 'onset'
INFO:faster_whisper:Processing audio with duration 00:08.650
ERROR:root:[ERROR]: Failed to transcribe audio chunk: VadOptions.__init__() got an unexpected keyword argument 'onset'
INFO:faster_whisper:Processing audio with duration 00:08.650
ERROR:root:[ERROR]: Failed to transcribe audio chunk: VadOptions.__init__() got an unexpected keyword argument 'onset'
INFO:faster_whisper:Processing audio with duration 00:08.650
ERROR:root:[ERROR]: Failed to transcribe audio chunk: VadOptions.__init__() got an unexpected keyword argument 'onset'
INFO:faster_whisper:Processing audio with duration 00:08.650
ERROR:root:[ERROR]: Failed to transcribe audio chunk: VadOptions.__init__() got an unexpected keyword argument 'onset'
INFO:faster_whisper:Processing audio with duration 00:08.700
ERROR:root:[ERROR]: Failed to transcribe audio chunk: VadOptions.__init__() got an unexpected keyword argument 'onset'
INFO:faster_whisper:Processing audio with duration 00:08.700
ERROR:root:[ERROR]: Failed to transcribe audio chunk: VadOptions.__init__() got an unexpected keyword argument 'onset'
INFO:faster_whisper:Processing audio with duration 00:08.700
ERROR:root:[ERROR]: Failed to transcribe audio chunk: VadOptions.__init__() got an unexpected keyword argument 'onset'
INFO:faster_whisper:Processing audio with duration 00:08.700
ERROR:root:[ERROR]: Failed to transcribe audio chunk: VadOptions.__init__() got an unexpected keyword argument 'onset'
INFO:faster_whisper:Processing audio with duration 00:08.750
ERROR:root:[ERROR]: Failed to transcribe audio chunk: VadOptions.__init__() got an unexpected keyword argument 'onset'
INFO:faster_whisper:Processing audio with duration 00:08.750
ERROR:root:[ERROR]: Failed to transcribe audio chunk: VadOptions.__init__() got an unexpected keyword argument 'onset'
INFO:faster_whisper:Processing audio with duration 00:08.750
ERROR:root:[ERROR]: Failed to transcribe audio chunk: VadOptions.__init__() got an unexpected keyword argument 'onset'
INFO:faster_whisper:Processing audio with duration 00:08.750
ERROR:root:[ERROR]: Failed to transcribe audio chunk: VadOptions.__init__() got an unexpected keyword argument 'onset'
INFO:faster_whisper:Processing audio with duration 00:08.750
ERROR:root:[ERROR]: Failed to transcribe audio chunk: VadOptions.__init__() got an unexpected keyword argument 'onset'
INFO:faster_whisper:Processing audio with duration 00:08.800
ERROR:root:[ERROR]: Failed to transcribe audio chunk: VadOptions.__init__() got an unexpected keyword argument 'onset'
INFO:faster_whisper:Processing audio with duration 00:08.800
ERROR:root:[ERROR]: Failed to transcribe audio chunk: VadOptions.__init__() got an unexpected keyword argument 'onset'
INFO:faster_whisper:Processing audio with duration 00:08.800
ERROR:root:[ERROR]: Failed to transcribe audio chunk: VadOptions.__init__() got an unexpected keyword argument 'onset'
INFO:faster_whisper:Processing audio with duration 00:08.800
ERROR:root:[ERROR]: Failed to transcribe audio chunk: VadOptions.__init__() got an unexpected keyword argument 'onset'
INFO:faster_whisper:Processing audio with duration 00:08.800
ERROR:root:[ERROR]: Failed to transcribe audio chunk: VadOptions.__init__() got an unexpected keyword argument 'onset'
INFO:faster_whisper:Processing audio with duration 00:08.850
ERROR:root:[ERROR]: Failed to transcribe audio chunk: VadOptions.__init__() got an unexpected keyword argument 'onset'
INFO:faster_whisper:Processing audio with duration 00:08.850
ERROR:root:[ERROR]: Failed to transcribe audio chunk: VadOptions.__init__() got an unexpected keyword argument 'onset'
INFO:faster_whisper:Processing audio with duration 00:08.850
ERROR:root:[ERROR]: Failed to transcribe audio chunk: VadOptions.__init__() got an unexpected keyword argument 'onset'
INFO:faster_whisper:Processing audio with duration 00:08.850
ERROR:root:[ERROR]: Failed to transcribe audio chunk: VadOptions.__init__() got an unexpected keyword argument 'onset'
INFO:faster_whisper:Processing audio with duration 00:08.900
ERROR:root:[ERROR]: Failed to transcribe audio chunk: VadOptions.__init__() got an unexpected keyword argument 'onset'
INFO:faster_whisper:Processing audio with duration 00:08.900
ERROR:root:[ERROR]: Failed to transcribe audio chunk: VadOptions.__init__() got an unexpected keyword argument 'onset'
INFO:faster_whisper:Processing audio with duration 00:08.900
ERROR:root:[ERROR]: Failed to transcribe audio chunk: VadOptions.__init__() got an unexpected keyword argument 'onset'
INFO:faster_whisper:Processing audio with duration 00:08.900
ERROR:root:[ERROR]: Failed to transcribe audio chunk: VadOptions.__init__() got an unexpected keyword argument 'onset'
INFO:faster_whisper:Processing audio with duration 00:08.900
ERROR:root:[ERROR]: Failed to transcribe audio chunk: VadOptions.__init__() got an unexpected keyword argument 'onset'
INFO:faster_whisper:Processing audio with duration 00:08.950
ERROR:root:[ERROR]: Failed to transcribe audio chunk: VadOptions.__init__() got an unexpected keyword argument 'onset'
INFO:faster_whisper:Processing audio with duration 00:08.950
ERROR:root:[ERROR]: Failed to transcribe audio chunk: VadOptions.__init__() got an unexpected keyword argument 'onset'
INFO:faster_whisper:Processing audio with duration 00:08.950
ERROR:root:[ERROR]: Failed to transcribe audio chunk: VadOptions.__init__() got an unexpected keyword argument 'onset'
INFO:faster_whisper:Processing audio with duration 00:08.950
ERROR:root:[ERROR]: Failed to transcribe audio chunk: VadOptions.__init__() got an unexpected keyword argument 'onset'
INFO:faster_whisper:Processing audio with duration 00:08.950
ERROR:root:[ERROR]: Failed to transcribe audio chunk: VadOptions.__init__() got an unexpected keyword argument 'onset'
INFO:faster_whisper:Processing audio with duration 00:09.000
ERROR:root:[ERROR]: Failed to transcribe audio chunk: VadOptions.__init__() got an unexpected keyword argument 'onset'
INFO:faster_whisper:Processing audio with duration 00:09.000
ERROR:root:[ERROR]: Failed to transcribe audio chunk: VadOptions.__init__() got an unexpected keyword argument 'onset'
INFO:faster_whisper:Processing audio with duration 00:09.000
ERROR:root:[ERROR]: Failed to transcribe audio chunk: VadOptions.__init__() got an unexpected keyword argument 'onset'
INFO:faster_whisper:Processing audio with duration 00:09.000
ERROR:root:[ERROR]: Failed to transcribe audio chunk: VadOptions.__init__() got an unexpected keyword argument 'onset'
INFO:faster_whisper:Processing audio with duration 00:09.000
ERROR:root:[ERROR]: Failed to transcribe audio chunk: VadOptions.__init__() got an unexpected keyword argument 'onset'
INFO:faster_whisper:Processing audio with duration 00:09.050
ERROR:root:[ERROR]: Failed to transcribe audio chunk: VadOptions.__init__() got an unexpected keyword argument 'onset'
INFO:faster_whisper:Processing audio with duration 00:09.050
ERROR:root:[ERROR]: Failed to transcribe audio chunk: VadOptions.__init__() got an unexpected keyword argument 'onset'
INFO:faster_whisper:Processing audio with duration 00:09.050
ERROR:root:[ERROR]: Failed to transcribe audio chunk: VadOptions.__init__() got an unexpected keyword argument 'onset'
INFO:faster_whisper:Processing audio with duration 00:09.050
ERROR:root:[ERROR]: Failed to transcribe audio chunk: VadOptions.__init__() got an unexpected keyword argument 'onset'
INFO:faster_whisper:Processing audio with duration 00:09.050
ERROR:root:[ERROR]: Failed to transcribe audio chunk: VadOptions.__init__() got an unexpected keyword argument 'onset'
INFO:faster_whisper:Processing audio with duration 00:09.100
ERROR:root:[ERROR]: Failed to transcribe audio chunk: VadOptions.__init__() got an unexpected keyword argument 'onset'
INFO:faster_whisper:Processing audio with duration 00:09.100
ERROR:root:[ERROR]: Failed to transcribe audio chunk: VadOptions.__init__() got an unexpected keyword argument 'onset'
INFO:faster_whisper:Processing audio with duration 00:09.100
ERROR:root:[ERROR]: Failed to transcribe audio chunk: VadOptions.__init__() got an unexpected keyword argument 'onset'
INFO:faster_whisper:Processing audio with duration 00:09.100
ERROR:root:[ERROR]: Failed to transcribe audio chunk: VadOptions.__init__() got an unexpected keyword argument 'onset'
INFO:faster_whisper:Processing audio with duration 00:09.150
ERROR:root:[ERROR]: Failed to transcribe audio chunk: VadOptions.__init__() got an unexpected keyword argument 'onset'
INFO:faster_whisper:Processing audio with duration 00:09.150
ERROR:root:[ERROR]: Failed to transcribe audio chunk: VadOptions.__init__() got an unexpected keyword argument 'onset'
INFO:faster_whisper:Processing audio with duration 00:09.150
ERROR:root:[ERROR]: Failed to transcribe audio chunk: VadOptions.__init__() got an unexpected keyword argument 'onset'
INFO:faster_whisper:Processing audio with duration 00:09.150
ERROR:root:[ERROR]: Failed to transcribe audio chunk: VadOptions.__init__() got an unexpected keyword argument 'onset'
INFO:faster_whisper:Processing audio with duration 00:09.150
ERROR:root:[ERROR]: Failed to transcribe audio chunk: VadOptions.__init__() got an unexpected keyword argument 'onset'
INFO:faster_whisper:Processing audio with duration 00:09.200
ERROR:root:[ERROR]: Failed to transcribe audio chunk: VadOptions.__init__() got an unexpected keyword argument 'onset'
INFO:faster_whisper:Processing audio with duration 00:09.200
ERROR:root:[ERROR]: Failed to transcribe audio chunk: VadOptions.__init__() got an unexpected keyword argument 'onset'
INFO:faster_whisper:Processing audio with duration 00:09.200
ERROR:root:[ERROR]: Failed to transcribe audio chunk: VadOptions.__init__() got an unexpected keyword argument 'onset'
INFO:faster_whisper:Processing audio with duration 00:09.200
ERROR:root:[ERROR]: Failed to transcribe audio chunk: VadOptions.__init__() got an unexpected keyword argument 'onset'
INFO:faster_whisper:Processing audio with duration 00:09.200
ERROR:root:[ERROR]: Failed to transcribe audio chunk: VadOptions.__init__() got an unexpected keyword argument 'onset'
INFO:faster_whisper:Processing audio with duration 00:09.250
ERROR:root:[ERROR]: Failed to transcribe audio chunk: VadOptions.__init__() got an unexpected keyword argument 'onset'
INFO:faster_whisper:Processing audio with duration 00:09.250
ERROR:root:[ERROR]: Failed to transcribe audio chunk: VadOptions.__init__() got an unexpected keyword argument 'onset'
INFO:faster_whisper:Processing audio with duration 00:09.250
ERROR:root:[ERROR]: Failed to transcribe audio chunk: VadOptions.__init__() got an unexpected keyword argument 'onset'
INFO:faster_whisper:Processing audio with duration 00:09.250
ERROR:root:[ERROR]: Failed to transcribe audio chunk: VadOptions.__init__() got an unexpected keyword argument 'onset'
INFO:faster_whisper:Processing audio with duration 00:09.250
ERROR:root:[ERROR]: Failed to transcribe audio chunk: VadOptions.__init__() got an unexpected keyword argument 'onset'
INFO:faster_whisper:Processing audio with duration 00:09.300
ERROR:root:[ERROR]: Failed to transcribe audio chunk: VadOptions.__init__() got an unexpected keyword argument 'onset'
INFO:faster_whisper:Processing audio with duration 00:09.300
ERROR:root:[ERROR]: Failed to transcribe audio chunk: VadOptions.__init__() got an unexpected keyword argument 'onset'
INFO:faster_whisper:Processing audio with duration 00:09.300
ERROR:root:[ERROR]: Failed to transcribe audio chunk: VadOptions.__init__() got an unexpected keyword argument 'onset'
INFO:faster_whisper:Processing audio with duration 00:09.300
ERROR:root:[ERROR]: Failed to transcribe audio chunk: VadOptions.__init__() got an unexpected keyword argument 'onset'
INFO:faster_whisper:Processing audio with duration 00:09.350
ERROR:root:[ERROR]: Failed to transcribe audio chunk: VadOptions.__init__() got an unexpected keyword argument 'onset'
INFO:faster_whisper:Processing audio with duration 00:09.350
ERROR:root:[ERROR]: Failed to transcribe audio chunk: VadOptions.__init__() got an unexpected keyword argument 'onset'
INFO:faster_whisper:Processing audio with duration 00:09.350
ERROR:root:[ERROR]: Failed to transcribe audio chunk: VadOptions.__init__() got an unexpected keyword argument 'onset'
INFO:faster_whisper:Processing audio with duration 00:09.350
ERROR:root:[ERROR]: Failed to transcribe audio chunk: VadOptions.__init__() got an unexpected keyword argument 'onset'
INFO:faster_whisper:Processing audio with duration 00:09.350
ERROR:root:[ERROR]: Failed to transcribe audio chunk: VadOptions.__init__() got an unexpected keyword argument 'onset'
INFO:faster_whisper:Processing audio with duration 00:09.400
ERROR:root:[ERROR]: Failed to transcribe audio chunk: VadOptions.__init__() got an unexpected keyword argument 'onset'
INFO:faster_whisper:Processing audio with duration 00:09.400
ERROR:root:[ERROR]: Failed to transcribe audio chunk: VadOptions.__init__() got an unexpected keyword argument 'onset'
INFO:faster_whisper:Processing audio with duration 00:09.400
ERROR:root:[ERROR]: Failed to transcribe audio chunk: VadOptions.__init__() got an unexpected keyword argument 'onset'
INFO:faster_whisper:Processing audio with duration 00:09.400
ERROR:root:[ERROR]: Failed to transcribe audio chunk: VadOptions.__init__() got an unexpected keyword argument 'onset'
INFO:faster_whisper:Processing audio with duration 00:09.400
ERROR:root:[ERROR]: Failed to transcribe audio chunk: VadOptions.__init__() got an unexpected keyword argument 'onset'
INFO:faster_whisper:Processing audio with duration 00:09.450
ERROR:root:[ERROR]: Failed to transcribe audio chunk: VadOptions.__init__() got an unexpected keyword argument 'onset'
INFO:faster_whisper:Processing audio with duration 00:09.450
ERROR:root:[ERROR]: Failed to transcribe audio chunk: VadOptions.__init__() got an unexpected keyword argument 'onset'
INFO:faster_whisper:Processing audio with duration 00:09.450
ERROR:root:[ERROR]: Failed to transcribe audio chunk: VadOptions.__init__() got an unexpected keyword argument 'onset'
INFO:faster_whisper:Processing audio with duration 00:09.450
ERROR:root:[ERROR]: Failed to transcribe audio chunk: VadOptions.__init__() got an unexpected keyword argument 'onset'
INFO:faster_whisper:Processing audio with duration 00:09.450
ERROR:root:[ERROR]: Failed to transcribe audio chunk: VadOptions.__init__() got an unexpected keyword argument 'onset'
INFO:faster_whisper:Processing audio with duration 00:09.500
ERROR:root:[ERROR]: Failed to transcribe audio chunk: VadOptions.__init__() got an unexpected keyword argument 'onset'
INFO:faster_whisper:Processing audio with duration 00:09.500
ERROR:root:[ERROR]: Failed to transcribe audio chunk: VadOptions.__init__() got an unexpected keyword argument 'onset'
INFO:faster_whisper:Processing audio with duration 00:09.500
ERROR:root:[ERROR]: Failed to transcribe audio chunk: VadOptions.__init__() got an unexpected keyword argument 'onset'
INFO:faster_whisper:Processing audio with duration 00:09.500
ERROR:root:[ERROR]: Failed to transcribe audio chunk: VadOptions.__init__() got an unexpected keyword argument 'onset'
INFO:faster_whisper:Processing audio with duration 00:09.550
ERROR:root:[ERROR]: Failed to transcribe audio chunk: VadOptions.__init__() got an unexpected keyword argument 'onset'
INFO:faster_whisper:Processing audio with duration 00:09.550
ERROR:root:[ERROR]: Failed to transcribe audio chunk: VadOptions.__init__() got an unexpected keyword argument 'onset'
INFO:faster_whisper:Processing audio with duration 00:09.550
ERROR:root:[ERROR]: Failed to transcribe audio chunk: VadOptions.__init__() got an unexpected keyword argument 'onset'
INFO:faster_whisper:Processing audio with duration 00:09.550
ERROR:root:[ERROR]: Failed to transcribe audio chunk: VadOptions.__init__() got an unexpected keyword argument 'onset'
INFO:faster_whisper:Processing audio with duration 00:09.550
ERROR:root:[ERROR]: Failed to transcribe audio chunk: VadOptions.__init__() got an unexpected keyword argument 'onset'
INFO:faster_whisper:Processing audio with duration 00:09.600
ERROR:root:[ERROR]: Failed to transcribe audio chunk: VadOptions.__init__() got an unexpected keyword argument 'onset'
INFO:faster_whisper:Processing audio with duration 00:09.600
ERROR:root:[ERROR]: Failed to transcribe audio chunk: VadOptions.__init__() got an unexpected keyword argument 'onset'
INFO:faster_whisper:Processing audio with duration 00:09.600
ERROR:root:[ERROR]: Failed to transcribe audio chunk: VadOptions.__init__() got an unexpected keyword argument 'onset'
INFO:faster_whisper:Processing audio with duration 00:09.600
ERROR:root:[ERROR]: Failed to transcribe audio chunk: VadOptions.__init__() got an unexpected keyword argument 'onset'
INFO:faster_whisper:Processing audio with duration 00:09.600
ERROR:root:[ERROR]: Failed to transcribe audio chunk: VadOptions.__init__() got an unexpected keyword argument 'onset'
INFO:faster_whisper:Processing audio with duration 00:09.650
ERROR:root:[ERROR]: Failed to transcribe audio chunk: VadOptions.__init__() got an unexpected keyword argument 'onset'
INFO:faster_whisper:Processing audio with duration 00:09.650
ERROR:root:[ERROR]: Failed to transcribe audio chunk: VadOptions.__init__() got an unexpected keyword argument 'onset'
INFO:faster_whisper:Processing audio with duration 00:09.650
ERROR:root:[ERROR]: Failed to transcribe audio chunk: VadOptions.__init__() got an unexpected keyword argument 'onset'
INFO:faster_whisper:Processing audio with duration 00:09.650
ERROR:root:[ERROR]: Failed to transcribe audio chunk: VadOptions.__init__() got an unexpected keyword argument 'onset'
INFO:faster_whisper:Processing audio with duration 00:09.650
ERROR:root:[ERROR]: Failed to transcribe audio chunk: VadOptions.__init__() got an unexpected keyword argument 'onset'
INFO:faster_whisper:Processing audio with duration 00:09.700
ERROR:root:[ERROR]: Failed to transcribe audio chunk: VadOptions.__init__() got an unexpected keyword argument 'onset'
INFO:faster_whisper:Processing audio with duration 00:09.700
ERROR:root:[ERROR]: Failed to transcribe audio chunk: VadOptions.__init__() got an unexpected keyword argument 'onset'
INFO:faster_whisper:Processing audio with duration 00:09.700
ERROR:root:[ERROR]: Failed to transcribe audio chunk: VadOptions.__init__() got an unexpected keyword argument 'onset'
INFO:faster_whisper:Processing audio with duration 00:09.700
ERROR:root:[ERROR]: Failed to transcribe audio chunk: VadOptions.__init__() got an unexpected keyword argument 'onset'
INFO:faster_whisper:Processing audio with duration 00:09.750
ERROR:root:[ERROR]: Failed to transcribe audio chunk: VadOptions.__init__() got an unexpected keyword argument 'onset'
INFO:faster_whisper:Processing audio with duration 00:09.750
ERROR:root:[ERROR]: Failed to transcribe audio chunk: VadOptions.__init__() got an unexpected keyword argument 'onset'
INFO:faster_whisper:Processing audio with duration 00:09.750
ERROR:root:[ERROR]: Failed to transcribe audio chunk: VadOptions.__init__() got an unexpected keyword argument 'onset'
INFO:faster_whisper:Processing audio with duration 00:09.750
ERROR:root:[ERROR]: Failed to transcribe audio chunk: VadOptions.__init__() got an unexpected keyword argument 'onset'
INFO:faster_whisper:Processing audio with duration 00:09.750
ERROR:root:[ERROR]: Failed to transcribe audio chunk: VadOptions.__init__() got an unexpected keyword argument 'onset'
INFO:faster_whisper:Processing audio with duration 00:09.800
ERROR:root:[ERROR]: Failed to transcribe audio chunk: VadOptions.__init__() got an unexpected keyword argument 'onset'
INFO:faster_whisper:Processing audio with duration 00:09.800
ERROR:root:[ERROR]: Failed to transcribe audio chunk: VadOptions.__init__() got an unexpected keyword argument 'onset'
INFO:faster_whisper:Processing audio with duration 00:09.800
ERROR:root:[ERROR]: Failed to transcribe audio chunk: VadOptions.__init__() got an unexpected keyword argument 'onset'
INFO:faster_whisper:Processing audio with duration 00:09.800
ERROR:root:[ERROR]: Failed to transcribe audio chunk: VadOptions.__init__() got an unexpected keyword argument 'onset'
INFO:faster_whisper:Processing audio with duration 00:09.850
ERROR:root:[ERROR]: Failed to transcribe audio chunk: VadOptions.__init__() got an unexpected keyword argument 'onset'
INFO:faster_whisper:Processing audio with duration 00:09.850
ERROR:root:[ERROR]: Failed to transcribe audio chunk: VadOptions.__init__() got an unexpected keyword argument 'onset'
INFO:faster_whisper:Processing audio with duration 00:09.850
ERROR:root:[ERROR]: Failed to transcribe audio chunk: VadOptions.__init__() got an unexpected keyword argument 'onset'
INFO:faster_whisper:Processing audio with duration 00:09.850
ERROR:root:[ERROR]: Failed to transcribe audio chunk: VadOptions.__init__() got an unexpected keyword argument 'onset'
INFO:faster_whisper:Processing audio with duration 00:09.850
ERROR:root:[ERROR]: Failed to transcribe audio chunk: VadOptions.__init__() got an unexpected keyword argument 'onset'
INFO:faster_whisper:Processing audio with duration 00:09.900
ERROR:root:[ERROR]: Failed to transcribe audio chunk: VadOptions.__init__() got an unexpected keyword argument 'onset'
INFO:faster_whisper:Processing audio with duration 00:09.900
ERROR:root:[ERROR]: Failed to transcribe audio chunk: VadOptions.__init__() got an unexpected keyword argument 'onset'
INFO:faster_whisper:Processing audio with duration 00:09.900
ERROR:root:[ERROR]: Failed to transcribe audio chunk: VadOptions.__init__() got an unexpected keyword argument 'onset'
INFO:faster_whisper:Processing audio with duration 00:09.900
ERROR:root:[ERROR]: Failed to transcribe audio chunk: VadOptions.__init__() got an unexpected keyword argument 'onset'
INFO:faster_whisper:Processing audio with duration 00:09.900
ERROR:root:[ERROR]: Failed to transcribe audio chunk: VadOptions.__init__() got an unexpected keyword argument 'onset'
INFO:faster_whisper:Processing audio with duration 00:09.950
ERROR:root:[ERROR]: Failed to transcribe audio chunk: VadOptions.__init__() got an unexpected keyword argument 'onset'
INFO:faster_whisper:Processing audio with duration 00:09.950
ERROR:root:[ERROR]: Failed to transcribe audio chunk: VadOptions.__init__() got an unexpected keyword argument 'onset'
INFO:faster_whisper:Processing audio with duration 00:09.950
ERROR:root:[ERROR]: Failed to transcribe audio chunk: VadOptions.__init__() got an unexpected keyword argument 'onset'
INFO:faster_whisper:Processing audio with duration 00:09.950
ERROR:root:[ERROR]: Failed to transcribe audio chunk: VadOptions.__init__() got an unexpected keyword argument 'onset'
INFO:faster_whisper:Processing audio with duration 00:10.000
ERROR:root:[ERROR]: Failed to transcribe audio chunk: VadOptions.__init__() got an unexpected keyword argument 'onset'
INFO:faster_whisper:Processing audio with duration 00:10.000
ERROR:root:[ERROR]: Failed to transcribe audio chunk: VadOptions.__init__() got an unexpected keyword argument 'onset'
INFO:faster_whisper:Processing audio with duration 00:10.000
ERROR:root:[ERROR]: Failed to transcribe audio chunk: VadOptions.__init__() got an unexpected keyword argument 'onset'
INFO:faster_whisper:Processing audio with duration 00:10.000
ERROR:root:[ERROR]: Failed to transcribe audio chunk: VadOptions.__init__() got an unexpected keyword argument 'onset'
INFO:faster_whisper:Processing audio with duration 00:10.000
ERROR:root:[ERROR]: Failed to transcribe audio chunk: VadOptions.__init__() got an unexpected keyword argument 'onset'
INFO:faster_whisper:Processing audio with duration 00:10.050
ERROR:root:[ERROR]: Failed to transcribe audio chunk: VadOptions.__init__() got an unexpected keyword argument 'onset'
INFO:faster_whisper:Processing audio with duration 00:10.050
ERROR:root:[ERROR]: Failed to transcribe audio chunk: VadOptions.__init__() got an unexpected keyword argument 'onset'
INFO:faster_whisper:Processing audio with duration 00:10.050
ERROR:root:[ERROR]: Failed to transcribe audio chunk: VadOptions.__init__() got an unexpected keyword argument 'onset'
INFO:faster_whisper:Processing audio with duration 00:10.050
ERROR:root:[ERROR]: Failed to transcribe audio chunk: VadOptions.__init__() got an unexpected keyword argument 'onset'
INFO:faster_whisper:Processing audio with duration 00:10.050
ERROR:root:[ERROR]: Failed to transcribe audio chunk: VadOptions.__init__() got an unexpected keyword argument 'onset'
INFO:faster_whisper:Processing audio with duration 00:10.100
ERROR:root:[ERROR]: Failed to transcribe audio chunk: VadOptions.__init__() got an unexpected keyword argument 'onset'
INFO:faster_whisper:Processing audio with duration 00:10.100
ERROR:root:[ERROR]: Failed to transcribe audio chunk: VadOptions.__init__() got an unexpected keyword argument 'onset'
INFO:faster_whisper:Processing audio with duration 00:10.100
ERROR:root:[ERROR]: Failed to transcribe audio chunk: VadOptions.__init__() got an unexpected keyword argument 'onset'
INFO:faster_whisper:Processing audio with duration 00:10.100
ERROR:root:[ERROR]: Failed to transcribe audio chunk: VadOptions.__init__() got an unexpected keyword argument 'onset'
INFO:faster_whisper:Processing audio with duration 00:10.100
ERROR:root:[ERROR]: Failed to transcribe audio chunk: VadOptions.__init__() got an unexpected keyword argument 'onset'
INFO:faster_whisper:Processing audio with duration 00:10.150
ERROR:root:[ERROR]: Failed to transcribe audio chunk: VadOptions.__init__() got an unexpected keyword argument 'onset'
INFO:faster_whisper:Processing audio with duration 00:10.150
ERROR:root:[ERROR]: Failed to transcribe audio chunk: VadOptions.__init__() got an unexpected keyword argument 'onset'
INFO:faster_whisper:Processing audio with duration 00:10.150
ERROR:root:[ERROR]: Failed to transcribe audio chunk: VadOptions.__init__() got an unexpected keyword argument 'onset'
INFO:faster_whisper:Processing audio with duration 00:10.150
ERROR:root:[ERROR]: Failed to transcribe audio chunk: VadOptions.__init__() got an unexpected keyword argument 'onset'
INFO:faster_whisper:Processing audio with duration 00:10.200
ERROR:root:[ERROR]: Failed to transcribe audio chunk: VadOptions.__init__() got an unexpected keyword argument 'onset'
INFO:faster_whisper:Processing audio with duration 00:10.200
ERROR:root:[ERROR]: Failed to transcribe audio chunk: VadOptions.__init__() got an unexpected keyword argument 'onset'
INFO:faster_whisper:Processing audio with duration 00:10.200
ERROR:root:[ERROR]: Failed to transcribe audio chunk: VadOptions.__init__() got an unexpected keyword argument 'onset'
INFO:faster_whisper:Processing audio with duration 00:10.200
ERROR:root:[ERROR]: Failed to transcribe audio chunk: VadOptions.__init__() got an unexpected keyword argument 'onset'
INFO:faster_whisper:Processing audio with duration 00:10.200
ERROR:root:[ERROR]: Failed to transcribe audio chunk: VadOptions.__init__() got an unexpected keyword argument 'onset'
INFO:faster_whisper:Processing audio with duration 00:10.250
ERROR:root:[ERROR]: Failed to transcribe audio chunk: VadOptions.__init__() got an unexpected keyword argument 'onset'
INFO:faster_whisper:Processing audio with duration 00:10.250
ERROR:root:[ERROR]: Failed to transcribe audio chunk: VadOptions.__init__() got an unexpected keyword argument 'onset'
INFO:faster_whisper:Processing audio with duration 00:10.250
ERROR:root:[ERROR]: Failed to transcribe audio chunk: VadOptions.__init__() got an unexpected keyword argument 'onset'
INFO:faster_whisper:Processing audio with duration 00:10.250
ERROR:root:[ERROR]: Failed to transcribe audio chunk: VadOptions.__init__() got an unexpected keyword argument 'onset'
INFO:faster_whisper:Processing audio with duration 00:10.250
ERROR:root:[ERROR]: Failed to transcribe audio chunk: VadOptions.__init__() got an unexpected keyword argument 'onset'
INFO:faster_whisper:Processing audio with duration 00:10.300
ERROR:root:[ERROR]: Failed to transcribe audio chunk: VadOptions.__init__() got an unexpected keyword argument 'onset'
INFO:faster_whisper:Processing audio with duration 00:10.300
ERROR:root:[ERROR]: Failed to transcribe audio chunk: VadOptions.__init__() got an unexpected keyword argument 'onset'
INFO:faster_whisper:Processing audio with duration 00:10.300
ERROR:root:[ERROR]: Failed to transcribe audio chunk: VadOptions.__init__() got an unexpected keyword argument 'onset'
INFO:faster_whisper:Processing audio with duration 00:10.300
ERROR:root:[ERROR]: Failed to transcribe audio chunk: VadOptions.__init__() got an unexpected keyword argument 'onset'
INFO:faster_whisper:Processing audio with duration 00:10.300
ERROR:root:[ERROR]: Failed to transcribe audio chunk: VadOptions.__init__() got an unexpected keyword argument 'onset'
INFO:faster_whisper:Processing audio with duration 00:10.350
ERROR:root:[ERROR]: Failed to transcribe audio chunk: VadOptions.__init__() got an unexpected keyword argument 'onset'
INFO:faster_whisper:Processing audio with duration 00:10.350
ERROR:root:[ERROR]: Failed to transcribe audio chunk: VadOptions.__init__() got an unexpected keyword argument 'onset'
INFO:faster_whisper:Processing audio with duration 00:10.350
ERROR:root:[ERROR]: Failed to transcribe audio chunk: VadOptions.__init__() got an unexpected keyword argument 'onset'
INFO:faster_whisper:Processing audio with duration 00:10.350
ERROR:root:[ERROR]: Failed to transcribe audio chunk: VadOptions.__init__() got an unexpected keyword argument 'onset'
INFO:faster_whisper:Processing audio with duration 00:10.400
ERROR:root:[ERROR]: Failed to transcribe audio chunk: VadOptions.__init__() got an unexpected keyword argument 'onset'
INFO:faster_whisper:Processing audio with duration 00:10.400
ERROR:root:[ERROR]: Failed to transcribe audio chunk: VadOptions.__init__() got an unexpected keyword argument 'onset'
INFO:faster_whisper:Processing audio with duration 00:10.400
ERROR:root:[ERROR]: Failed to transcribe audio chunk: VadOptions.__init__() got an unexpected keyword argument 'onset'
INFO:faster_whisper:Processing audio with duration 00:10.400
ERROR:root:[ERROR]: Failed to transcribe audio chunk: VadOptions.__init__() got an unexpected keyword argument 'onset'
INFO:faster_whisper:Processing audio with duration 00:10.400
ERROR:root:[ERROR]: Failed to transcribe audio chunk: VadOptions.__init__() got an unexpected keyword argument 'onset'
INFO:faster_whisper:Processing audio with duration 00:10.450
ERROR:root:[ERROR]: Failed to transcribe audio chunk: VadOptions.__init__() got an unexpected keyword argument 'onset'
INFO:faster_whisper:Processing audio with duration 00:10.450
ERROR:root:[ERROR]: Failed to transcribe audio chunk: VadOptions.__init__() got an unexpected keyword argument 'onset'
INFO:faster_whisper:Processing audio with duration 00:10.450
ERROR:root:[ERROR]: Failed to transcribe audio chunk: VadOptions.__init__() got an unexpected keyword argument 'onset'
INFO:faster_whisper:Processing audio with duration 00:10.450
ERROR:root:[ERROR]: Failed to transcribe audio chunk: VadOptions.__init__() got an unexpected keyword argument 'onset'
INFO:faster_whisper:Processing audio with duration 00:10.450
ERROR:root:[ERROR]: Failed to transcribe audio chunk: VadOptions.__init__() got an unexpected keyword argument 'onset'
INFO:faster_whisper:Processing audio with duration 00:10.500
ERROR:root:[ERROR]: Failed to transcribe audio chunk: VadOptions.__init__() got an unexpected keyword argument 'onset'
INFO:faster_whisper:Processing audio with duration 00:10.500
ERROR:root:[ERROR]: Failed to transcribe audio chunk: VadOptions.__init__() got an unexpected keyword argument 'onset'
INFO:faster_whisper:Processing audio with duration 00:10.500
ERROR:root:[ERROR]: Failed to transcribe audio chunk: VadOptions.__init__() got an unexpected keyword argument 'onset'
INFO:faster_whisper:Processing audio with duration 00:10.500
ERROR:root:[ERROR]: Failed to transcribe audio chunk: VadOptions.__init__() got an unexpected keyword argument 'onset'
INFO:faster_whisper:Processing audio with duration 00:10.500
ERROR:root:[ERROR]: Failed to transcribe audio chunk: VadOptions.__init__() got an unexpected keyword argument 'onset'
INFO:faster_whisper:Processing audio with duration 00:10.550
ERROR:root:[ERROR]: Failed to transcribe audio chunk: VadOptions.__init__() got an unexpected keyword argument 'onset'
INFO:faster_whisper:Processing audio with duration 00:10.550
ERROR:root:[ERROR]: Failed to transcribe audio chunk: VadOptions.__init__() got an unexpected keyword argument 'onset'
INFO:faster_whisper:Processing audio with duration 00:10.550
ERROR:root:[ERROR]: Failed to transcribe audio chunk: VadOptions.__init__() got an unexpected keyword argument 'onset'
INFO:faster_whisper:Processing audio with duration 00:10.550
ERROR:root:[ERROR]: Failed to transcribe audio chunk: VadOptions.__init__() got an unexpected keyword argument 'onset'
INFO:faster_whisper:Processing audio with duration 00:10.600
ERROR:root:[ERROR]: Failed to transcribe audio chunk: VadOptions.__init__() got an unexpected keyword argument 'onset'
INFO:faster_whisper:Processing audio with duration 00:10.600
ERROR:root:[ERROR]: Failed to transcribe audio chunk: VadOptions.__init__() got an unexpected keyword argument 'onset'
INFO:faster_whisper:Processing audio with duration 00:10.600
ERROR:root:[ERROR]: Failed to transcribe audio chunk: VadOptions.__init__() got an unexpected keyword argument 'onset'
INFO:faster_whisper:Processing audio with duration 00:10.600
ERROR:root:[ERROR]: Failed to transcribe audio chunk: VadOptions.__init__() got an unexpected keyword argument 'onset'
INFO:faster_whisper:Processing audio with duration 00:10.600
ERROR:root:[ERROR]: Failed to transcribe audio chunk: VadOptions.__init__() got an unexpected keyword argument 'onset'
INFO:faster_whisper:Processing audio with duration 00:10.650
ERROR:root:[ERROR]: Failed to transcribe audio chunk: VadOptions.__init__() got an unexpected keyword argument 'onset'
INFO:faster_whisper:Processing audio with duration 00:10.650
ERROR:root:[ERROR]: Failed to transcribe audio chunk: VadOptions.__init__() got an unexpected keyword argument 'onset'
INFO:faster_whisper:Processing audio with duration 00:10.650
ERROR:root:[ERROR]: Failed to transcribe audio chunk: VadOptions.__init__() got an unexpected keyword argument 'onset'
INFO:faster_whisper:Processing audio with duration 00:10.650
ERROR:root:[ERROR]: Failed to transcribe audio chunk: VadOptions.__init__() got an unexpected keyword argument 'onset'
INFO:faster_whisper:Processing audio with duration 00:10.700
ERROR:root:[ERROR]: Failed to transcribe audio chunk: VadOptions.__init__() got an unexpected keyword argument 'onset'
INFO:faster_whisper:Processing audio with duration 00:10.700
ERROR:root:[ERROR]: Failed to transcribe audio chunk: VadOptions.__init__() got an unexpected keyword argument 'onset'
INFO:faster_whisper:Processing audio with duration 00:10.700
ERROR:root:[ERROR]: Failed to transcribe audio chunk: VadOptions.__init__() got an unexpected keyword argument 'onset'
INFO:faster_whisper:Processing audio with duration 00:10.700
ERROR:root:[ERROR]: Failed to transcribe audio chunk: VadOptions.__init__() got an unexpected keyword argument 'onset'
INFO:faster_whisper:Processing audio with duration 00:10.700
ERROR:root:[ERROR]: Failed to transcribe audio chunk: VadOptions.__init__() got an unexpected keyword argument 'onset'
INFO:faster_whisper:Processing audio with duration 00:10.750
ERROR:root:[ERROR]: Failed to transcribe audio chunk: VadOptions.__init__() got an unexpected keyword argument 'onset'
INFO:faster_whisper:Processing audio with duration 00:10.750
ERROR:root:[ERROR]: Failed to transcribe audio chunk: VadOptions.__init__() got an unexpected keyword argument 'onset'
INFO:faster_whisper:Processing audio with duration 00:10.750
ERROR:root:[ERROR]: Failed to transcribe audio chunk: VadOptions.__init__() got an unexpected keyword argument 'onset'
INFO:faster_whisper:Processing audio with duration 00:10.750
ERROR:root:[ERROR]: Failed to transcribe audio chunk: VadOptions.__init__() got an unexpected keyword argument 'onset'
INFO:faster_whisper:Processing audio with duration 00:10.750
ERROR:root:[ERROR]: Failed to transcribe audio chunk: VadOptions.__init__() got an unexpected keyword argument 'onset'
INFO:faster_whisper:Processing audio with duration 00:10.800
ERROR:root:[ERROR]: Failed to transcribe audio chunk: VadOptions.__init__() got an unexpected keyword argument 'onset'
INFO:faster_whisper:Processing audio with duration 00:10.800
ERROR:root:[ERROR]: Failed to transcribe audio chunk: VadOptions.__init__() got an unexpected keyword argument 'onset'
INFO:faster_whisper:Processing audio with duration 00:10.800
ERROR:root:[ERROR]: Failed to transcribe audio chunk: VadOptions.__init__() got an unexpected keyword argument 'onset'
INFO:faster_whisper:Processing audio with duration 00:10.800
ERROR:root:[ERROR]: Failed to transcribe audio chunk: VadOptions.__init__() got an unexpected keyword argument 'onset'
INFO:faster_whisper:Processing audio with duration 00:10.800
ERROR:root:[ERROR]: Failed to transcribe audio chunk: VadOptions.__init__() got an unexpected keyword argument 'onset'
INFO:faster_whisper:Processing audio with duration 00:10.850
ERROR:root:[ERROR]: Failed to transcribe audio chunk: VadOptions.__init__() got an unexpected keyword argument 'onset'
INFO:faster_whisper:Processing audio with duration 00:10.850
ERROR:root:[ERROR]: Failed to transcribe audio chunk: VadOptions.__init__() got an unexpected keyword argument 'onset'
INFO:faster_whisper:Processing audio with duration 00:10.850
ERROR:root:[ERROR]: Failed to transcribe audio chunk: VadOptions.__init__() got an unexpected keyword argument 'onset'
INFO:faster_whisper:Processing audio with duration 00:10.850
ERROR:root:[ERROR]: Failed to transcribe audio chunk: VadOptions.__init__() got an unexpected keyword argument 'onset'
INFO:faster_whisper:Processing audio with duration 00:10.900
ERROR:root:[ERROR]: Failed to transcribe audio chunk: VadOptions.__init__() got an unexpected keyword argument 'onset'
INFO:faster_whisper:Processing audio with duration 00:10.900
ERROR:root:[ERROR]: Failed to transcribe audio chunk: VadOptions.__init__() got an unexpected keyword argument 'onset'
INFO:faster_whisper:Processing audio with duration 00:10.900
ERROR:root:[ERROR]: Failed to transcribe audio chunk: VadOptions.__init__() got an unexpected keyword argument 'onset'
INFO:faster_whisper:Processing audio with duration 00:10.900
ERROR:root:[ERROR]: Failed to transcribe audio chunk: VadOptions.__init__() got an unexpected keyword argument 'onset'
INFO:faster_whisper:Processing audio with duration 00:10.900
ERROR:root:[ERROR]: Failed to transcribe audio chunk: VadOptions.__init__() got an unexpected keyword argument 'onset'
INFO:faster_whisper:Processing audio with duration 00:10.950
ERROR:root:[ERROR]: Failed to transcribe audio chunk: VadOptions.__init__() got an unexpected keyword argument 'onset'
INFO:faster_whisper:Processing audio with duration 00:10.950
ERROR:root:[ERROR]: Failed to transcribe audio chunk: VadOptions.__init__() got an unexpected keyword argument 'onset'
INFO:faster_whisper:Processing audio with duration 00:10.950
ERROR:root:[ERROR]: Failed to transcribe audio chunk: VadOptions.__init__() got an unexpected keyword argument 'onset'
INFO:faster_whisper:Processing audio with duration 00:10.950
ERROR:root:[ERROR]: Failed to transcribe audio chunk: VadOptions.__init__() got an unexpected keyword argument 'onset'
INFO:faster_whisper:Processing audio with duration 00:10.950
ERROR:root:[ERROR]: Failed to transcribe audio chunk: VadOptions.__init__() got an unexpected keyword argument 'onset'
INFO:faster_whisper:Processing audio with duration 00:11.000
ERROR:root:[ERROR]: Failed to transcribe audio chunk: VadOptions.__init__() got an unexpected keyword argument 'onset'
INFO:faster_whisper:Processing audio with duration 00:11.000
ERROR:root:[ERROR]: Failed to transcribe audio chunk: VadOptions.__init__() got an unexpected keyword argument 'onset'
INFO:faster_whisper:Processing audio with duration 00:11.000
ERROR:root:[ERROR]: Failed to transcribe audio chunk: VadOptions.__init__() got an unexpected keyword argument 'onset'
INFO:faster_whisper:Processing audio with duration 00:11.000
ERROR:root:[ERROR]: Failed to transcribe audio chunk: VadOptions.__init__() got an unexpected keyword argument 'onset'
INFO:faster_whisper:Processing audio with duration 00:11.050
ERROR:root:[ERROR]: Failed to transcribe audio chunk: VadOptions.__init__() got an unexpected keyword argument 'onset'
INFO:faster_whisper:Processing audio with duration 00:11.050
ERROR:root:[ERROR]: Failed to transcribe audio chunk: VadOptions.__init__() got an unexpected keyword argument 'onset'
INFO:faster_whisper:Processing audio with duration 00:11.050
ERROR:root:[ERROR]: Failed to transcribe audio chunk: VadOptions.__init__() got an unexpected keyword argument 'onset'
INFO:faster_whisper:Processing audio with duration 00:11.050
ERROR:root:[ERROR]: Failed to transcribe audio chunk: VadOptions.__init__() got an unexpected keyword argument 'onset'
INFO:faster_whisper:Processing audio with duration 00:11.050
ERROR:root:[ERROR]: Failed to transcribe audio chunk: VadOptions.__init__() got an unexpected keyword argument 'onset'
INFO:faster_whisper:Processing audio with duration 00:11.100
ERROR:root:[ERROR]: Failed to transcribe audio chunk: VadOptions.__init__() got an unexpected keyword argument 'onset'
INFO:faster_whisper:Processing audio with duration 00:11.100
ERROR:root:[ERROR]: Failed to transcribe audio chunk: VadOptions.__init__() got an unexpected keyword argument 'onset'
INFO:faster_whisper:Processing audio with duration 00:11.100
ERROR:root:[ERROR]: Failed to transcribe audio chunk: VadOptions.__init__() got an unexpected keyword argument 'onset'
INFO:faster_whisper:Processing audio with duration 00:11.100
ERROR:root:[ERROR]: Failed to transcribe audio chunk: VadOptions.__init__() got an unexpected keyword argument 'onset'
INFO:faster_whisper:Processing audio with duration 00:11.150
ERROR:root:[ERROR]: Failed to transcribe audio chunk: VadOptions.__init__() got an unexpected keyword argument 'onset'
INFO:faster_whisper:Processing audio with duration 00:11.150
ERROR:root:[ERROR]: Failed to transcribe audio chunk: VadOptions.__init__() got an unexpected keyword argument 'onset'
INFO:faster_whisper:Processing audio with duration 00:11.150
ERROR:root:[ERROR]: Failed to transcribe audio chunk: VadOptions.__init__() got an unexpected keyword argument 'onset'
INFO:faster_whisper:Processing audio with duration 00:11.150
ERROR:root:[ERROR]: Failed to transcribe audio chunk: VadOptions.__init__() got an unexpected keyword argument 'onset'
INFO:faster_whisper:Processing audio with duration 00:11.150
ERROR:root:[ERROR]: Failed to transcribe audio chunk: VadOptions.__init__() got an unexpected keyword argument 'onset'
INFO:faster_whisper:Processing audio with duration 00:11.200
ERROR:root:[ERROR]: Failed to transcribe audio chunk: VadOptions.__init__() got an unexpected keyword argument 'onset'
INFO:faster_whisper:Processing audio with duration 00:11.200
ERROR:root:[ERROR]: Failed to transcribe audio chunk: VadOptions.__init__() got an unexpected keyword argument 'onset'
INFO:faster_whisper:Processing audio with duration 00:11.200
ERROR:root:[ERROR]: Failed to transcribe audio chunk: VadOptions.__init__() got an unexpected keyword argument 'onset'
INFO:faster_whisper:Processing audio with duration 00:11.200
ERROR:root:[ERROR]: Failed to transcribe audio chunk: VadOptions.__init__() got an unexpected keyword argument 'onset'
INFO:faster_whisper:Processing audio with duration 00:11.200
ERROR:root:[ERROR]: Failed to transcribe audio chunk: VadOptions.__init__() got an unexpected keyword argument 'onset'
INFO:faster_whisper:Processing audio with duration 00:11.250
ERROR:root:[ERROR]: Failed to transcribe audio chunk: VadOptions.__init__() got an unexpected keyword argument 'onset'
INFO:faster_whisper:Processing audio with duration 00:11.250
ERROR:root:[ERROR]: Failed to transcribe audio chunk: VadOptions.__init__() got an unexpected keyword argument 'onset'
INFO:faster_whisper:Processing audio with duration 00:11.250
ERROR:root:[ERROR]: Failed to transcribe audio chunk: VadOptions.__init__() got an unexpected keyword argument 'onset'
INFO:faster_whisper:Processing audio with duration 00:11.250
ERROR:root:[ERROR]: Failed to transcribe audio chunk: VadOptions.__init__() got an unexpected keyword argument 'onset'
INFO:faster_whisper:Processing audio with duration 00:11.250
ERROR:root:[ERROR]: Failed to transcribe audio chunk: VadOptions.__init__() got an unexpected keyword argument 'onset'
INFO:faster_whisper:Processing audio with duration 00:11.300
ERROR:root:[ERROR]: Failed to transcribe audio chunk: VadOptions.__init__() got an unexpected keyword argument 'onset'
INFO:faster_whisper:Processing audio with duration 00:11.300
ERROR:root:[ERROR]: Failed to transcribe audio chunk: VadOptions.__init__() got an unexpected keyword argument 'onset'
INFO:faster_whisper:Processing audio with duration 00:11.300
ERROR:root:[ERROR]: Failed to transcribe audio chunk: VadOptions.__init__() got an unexpected keyword argument 'onset'
INFO:faster_whisper:Processing audio with duration 00:11.300
ERROR:root:[ERROR]: Failed to transcribe audio chunk: VadOptions.__init__() got an unexpected keyword argument 'onset'
INFO:faster_whisper:Processing audio with duration 00:11.350
ERROR:root:[ERROR]: Failed to transcribe audio chunk: VadOptions.__init__() got an unexpected keyword argument 'onset'
INFO:faster_whisper:Processing audio with duration 00:11.350
ERROR:root:[ERROR]: Failed to transcribe audio chunk: VadOptions.__init__() got an unexpected keyword argument 'onset'
INFO:faster_whisper:Processing audio with duration 00:11.350
ERROR:root:[ERROR]: Failed to transcribe audio chunk: VadOptions.__init__() got an unexpected keyword argument 'onset'
INFO:faster_whisper:Processing audio with duration 00:11.350
ERROR:root:[ERROR]: Failed to transcribe audio chunk: VadOptions.__init__() got an unexpected keyword argument 'onset'
INFO:faster_whisper:Processing audio with duration 00:11.350
ERROR:root:[ERROR]: Failed to transcribe audio chunk: VadOptions.__init__() got an unexpected keyword argument 'onset'
INFO:faster_whisper:Processing audio with duration 00:11.400
ERROR:root:[ERROR]: Failed to transcribe audio chunk: VadOptions.__init__() got an unexpected keyword argument 'onset'
INFO:faster_whisper:Processing audio with duration 00:11.400
ERROR:root:[ERROR]: Failed to transcribe audio chunk: VadOptions.__init__() got an unexpected keyword argument 'onset'
INFO:faster_whisper:Processing audio with duration 00:11.400
ERROR:root:[ERROR]: Failed to transcribe audio chunk: VadOptions.__init__() got an unexpected keyword argument 'onset'
INFO:faster_whisper:Processing audio with duration 00:11.400
ERROR:root:[ERROR]: Failed to transcribe audio chunk: VadOptions.__init__() got an unexpected keyword argument 'onset'
INFO:faster_whisper:Processing audio with duration 00:11.450
ERROR:root:[ERROR]: Failed to transcribe audio chunk: VadOptions.__init__() got an unexpected keyword argument 'onset'
INFO:faster_whisper:Processing audio with duration 00:11.450
ERROR:root:[ERROR]: Failed to transcribe audio chunk: VadOptions.__init__() got an unexpected keyword argument 'onset'
INFO:faster_whisper:Processing audio with duration 00:11.450
ERROR:root:[ERROR]: Failed to transcribe audio chunk: VadOptions.__init__() got an unexpected keyword argument 'onset'
INFO:faster_whisper:Processing audio with duration 00:11.450
ERROR:root:[ERROR]: Failed to transcribe audio chunk: VadOptions.__init__() got an unexpected keyword argument 'onset'
INFO:faster_whisper:Processing audio with duration 00:11.450
ERROR:root:[ERROR]: Failed to transcribe audio chunk: VadOptions.__init__() got an unexpected keyword argument 'onset'
INFO:faster_whisper:Processing audio with duration 00:11.500
ERROR:root:[ERROR]: Failed to transcribe audio chunk: VadOptions.__init__() got an unexpected keyword argument 'onset'
INFO:faster_whisper:Processing audio with duration 00:11.500
ERROR:root:[ERROR]: Failed to transcribe audio chunk: VadOptions.__init__() got an unexpected keyword argument 'onset'
INFO:faster_whisper:Processing audio with duration 00:11.500
ERROR:root:[ERROR]: Failed to transcribe audio chunk: VadOptions.__init__() got an unexpected keyword argument 'onset'
INFO:faster_whisper:Processing audio with duration 00:11.500
ERROR:root:[ERROR]: Failed to transcribe audio chunk: VadOptions.__init__() got an unexpected keyword argument 'onset'
INFO:faster_whisper:Processing audio with duration 00:11.550
ERROR:root:[ERROR]: Failed to transcribe audio chunk: VadOptions.__init__() got an unexpected keyword argument 'onset'
INFO:faster_whisper:Processing audio with duration 00:11.550
ERROR:root:[ERROR]: Failed to transcribe audio chunk: VadOptions.__init__() got an unexpected keyword argument 'onset'
INFO:faster_whisper:Processing audio with duration 00:11.550
ERROR:root:[ERROR]: Failed to transcribe audio chunk: VadOptions.__init__() got an unexpected keyword argument 'onset'
INFO:faster_whisper:Processing audio with duration 00:11.550
ERROR:root:[ERROR]: Failed to transcribe audio chunk: VadOptions.__init__() got an unexpected keyword argument 'onset'
INFO:faster_whisper:Processing audio with duration 00:11.550
ERROR:root:[ERROR]: Failed to transcribe audio chunk: VadOptions.__init__() got an unexpected keyword argument 'onset'
INFO:faster_whisper:Processing audio with duration 00:11.600
ERROR:root:[ERROR]: Failed to transcribe audio chunk: VadOptions.__init__() got an unexpected keyword argument 'onset'
INFO:faster_whisper:Processing audio with duration 00:11.600
ERROR:root:[ERROR]: Failed to transcribe audio chunk: VadOptions.__init__() got an unexpected keyword argument 'onset'
INFO:faster_whisper:Processing audio with duration 00:11.600
ERROR:root:[ERROR]: Failed to transcribe audio chunk: VadOptions.__init__() got an unexpected keyword argument 'onset'
INFO:faster_whisper:Processing audio with duration 00:11.600
ERROR:root:[ERROR]: Failed to transcribe audio chunk: VadOptions.__init__() got an unexpected keyword argument 'onset'
INFO:faster_whisper:Processing audio with duration 00:11.600
ERROR:root:[ERROR]: Failed to transcribe audio chunk: VadOptions.__init__() got an unexpected keyword argument 'onset'
INFO:faster_whisper:Processing audio with duration 00:11.650
ERROR:root:[ERROR]: Failed to transcribe audio chunk: VadOptions.__init__() got an unexpected keyword argument 'onset'
INFO:faster_whisper:Processing audio with duration 00:11.650
ERROR:root:[ERROR]: Failed to transcribe audio chunk: VadOptions.__init__() got an unexpected keyword argument 'onset'
INFO:faster_whisper:Processing audio with duration 00:11.650
ERROR:root:[ERROR]: Failed to transcribe audio chunk: VadOptions.__init__() got an unexpected keyword argument 'onset'
INFO:faster_whisper:Processing audio with duration 00:11.650
ERROR:root:[ERROR]: Failed to transcribe audio chunk: VadOptions.__init__() got an unexpected keyword argument 'onset'
INFO:faster_whisper:Processing audio with duration 00:11.650
ERROR:root:[ERROR]: Failed to transcribe audio chunk: VadOptions.__init__() got an unexpected keyword argument 'onset'
INFO:faster_whisper:Processing audio with duration 00:11.700
ERROR:root:[ERROR]: Failed to transcribe audio chunk: VadOptions.__init__() got an unexpected keyword argument 'onset'
INFO:faster_whisper:Processing audio with duration 00:11.700
ERROR:root:[ERROR]: Failed to transcribe audio chunk: VadOptions.__init__() got an unexpected keyword argument 'onset'
INFO:faster_whisper:Processing audio with duration 00:11.700
ERROR:root:[ERROR]: Failed to transcribe audio chunk: VadOptions.__init__() got an unexpected keyword argument 'onset'
INFO:faster_whisper:Processing audio with duration 00:11.700
ERROR:root:[ERROR]: Failed to transcribe audio chunk: VadOptions.__init__() got an unexpected keyword argument 'onset'
INFO:faster_whisper:Processing audio with duration 00:11.750
ERROR:root:[ERROR]: Failed to transcribe audio chunk: VadOptions.__init__() got an unexpected keyword argument 'onset'
INFO:faster_whisper:Processing audio with duration 00:11.750
ERROR:root:[ERROR]: Failed to transcribe audio chunk: VadOptions.__init__() got an unexpected keyword argument 'onset'
INFO:faster_whisper:Processing audio with duration 00:11.750
ERROR:root:[ERROR]: Failed to transcribe audio chunk: VadOptions.__init__() got an unexpected keyword argument 'onset'
INFO:faster_whisper:Processing audio with duration 00:11.750
ERROR:root:[ERROR]: Failed to transcribe audio chunk: VadOptions.__init__() got an unexpected keyword argument 'onset'
INFO:faster_whisper:Processing audio with duration 00:11.800
ERROR:root:[ERROR]: Failed to transcribe audio chunk: VadOptions.__init__() got an unexpected keyword argument 'onset'
INFO:faster_whisper:Processing audio with duration 00:11.800
ERROR:root:[ERROR]: Failed to transcribe audio chunk: VadOptions.__init__() got an unexpected keyword argument 'onset'
INFO:faster_whisper:Processing audio with duration 00:11.800
ERROR:root:[ERROR]: Failed to transcribe audio chunk: VadOptions.__init__() got an unexpected keyword argument 'onset'
INFO:faster_whisper:Processing audio with duration 00:11.800
ERROR:root:[ERROR]: Failed to transcribe audio chunk: VadOptions.__init__() got an unexpected keyword argument 'onset'
INFO:faster_whisper:Processing audio with duration 00:11.800
ERROR:root:[ERROR]: Failed to transcribe audio chunk: VadOptions.__init__() got an unexpected keyword argument 'onset'
INFO:faster_whisper:Processing audio with duration 00:11.850
ERROR:root:[ERROR]: Failed to transcribe audio chunk: VadOptions.__init__() got an unexpected keyword argument 'onset'
INFO:faster_whisper:Processing audio with duration 00:11.850
ERROR:root:[ERROR]: Failed to transcribe audio chunk: VadOptions.__init__() got an unexpected keyword argument 'onset'
INFO:faster_whisper:Processing audio with duration 00:11.850
ERROR:root:[ERROR]: Failed to transcribe audio chunk: VadOptions.__init__() got an unexpected keyword argument 'onset'
INFO:faster_whisper:Processing audio with duration 00:11.850
ERROR:root:[ERROR]: Failed to transcribe audio chunk: VadOptions.__init__() got an unexpected keyword argument 'onset'
INFO:faster_whisper:Processing audio with duration 00:11.850
ERROR:root:[ERROR]: Failed to transcribe audio chunk: VadOptions.__init__() got an unexpected keyword argument 'onset'
INFO:faster_whisper:Processing audio with duration 00:11.900
ERROR:root:[ERROR]: Failed to transcribe audio chunk: VadOptions.__init__() got an unexpected keyword argument 'onset'
INFO:faster_whisper:Processing audio with duration 00:11.900
ERROR:root:[ERROR]: Failed to transcribe audio chunk: VadOptions.__init__() got an unexpected keyword argument 'onset'
INFO:faster_whisper:Processing audio with duration 00:11.900
ERROR:root:[ERROR]: Failed to transcribe audio chunk: VadOptions.__init__() got an unexpected keyword argument 'onset'
INFO:faster_whisper:Processing audio with duration 00:11.900
ERROR:root:[ERROR]: Failed to transcribe audio chunk: VadOptions.__init__() got an unexpected keyword argument 'onset'
INFO:faster_whisper:Processing audio with duration 00:11.950
ERROR:root:[ERROR]: Failed to transcribe audio chunk: VadOptions.__init__() got an unexpected keyword argument 'onset'
INFO:faster_whisper:Processing audio with duration 00:11.950
ERROR:root:[ERROR]: Failed to transcribe audio chunk: VadOptions.__init__() got an unexpected keyword argument 'onset'
INFO:faster_whisper:Processing audio with duration 00:11.950
ERROR:root:[ERROR]: Failed to transcribe audio chunk: VadOptions.__init__() got an unexpected keyword argument 'onset'
INFO:faster_whisper:Processing audio with duration 00:11.950
ERROR:root:[ERROR]: Failed to transcribe audio chunk: VadOptions.__init__() got an unexpected keyword argument 'onset'
INFO:faster_whisper:Processing audio with duration 00:11.950
ERROR:root:[ERROR]: Failed to transcribe audio chunk: VadOptions.__init__() got an unexpected keyword argument 'onset'
INFO:faster_whisper:Processing audio with duration 00:12.000
ERROR:root:[ERROR]: Failed to transcribe audio chunk: VadOptions.__init__() got an unexpected keyword argument 'onset'
INFO:faster_whisper:Processing audio with duration 00:12.000
ERROR:root:[ERROR]: Failed to transcribe audio chunk: VadOptions.__init__() got an unexpected keyword argument 'onset'
INFO:faster_whisper:Processing audio with duration 00:12.000
ERROR:root:[ERROR]: Failed to transcribe audio chunk: VadOptions.__init__() got an unexpected keyword argument 'onset'
INFO:faster_whisper:Processing audio with duration 00:12.000
ERROR:root:[ERROR]: Failed to transcribe audio chunk: VadOptions.__init__() got an unexpected keyword argument 'onset'
INFO:faster_whisper:Processing audio with duration 00:12.050
ERROR:root:[ERROR]: Failed to transcribe audio chunk: VadOptions.__init__() got an unexpected keyword argument 'onset'
INFO:faster_whisper:Processing audio with duration 00:12.050
ERROR:root:[ERROR]: Failed to transcribe audio chunk: VadOptions.__init__() got an unexpected keyword argument 'onset'
INFO:faster_whisper:Processing audio with duration 00:12.050
ERROR:root:[ERROR]: Failed to transcribe audio chunk: VadOptions.__init__() got an unexpected keyword argument 'onset'
INFO:faster_whisper:Processing audio with duration 00:12.050
ERROR:root:[ERROR]: Failed to transcribe audio chunk: VadOptions.__init__() got an unexpected keyword argument 'onset'
INFO:faster_whisper:Processing audio with duration 00:12.050
ERROR:root:[ERROR]: Failed to transcribe audio chunk: VadOptions.__init__() got an unexpected keyword argument 'onset'
INFO:faster_whisper:Processing audio with duration 00:12.100
ERROR:root:[ERROR]: Failed to transcribe audio chunk: VadOptions.__init__() got an unexpected keyword argument 'onset'
INFO:faster_whisper:Processing audio with duration 00:12.100
ERROR:root:[ERROR]: Failed to transcribe audio chunk: VadOptions.__init__() got an unexpected keyword argument 'onset'
INFO:faster_whisper:Processing audio with duration 00:12.100
ERROR:root:[ERROR]: Failed to transcribe audio chunk: VadOptions.__init__() got an unexpected keyword argument 'onset'
INFO:faster_whisper:Processing audio with duration 00:12.100
ERROR:root:[ERROR]: Failed to transcribe audio chunk: VadOptions.__init__() got an unexpected keyword argument 'onset'
INFO:faster_whisper:Processing audio with duration 00:12.100
ERROR:root:[ERROR]: Failed to transcribe audio chunk: VadOptions.__init__() got an unexpected keyword argument 'onset'
INFO:faster_whisper:Processing audio with duration 00:12.150
ERROR:root:[ERROR]: Failed to transcribe audio chunk: VadOptions.__init__() got an unexpected keyword argument 'onset'
INFO:faster_whisper:Processing audio with duration 00:12.150
ERROR:root:[ERROR]: Failed to transcribe audio chunk: VadOptions.__init__() got an unexpected keyword argument 'onset'
INFO:faster_whisper:Processing audio with duration 00:12.150
ERROR:root:[ERROR]: Failed to transcribe audio chunk: VadOptions.__init__() got an unexpected keyword argument 'onset'
INFO:faster_whisper:Processing audio with duration 00:12.150
ERROR:root:[ERROR]: Failed to transcribe audio chunk: VadOptions.__init__() got an unexpected keyword argument 'onset'
INFO:faster_whisper:Processing audio with duration 00:12.200
ERROR:root:[ERROR]: Failed to transcribe audio chunk: VadOptions.__init__() got an unexpected keyword argument 'onset'
INFO:faster_whisper:Processing audio with duration 00:12.200
ERROR:root:[ERROR]: Failed to transcribe audio chunk: VadOptions.__init__() got an unexpected keyword argument 'onset'
INFO:faster_whisper:Processing audio with duration 00:12.200
ERROR:root:[ERROR]: Failed to transcribe audio chunk: VadOptions.__init__() got an unexpected keyword argument 'onset'
INFO:faster_whisper:Processing audio with duration 00:12.200
ERROR:root:[ERROR]: Failed to transcribe audio chunk: VadOptions.__init__() got an unexpected keyword argument 'onset'
INFO:faster_whisper:Processing audio with duration 00:12.200
ERROR:root:[ERROR]: Failed to transcribe audio chunk: VadOptions.__init__() got an unexpected keyword argument 'onset'
INFO:faster_whisper:Processing audio with duration 00:12.250
ERROR:root:[ERROR]: Failed to transcribe audio chunk: VadOptions.__init__() got an unexpected keyword argument 'onset'
INFO:faster_whisper:Processing audio with duration 00:12.250
ERROR:root:[ERROR]: Failed to transcribe audio chunk: VadOptions.__init__() got an unexpected keyword argument 'onset'
INFO:faster_whisper:Processing audio with duration 00:12.250
ERROR:root:[ERROR]: Failed to transcribe audio chunk: VadOptions.__init__() got an unexpected keyword argument 'onset'
INFO:faster_whisper:Processing audio with duration 00:12.250
ERROR:root:[ERROR]: Failed to transcribe audio chunk: VadOptions.__init__() got an unexpected keyword argument 'onset'
INFO:faster_whisper:Processing audio with duration 00:12.250
ERROR:root:[ERROR]: Failed to transcribe audio chunk: VadOptions.__init__() got an unexpected keyword argument 'onset'
INFO:faster_whisper:Processing audio with duration 00:12.300
ERROR:root:[ERROR]: Failed to transcribe audio chunk: VadOptions.__init__() got an unexpected keyword argument 'onset'
INFO:faster_whisper:Processing audio with duration 00:12.300
ERROR:root:[ERROR]: Failed to transcribe audio chunk: VadOptions.__init__() got an unexpected keyword argument 'onset'
INFO:faster_whisper:Processing audio with duration 00:12.300
ERROR:root:[ERROR]: Failed to transcribe audio chunk: VadOptions.__init__() got an unexpected keyword argument 'onset'
INFO:faster_whisper:Processing audio with duration 00:12.300
ERROR:root:[ERROR]: Failed to transcribe audio chunk: VadOptions.__init__() got an unexpected keyword argument 'onset'
INFO:faster_whisper:Processing audio with duration 00:12.300
ERROR:root:[ERROR]: Failed to transcribe audio chunk: VadOptions.__init__() got an unexpected keyword argument 'onset'
INFO:faster_whisper:Processing audio with duration 00:12.350
ERROR:root:[ERROR]: Failed to transcribe audio chunk: VadOptions.__init__() got an unexpected keyword argument 'onset'
INFO:faster_whisper:Processing audio with duration 00:12.350
ERROR:root:[ERROR]: Failed to transcribe audio chunk: VadOptions.__init__() got an unexpected keyword argument 'onset'
INFO:faster_whisper:Processing audio with duration 00:12.350
ERROR:root:[ERROR]: Failed to transcribe audio chunk: VadOptions.__init__() got an unexpected keyword argument 'onset'
INFO:faster_whisper:Processing audio with duration 00:12.350
ERROR:root:[ERROR]: Failed to transcribe audio chunk: VadOptions.__init__() got an unexpected keyword argument 'onset'
INFO:faster_whisper:Processing audio with duration 00:12.400
ERROR:root:[ERROR]: Failed to transcribe audio chunk: VadOptions.__init__() got an unexpected keyword argument 'onset'
INFO:faster_whisper:Processing audio with duration 00:12.400
ERROR:root:[ERROR]: Failed to transcribe audio chunk: VadOptions.__init__() got an unexpected keyword argument 'onset'
INFO:faster_whisper:Processing audio with duration 00:12.400
ERROR:root:[ERROR]: Failed to transcribe audio chunk: VadOptions.__init__() got an unexpected keyword argument 'onset'
INFO:faster_whisper:Processing audio with duration 00:12.400
ERROR:root:[ERROR]: Failed to transcribe audio chunk: VadOptions.__init__() got an unexpected keyword argument 'onset'
INFO:faster_whisper:Processing audio with duration 00:12.400
ERROR:root:[ERROR]: Failed to transcribe audio chunk: VadOptions.__init__() got an unexpected keyword argument 'onset'
INFO:faster_whisper:Processing audio with duration 00:12.450
ERROR:root:[ERROR]: Failed to transcribe audio chunk: VadOptions.__init__() got an unexpected keyword argument 'onset'
INFO:faster_whisper:Processing audio with duration 00:12.450
ERROR:root:[ERROR]: Failed to transcribe audio chunk: VadOptions.__init__() got an unexpected keyword argument 'onset'
INFO:faster_whisper:Processing audio with duration 00:12.450
ERROR:root:[ERROR]: Failed to transcribe audio chunk: VadOptions.__init__() got an unexpected keyword argument 'onset'
INFO:faster_whisper:Processing audio with duration 00:12.450
ERROR:root:[ERROR]: Failed to transcribe audio chunk: VadOptions.__init__() got an unexpected keyword argument 'onset'
INFO:faster_whisper:Processing audio with duration 00:12.450
ERROR:root:[ERROR]: Failed to transcribe audio chunk: VadOptions.__init__() got an unexpected keyword argument 'onset'
INFO:faster_whisper:Processing audio with duration 00:12.500
ERROR:root:[ERROR]: Failed to transcribe audio chunk: VadOptions.__init__() got an unexpected keyword argument 'onset'
INFO:faster_whisper:Processing audio with duration 00:12.500
ERROR:root:[ERROR]: Failed to transcribe audio chunk: VadOptions.__init__() got an unexpected keyword argument 'onset'
INFO:faster_whisper:Processing audio with duration 00:12.500
ERROR:root:[ERROR]: Failed to transcribe audio chunk: VadOptions.__init__() got an unexpected keyword argument 'onset'
INFO:faster_whisper:Processing audio with duration 00:12.500
ERROR:root:[ERROR]: Failed to transcribe audio chunk: VadOptions.__init__() got an unexpected keyword argument 'onset'
INFO:faster_whisper:Processing audio with duration 00:12.500
ERROR:root:[ERROR]: Failed to transcribe audio chunk: VadOptions.__init__() got an unexpected keyword argument 'onset'
INFO:faster_whisper:Processing audio with duration 00:12.550
ERROR:root:[ERROR]: Failed to transcribe audio chunk: VadOptions.__init__() got an unexpected keyword argument 'onset'
INFO:faster_whisper:Processing audio with duration 00:12.550
ERROR:root:[ERROR]: Failed to transcribe audio chunk: VadOptions.__init__() got an unexpected keyword argument 'onset'
INFO:faster_whisper:Processing audio with duration 00:12.550
ERROR:root:[ERROR]: Failed to transcribe audio chunk: VadOptions.__init__() got an unexpected keyword argument 'onset'
INFO:faster_whisper:Processing audio with duration 00:12.550
ERROR:root:[ERROR]: Failed to transcribe audio chunk: VadOptions.__init__() got an unexpected keyword argument 'onset'
INFO:faster_whisper:Processing audio with duration 00:12.600
ERROR:root:[ERROR]: Failed to transcribe audio chunk: VadOptions.__init__() got an unexpected keyword argument 'onset'
INFO:faster_whisper:Processing audio with duration 00:12.600
ERROR:root:[ERROR]: Failed to transcribe audio chunk: VadOptions.__init__() got an unexpected keyword argument 'onset'
INFO:faster_whisper:Processing audio with duration 00:12.600
ERROR:root:[ERROR]: Failed to transcribe audio chunk: VadOptions.__init__() got an unexpected keyword argument 'onset'
INFO:faster_whisper:Processing audio with duration 00:12.600
ERROR:root:[ERROR]: Failed to transcribe audio chunk: VadOptions.__init__() got an unexpected keyword argument 'onset'
INFO:faster_whisper:Processing audio with duration 00:12.600
ERROR:root:[ERROR]: Failed to transcribe audio chunk: VadOptions.__init__() got an unexpected keyword argument 'onset'
INFO:faster_whisper:Processing audio with duration 00:12.650
ERROR:root:[ERROR]: Failed to transcribe audio chunk: VadOptions.__init__() got an unexpected keyword argument 'onset'
INFO:faster_whisper:Processing audio with duration 00:12.650
ERROR:root:[ERROR]: Failed to transcribe audio chunk: VadOptions.__init__() got an unexpected keyword argument 'onset'
INFO:faster_whisper:Processing audio with duration 00:12.650
ERROR:root:[ERROR]: Failed to transcribe audio chunk: VadOptions.__init__() got an unexpected keyword argument 'onset'
INFO:faster_whisper:Processing audio with duration 00:12.650
ERROR:root:[ERROR]: Failed to transcribe audio chunk: VadOptions.__init__() got an unexpected keyword argument 'onset'
INFO:faster_whisper:Processing audio with duration 00:12.650
ERROR:root:[ERROR]: Failed to transcribe audio chunk: VadOptions.__init__() got an unexpected keyword argument 'onset'
INFO:faster_whisper:Processing audio with duration 00:12.700
ERROR:root:[ERROR]: Failed to transcribe audio chunk: VadOptions.__init__() got an unexpected keyword argument 'onset'
INFO:faster_whisper:Processing audio with duration 00:12.700
ERROR:root:[ERROR]: Failed to transcribe audio chunk: VadOptions.__init__() got an unexpected keyword argument 'onset'
INFO:faster_whisper:Processing audio with duration 00:12.700
ERROR:root:[ERROR]: Failed to transcribe audio chunk: VadOptions.__init__() got an unexpected keyword argument 'onset'
INFO:faster_whisper:Processing audio with duration 00:12.700
ERROR:root:[ERROR]: Failed to transcribe audio chunk: VadOptions.__init__() got an unexpected keyword argument 'onset'
INFO:faster_whisper:Processing audio with duration 00:12.750
ERROR:root:[ERROR]: Failed to transcribe audio chunk: VadOptions.__init__() got an unexpected keyword argument 'onset'
INFO:faster_whisper:Processing audio with duration 00:12.750
ERROR:root:[ERROR]: Failed to transcribe audio chunk: VadOptions.__init__() got an unexpected keyword argument 'onset'
INFO:faster_whisper:Processing audio with duration 00:12.750
ERROR:root:[ERROR]: Failed to transcribe audio chunk: VadOptions.__init__() got an unexpected keyword argument 'onset'
INFO:faster_whisper:Processing audio with duration 00:12.750
ERROR:root:[ERROR]: Failed to transcribe audio chunk: VadOptions.__init__() got an unexpected keyword argument 'onset'
INFO:faster_whisper:Processing audio with duration 00:12.750
ERROR:root:[ERROR]: Failed to transcribe audio chunk: VadOptions.__init__() got an unexpected keyword argument 'onset'
INFO:faster_whisper:Processing audio with duration 00:12.800
ERROR:root:[ERROR]: Failed to transcribe audio chunk: VadOptions.__init__() got an unexpected keyword argument 'onset'
INFO:faster_whisper:Processing audio with duration 00:12.800
ERROR:root:[ERROR]: Failed to transcribe audio chunk: VadOptions.__init__() got an unexpected keyword argument 'onset'
INFO:faster_whisper:Processing audio with duration 00:12.800
ERROR:root:[ERROR]: Failed to transcribe audio chunk: VadOptions.__init__() got an unexpected keyword argument 'onset'
INFO:faster_whisper:Processing audio with duration 00:12.800
ERROR:root:[ERROR]: Failed to transcribe audio chunk: VadOptions.__init__() got an unexpected keyword argument 'onset'
INFO:faster_whisper:Processing audio with duration 00:12.800
ERROR:root:[ERROR]: Failed to transcribe audio chunk: VadOptions.__init__() got an unexpected keyword argument 'onset'
INFO:faster_whisper:Processing audio with duration 00:12.850
ERROR:root:[ERROR]: Failed to transcribe audio chunk: VadOptions.__init__() got an unexpected keyword argument 'onset'
INFO:faster_whisper:Processing audio with duration 00:12.850
ERROR:root:[ERROR]: Failed to transcribe audio chunk: VadOptions.__init__() got an unexpected keyword argument 'onset'
INFO:faster_whisper:Processing audio with duration 00:12.850
ERROR:root:[ERROR]: Failed to transcribe audio chunk: VadOptions.__init__() got an unexpected keyword argument 'onset'
INFO:faster_whisper:Processing audio with duration 00:12.850
ERROR:root:[ERROR]: Failed to transcribe audio chunk: VadOptions.__init__() got an unexpected keyword argument 'onset'
INFO:faster_whisper:Processing audio with duration 00:12.850
ERROR:root:[ERROR]: Failed to transcribe audio chunk: VadOptions.__init__() got an unexpected keyword argument 'onset'
INFO:faster_whisper:Processing audio with duration 00:12.900
ERROR:root:[ERROR]: Failed to transcribe audio chunk: VadOptions.__init__() got an unexpected keyword argument 'onset'
INFO:faster_whisper:Processing audio with duration 00:12.900
ERROR:root:[ERROR]: Failed to transcribe audio chunk: VadOptions.__init__() got an unexpected keyword argument 'onset'
INFO:faster_whisper:Processing audio with duration 00:12.900
ERROR:root:[ERROR]: Failed to transcribe audio chunk: VadOptions.__init__() got an unexpected keyword argument 'onset'
INFO:faster_whisper:Processing audio with duration 00:12.900
ERROR:root:[ERROR]: Failed to transcribe audio chunk: VadOptions.__init__() got an unexpected keyword argument 'onset'
INFO:faster_whisper:Processing audio with duration 00:12.950
ERROR:root:[ERROR]: Failed to transcribe audio chunk: VadOptions.__init__() got an unexpected keyword argument 'onset'
INFO:faster_whisper:Processing audio with duration 00:12.950
ERROR:root:[ERROR]: Failed to transcribe audio chunk: VadOptions.__init__() got an unexpected keyword argument 'onset'
INFO:faster_whisper:Processing audio with duration 00:12.950
ERROR:root:[ERROR]: Failed to transcribe audio chunk: VadOptions.__init__() got an unexpected keyword argument 'onset'
INFO:faster_whisper:Processing audio with duration 00:12.950
ERROR:root:[ERROR]: Failed to transcribe audio chunk: VadOptions.__init__() got an unexpected keyword argument 'onset'
INFO:faster_whisper:Processing audio with duration 00:12.950
ERROR:root:[ERROR]: Failed to transcribe audio chunk: VadOptions.__init__() got an unexpected keyword argument 'onset'
INFO:faster_whisper:Processing audio with duration 00:13.000
ERROR:root:[ERROR]: Failed to transcribe audio chunk: VadOptions.__init__() got an unexpected keyword argument 'onset'
INFO:faster_whisper:Processing audio with duration 00:13.000
ERROR:root:[ERROR]: Failed to transcribe audio chunk: VadOptions.__init__() got an unexpected keyword argument 'onset'
INFO:faster_whisper:Processing audio with duration 00:13.000
ERROR:root:[ERROR]: Failed to transcribe audio chunk: VadOptions.__init__() got an unexpected keyword argument 'onset'
INFO:faster_whisper:Processing audio with duration 00:13.000
ERROR:root:[ERROR]: Failed to transcribe audio chunk: VadOptions.__init__() got an unexpected keyword argument 'onset'
INFO:faster_whisper:Processing audio with duration 00:13.000
ERROR:root:[ERROR]: Failed to transcribe audio chunk: VadOptions.__init__() got an unexpected keyword argument 'onset'
INFO:faster_whisper:Processing audio with duration 00:13.050
ERROR:root:[ERROR]: Failed to transcribe audio chunk: VadOptions.__init__() got an unexpected keyword argument 'onset'
INFO:faster_whisper:Processing audio with duration 00:13.050
ERROR:root:[ERROR]: Failed to transcribe audio chunk: VadOptions.__init__() got an unexpected keyword argument 'onset'
INFO:faster_whisper:Processing audio with duration 00:13.050
ERROR:root:[ERROR]: Failed to transcribe audio chunk: VadOptions.__init__() got an unexpected keyword argument 'onset'
INFO:faster_whisper:Processing audio with duration 00:13.050
ERROR:root:[ERROR]: Failed to transcribe audio chunk: VadOptions.__init__() got an unexpected keyword argument 'onset'
INFO:faster_whisper:Processing audio with duration 00:13.050
ERROR:root:[ERROR]: Failed to transcribe audio chunk: VadOptions.__init__() got an unexpected keyword argument 'onset'
INFO:faster_whisper:Processing audio with duration 00:13.100
ERROR:root:[ERROR]: Failed to transcribe audio chunk: VadOptions.__init__() got an unexpected keyword argument 'onset'
INFO:faster_whisper:Processing audio with duration 00:13.100
ERROR:root:[ERROR]: Failed to transcribe audio chunk: VadOptions.__init__() got an unexpected keyword argument 'onset'
INFO:faster_whisper:Processing audio with duration 00:13.100
ERROR:root:[ERROR]: Failed to transcribe audio chunk: VadOptions.__init__() got an unexpected keyword argument 'onset'
INFO:faster_whisper:Processing audio with duration 00:13.100
ERROR:root:[ERROR]: Failed to transcribe audio chunk: VadOptions.__init__() got an unexpected keyword argument 'onset'
INFO:faster_whisper:Processing audio with duration 00:13.150
ERROR:root:[ERROR]: Failed to transcribe audio chunk: VadOptions.__init__() got an unexpected keyword argument 'onset'
INFO:faster_whisper:Processing audio with duration 00:13.150
ERROR:root:[ERROR]: Failed to transcribe audio chunk: VadOptions.__init__() got an unexpected keyword argument 'onset'
INFO:faster_whisper:Processing audio with duration 00:13.150
ERROR:root:[ERROR]: Failed to transcribe audio chunk: VadOptions.__init__() got an unexpected keyword argument 'onset'
INFO:faster_whisper:Processing audio with duration 00:13.150
ERROR:root:[ERROR]: Failed to transcribe audio chunk: VadOptions.__init__() got an unexpected keyword argument 'onset'
INFO:faster_whisper:Processing audio with duration 00:13.150
ERROR:root:[ERROR]: Failed to transcribe audio chunk: VadOptions.__init__() got an unexpected keyword argument 'onset'
INFO:faster_whisper:Processing audio with duration 00:13.200
ERROR:root:[ERROR]: Failed to transcribe audio chunk: VadOptions.__init__() got an unexpected keyword argument 'onset'
INFO:faster_whisper:Processing audio with duration 00:13.200
ERROR:root:[ERROR]: Failed to transcribe audio chunk: VadOptions.__init__() got an unexpected keyword argument 'onset'
INFO:faster_whisper:Processing audio with duration 00:13.200
ERROR:root:[ERROR]: Failed to transcribe audio chunk: VadOptions.__init__() got an unexpected keyword argument 'onset'
INFO:faster_whisper:Processing audio with duration 00:13.200
ERROR:root:[ERROR]: Failed to transcribe audio chunk: VadOptions.__init__() got an unexpected keyword argument 'onset'
INFO:faster_whisper:Processing audio with duration 00:13.250
ERROR:root:[ERROR]: Failed to transcribe audio chunk: VadOptions.__init__() got an unexpected keyword argument 'onset'
INFO:faster_whisper:Processing audio with duration 00:13.250
ERROR:root:[ERROR]: Failed to transcribe audio chunk: VadOptions.__init__() got an unexpected keyword argument 'onset'
INFO:faster_whisper:Processing audio with duration 00:13.250
ERROR:root:[ERROR]: Failed to transcribe audio chunk: VadOptions.__init__() got an unexpected keyword argument 'onset'
INFO:faster_whisper:Processing audio with duration 00:13.250
ERROR:root:[ERROR]: Failed to transcribe audio chunk: VadOptions.__init__() got an unexpected keyword argument 'onset'
INFO:faster_whisper:Processing audio with duration 00:13.250
ERROR:root:[ERROR]: Failed to transcribe audio chunk: VadOptions.__init__() got an unexpected keyword argument 'onset'
INFO:faster_whisper:Processing audio with duration 00:13.300
ERROR:root:[ERROR]: Failed to transcribe audio chunk: VadOptions.__init__() got an unexpected keyword argument 'onset'
INFO:faster_whisper:Processing audio with duration 00:13.300
ERROR:root:[ERROR]: Failed to transcribe audio chunk: VadOptions.__init__() got an unexpected keyword argument 'onset'
INFO:faster_whisper:Processing audio with duration 00:13.300
ERROR:root:[ERROR]: Failed to transcribe audio chunk: VadOptions.__init__() got an unexpected keyword argument 'onset'
INFO:faster_whisper:Processing audio with duration 00:13.300
ERROR:root:[ERROR]: Failed to transcribe audio chunk: VadOptions.__init__() got an unexpected keyword argument 'onset'
INFO:faster_whisper:Processing audio with duration 00:13.300
ERROR:root:[ERROR]: Failed to transcribe audio chunk: VadOptions.__init__() got an unexpected keyword argument 'onset'
INFO:faster_whisper:Processing audio with duration 00:13.350
ERROR:root:[ERROR]: Failed to transcribe audio chunk: VadOptions.__init__() got an unexpected keyword argument 'onset'
INFO:faster_whisper:Processing audio with duration 00:13.350
ERROR:root:[ERROR]: Failed to transcribe audio chunk: VadOptions.__init__() got an unexpected keyword argument 'onset'
INFO:faster_whisper:Processing audio with duration 00:13.350
ERROR:root:[ERROR]: Failed to transcribe audio chunk: VadOptions.__init__() got an unexpected keyword argument 'onset'
INFO:faster_whisper:Processing audio with duration 00:13.350
ERROR:root:[ERROR]: Failed to transcribe audio chunk: VadOptions.__init__() got an unexpected keyword argument 'onset'
INFO:faster_whisper:Processing audio with duration 00:13.350
ERROR:root:[ERROR]: Failed to transcribe audio chunk: VadOptions.__init__() got an unexpected keyword argument 'onset'
INFO:faster_whisper:Processing audio with duration 00:13.400
ERROR:root:[ERROR]: Failed to transcribe audio chunk: VadOptions.__init__() got an unexpected keyword argument 'onset'
INFO:faster_whisper:Processing audio with duration 00:13.400
ERROR:root:[ERROR]: Failed to transcribe audio chunk: VadOptions.__init__() got an unexpected keyword argument 'onset'
INFO:faster_whisper:Processing audio with duration 00:13.400
ERROR:root:[ERROR]: Failed to transcribe audio chunk: VadOptions.__init__() got an unexpected keyword argument 'onset'
INFO:faster_whisper:Processing audio with duration 00:13.400
ERROR:root:[ERROR]: Failed to transcribe audio chunk: VadOptions.__init__() got an unexpected keyword argument 'onset'
INFO:faster_whisper:Processing audio with duration 00:13.450
ERROR:root:[ERROR]: Failed to transcribe audio chunk: VadOptions.__init__() got an unexpected keyword argument 'onset'
INFO:faster_whisper:Processing audio with duration 00:13.450
ERROR:root:[ERROR]: Failed to transcribe audio chunk: VadOptions.__init__() got an unexpected keyword argument 'onset'
INFO:faster_whisper:Processing audio with duration 00:13.450
ERROR:root:[ERROR]: Failed to transcribe audio chunk: VadOptions.__init__() got an unexpected keyword argument 'onset'
INFO:faster_whisper:Processing audio with duration 00:13.450
ERROR:root:[ERROR]: Failed to transcribe audio chunk: VadOptions.__init__() got an unexpected keyword argument 'onset'
INFO:faster_whisper:Processing audio with duration 00:13.450
ERROR:root:[ERROR]: Failed to transcribe audio chunk: VadOptions.__init__() got an unexpected keyword argument 'onset'
INFO:faster_whisper:Processing audio with duration 00:13.500
ERROR:root:[ERROR]: Failed to transcribe audio chunk: VadOptions.__init__() got an unexpected keyword argument 'onset'
INFO:faster_whisper:Processing audio with duration 00:13.500
ERROR:root:[ERROR]: Failed to transcribe audio chunk: VadOptions.__init__() got an unexpected keyword argument 'onset'
INFO:faster_whisper:Processing audio with duration 00:13.500
ERROR:root:[ERROR]: Failed to transcribe audio chunk: VadOptions.__init__() got an unexpected keyword argument 'onset'
INFO:faster_whisper:Processing audio with duration 00:13.500
ERROR:root:[ERROR]: Failed to transcribe audio chunk: VadOptions.__init__() got an unexpected keyword argument 'onset'
INFO:faster_whisper:Processing audio with duration 00:13.500
ERROR:root:[ERROR]: Failed to transcribe audio chunk: VadOptions.__init__() got an unexpected keyword argument 'onset'
INFO:faster_whisper:Processing audio with duration 00:13.550
ERROR:root:[ERROR]: Failed to transcribe audio chunk: VadOptions.__init__() got an unexpected keyword argument 'onset'
INFO:faster_whisper:Processing audio with duration 00:13.550
ERROR:root:[ERROR]: Failed to transcribe audio chunk: VadOptions.__init__() got an unexpected keyword argument 'onset'
INFO:faster_whisper:Processing audio with duration 00:13.550
ERROR:root:[ERROR]: Failed to transcribe audio chunk: VadOptions.__init__() got an unexpected keyword argument 'onset'
INFO:faster_whisper:Processing audio with duration 00:13.550
ERROR:root:[ERROR]: Failed to transcribe audio chunk: VadOptions.__init__() got an unexpected keyword argument 'onset'
INFO:faster_whisper:Processing audio with duration 00:13.550
ERROR:root:[ERROR]: Failed to transcribe audio chunk: VadOptions.__init__() got an unexpected keyword argument 'onset'
INFO:faster_whisper:Processing audio with duration 00:13.600
ERROR:root:[ERROR]: Failed to transcribe audio chunk: VadOptions.__init__() got an unexpected keyword argument 'onset'
INFO:faster_whisper:Processing audio with duration 00:13.600
ERROR:root:[ERROR]: Failed to transcribe audio chunk: VadOptions.__init__() got an unexpected keyword argument 'onset'
INFO:faster_whisper:Processing audio with duration 00:13.600
ERROR:root:[ERROR]: Failed to transcribe audio chunk: VadOptions.__init__() got an unexpected keyword argument 'onset'
INFO:faster_whisper:Processing audio with duration 00:13.600
ERROR:root:[ERROR]: Failed to transcribe audio chunk: VadOptions.__init__() got an unexpected keyword argument 'onset'
INFO:faster_whisper:Processing audio with duration 00:13.650
ERROR:root:[ERROR]: Failed to transcribe audio chunk: VadOptions.__init__() got an unexpected keyword argument 'onset'
INFO:faster_whisper:Processing audio with duration 00:13.650
ERROR:root:[ERROR]: Failed to transcribe audio chunk: VadOptions.__init__() got an unexpected keyword argument 'onset'
INFO:faster_whisper:Processing audio with duration 00:13.650
ERROR:root:[ERROR]: Failed to transcribe audio chunk: VadOptions.__init__() got an unexpected keyword argument 'onset'
INFO:faster_whisper:Processing audio with duration 00:13.650
ERROR:root:[ERROR]: Failed to transcribe audio chunk: VadOptions.__init__() got an unexpected keyword argument 'onset'
INFO:faster_whisper:Processing audio with duration 00:13.650
ERROR:root:[ERROR]: Failed to transcribe audio chunk: VadOptions.__init__() got an unexpected keyword argument 'onset'
INFO:faster_whisper:Processing audio with duration 00:13.700
ERROR:root:[ERROR]: Failed to transcribe audio chunk: VadOptions.__init__() got an unexpected keyword argument 'onset'
INFO:faster_whisper:Processing audio with duration 00:13.700
ERROR:root:[ERROR]: Failed to transcribe audio chunk: VadOptions.__init__() got an unexpected keyword argument 'onset'
INFO:faster_whisper:Processing audio with duration 00:13.700
ERROR:root:[ERROR]: Failed to transcribe audio chunk: VadOptions.__init__() got an unexpected keyword argument 'onset'
INFO:faster_whisper:Processing audio with duration 00:13.700
ERROR:root:[ERROR]: Failed to transcribe audio chunk: VadOptions.__init__() got an unexpected keyword argument 'onset'
INFO:faster_whisper:Processing audio with duration 00:13.700
ERROR:root:[ERROR]: Failed to transcribe audio chunk: VadOptions.__init__() got an unexpected keyword argument 'onset'
INFO:faster_whisper:Processing audio with duration 00:13.750
ERROR:root:[ERROR]: Failed to transcribe audio chunk: VadOptions.__init__() got an unexpected keyword argument 'onset'
INFO:faster_whisper:Processing audio with duration 00:13.750
ERROR:root:[ERROR]: Failed to transcribe audio chunk: VadOptions.__init__() got an unexpected keyword argument 'onset'
INFO:faster_whisper:Processing audio with duration 00:13.750
ERROR:root:[ERROR]: Failed to transcribe audio chunk: VadOptions.__init__() got an unexpected keyword argument 'onset'
INFO:faster_whisper:Processing audio with duration 00:13.750
ERROR:root:[ERROR]: Failed to transcribe audio chunk: VadOptions.__init__() got an unexpected keyword argument 'onset'
INFO:faster_whisper:Processing audio with duration 00:13.750
ERROR:root:[ERROR]: Failed to transcribe audio chunk: VadOptions.__init__() got an unexpected keyword argument 'onset'
INFO:faster_whisper:Processing audio with duration 00:13.800
ERROR:root:[ERROR]: Failed to transcribe audio chunk: VadOptions.__init__() got an unexpected keyword argument 'onset'
INFO:faster_whisper:Processing audio with duration 00:13.800
ERROR:root:[ERROR]: Failed to transcribe audio chunk: VadOptions.__init__() got an unexpected keyword argument 'onset'
INFO:faster_whisper:Processing audio with duration 00:13.800
ERROR:root:[ERROR]: Failed to transcribe audio chunk: VadOptions.__init__() got an unexpected keyword argument 'onset'
INFO:faster_whisper:Processing audio with duration 00:13.800
ERROR:root:[ERROR]: Failed to transcribe audio chunk: VadOptions.__init__() got an unexpected keyword argument 'onset'
INFO:faster_whisper:Processing audio with duration 00:13.850
ERROR:root:[ERROR]: Failed to transcribe audio chunk: VadOptions.__init__() got an unexpected keyword argument 'onset'
INFO:faster_whisper:Processing audio with duration 00:13.850
ERROR:root:[ERROR]: Failed to transcribe audio chunk: VadOptions.__init__() got an unexpected keyword argument 'onset'
INFO:faster_whisper:Processing audio with duration 00:13.850
ERROR:root:[ERROR]: Failed to transcribe audio chunk: VadOptions.__init__() got an unexpected keyword argument 'onset'
INFO:faster_whisper:Processing audio with duration 00:13.850
ERROR:root:[ERROR]: Failed to transcribe audio chunk: VadOptions.__init__() got an unexpected keyword argument 'onset'
INFO:faster_whisper:Processing audio with duration 00:13.850
ERROR:root:[ERROR]: Failed to transcribe audio chunk: VadOptions.__init__() got an unexpected keyword argument 'onset'
INFO:faster_whisper:Processing audio with duration 00:13.900
ERROR:root:[ERROR]: Failed to transcribe audio chunk: VadOptions.__init__() got an unexpected keyword argument 'onset'
INFO:faster_whisper:Processing audio with duration 00:13.900
ERROR:root:[ERROR]: Failed to transcribe audio chunk: VadOptions.__init__() got an unexpected keyword argument 'onset'
INFO:faster_whisper:Processing audio with duration 00:13.900
ERROR:root:[ERROR]: Failed to transcribe audio chunk: VadOptions.__init__() got an unexpected keyword argument 'onset'
INFO:faster_whisper:Processing audio with duration 00:13.900
ERROR:root:[ERROR]: Failed to transcribe audio chunk: VadOptions.__init__() got an unexpected keyword argument 'onset'
INFO:faster_whisper:Processing audio with duration 00:13.900
ERROR:root:[ERROR]: Failed to transcribe audio chunk: VadOptions.__init__() got an unexpected keyword argument 'onset'
INFO:faster_whisper:Processing audio with duration 00:13.950
ERROR:root:[ERROR]: Failed to transcribe audio chunk: VadOptions.__init__() got an unexpected keyword argument 'onset'
INFO:faster_whisper:Processing audio with duration 00:13.950
ERROR:root:[ERROR]: Failed to transcribe audio chunk: VadOptions.__init__() got an unexpected keyword argument 'onset'
INFO:faster_whisper:Processing audio with duration 00:13.950
ERROR:root:[ERROR]: Failed to transcribe audio chunk: VadOptions.__init__() got an unexpected keyword argument 'onset'
INFO:faster_whisper:Processing audio with duration 00:13.950
ERROR:root:[ERROR]: Failed to transcribe audio chunk: VadOptions.__init__() got an unexpected keyword argument 'onset'
INFO:faster_whisper:Processing audio with duration 00:14.000
ERROR:root:[ERROR]: Failed to transcribe audio chunk: VadOptions.__init__() got an unexpected keyword argument 'onset'
INFO:faster_whisper:Processing audio with duration 00:14.000
ERROR:root:[ERROR]: Failed to transcribe audio chunk: VadOptions.__init__() got an unexpected keyword argument 'onset'
INFO:faster_whisper:Processing audio with duration 00:14.000
ERROR:root:[ERROR]: Failed to transcribe audio chunk: VadOptions.__init__() got an unexpected keyword argument 'onset'
INFO:faster_whisper:Processing audio with duration 00:14.000
ERROR:root:[ERROR]: Failed to transcribe audio chunk: VadOptions.__init__() got an unexpected keyword argument 'onset'
INFO:faster_whisper:Processing audio with duration 00:14.000
ERROR:root:[ERROR]: Failed to transcribe audio chunk: VadOptions.__init__() got an unexpected keyword argument 'onset'
INFO:faster_whisper:Processing audio with duration 00:14.050
ERROR:root:[ERROR]: Failed to transcribe audio chunk: VadOptions.__init__() got an unexpected keyword argument 'onset'
INFO:faster_whisper:Processing audio with duration 00:14.050
ERROR:root:[ERROR]: Failed to transcribe audio chunk: VadOptions.__init__() got an unexpected keyword argument 'onset'
INFO:faster_whisper:Processing audio with duration 00:14.050
ERROR:root:[ERROR]: Failed to transcribe audio chunk: VadOptions.__init__() got an unexpected keyword argument 'onset'
INFO:faster_whisper:Processing audio with duration 00:14.050
ERROR:root:[ERROR]: Failed to transcribe audio chunk: VadOptions.__init__() got an unexpected keyword argument 'onset'
INFO:faster_whisper:Processing audio with duration 00:14.050
ERROR:root:[ERROR]: Failed to transcribe audio chunk: VadOptions.__init__() got an unexpected keyword argument 'onset'
INFO:faster_whisper:Processing audio with duration 00:14.100
ERROR:root:[ERROR]: Failed to transcribe audio chunk: VadOptions.__init__() got an unexpected keyword argument 'onset'
INFO:faster_whisper:Processing audio with duration 00:14.100
ERROR:root:[ERROR]: Failed to transcribe audio chunk: VadOptions.__init__() got an unexpected keyword argument 'onset'
INFO:faster_whisper:Processing audio with duration 00:14.100
ERROR:root:[ERROR]: Failed to transcribe audio chunk: VadOptions.__init__() got an unexpected keyword argument 'onset'
INFO:faster_whisper:Processing audio with duration 00:14.100
ERROR:root:[ERROR]: Failed to transcribe audio chunk: VadOptions.__init__() got an unexpected keyword argument 'onset'
INFO:faster_whisper:Processing audio with duration 00:14.150
ERROR:root:[ERROR]: Failed to transcribe audio chunk: VadOptions.__init__() got an unexpected keyword argument 'onset'
INFO:faster_whisper:Processing audio with duration 00:14.150
ERROR:root:[ERROR]: Failed to transcribe audio chunk: VadOptions.__init__() got an unexpected keyword argument 'onset'
INFO:faster_whisper:Processing audio with duration 00:14.150
ERROR:root:[ERROR]: Failed to transcribe audio chunk: VadOptions.__init__() got an unexpected keyword argument 'onset'
INFO:faster_whisper:Processing audio with duration 00:14.150
ERROR:root:[ERROR]: Failed to transcribe audio chunk: VadOptions.__init__() got an unexpected keyword argument 'onset'
INFO:faster_whisper:Processing audio with duration 00:14.150
ERROR:root:[ERROR]: Failed to transcribe audio chunk: VadOptions.__init__() got an unexpected keyword argument 'onset'
INFO:faster_whisper:Processing audio with duration 00:14.200
ERROR:root:[ERROR]: Failed to transcribe audio chunk: VadOptions.__init__() got an unexpected keyword argument 'onset'
INFO:faster_whisper:Processing audio with duration 00:14.200
ERROR:root:[ERROR]: Failed to transcribe audio chunk: VadOptions.__init__() got an unexpected keyword argument 'onset'
INFO:faster_whisper:Processing audio with duration 00:14.200
ERROR:root:[ERROR]: Failed to transcribe audio chunk: VadOptions.__init__() got an unexpected keyword argument 'onset'
INFO:faster_whisper:Processing audio with duration 00:14.200
ERROR:root:[ERROR]: Failed to transcribe audio chunk: VadOptions.__init__() got an unexpected keyword argument 'onset'
INFO:faster_whisper:Processing audio with duration 00:14.200
ERROR:root:[ERROR]: Failed to transcribe audio chunk: VadOptions.__init__() got an unexpected keyword argument 'onset'
INFO:faster_whisper:Processing audio with duration 00:14.250
ERROR:root:[ERROR]: Failed to transcribe audio chunk: VadOptions.__init__() got an unexpected keyword argument 'onset'
INFO:faster_whisper:Processing audio with duration 00:14.250
ERROR:root:[ERROR]: Failed to transcribe audio chunk: VadOptions.__init__() got an unexpected keyword argument 'onset'
INFO:faster_whisper:Processing audio with duration 00:14.250
ERROR:root:[ERROR]: Failed to transcribe audio chunk: VadOptions.__init__() got an unexpected keyword argument 'onset'
INFO:faster_whisper:Processing audio with duration 00:14.250
ERROR:root:[ERROR]: Failed to transcribe audio chunk: VadOptions.__init__() got an unexpected keyword argument 'onset'
INFO:faster_whisper:Processing audio with duration 00:14.250
ERROR:root:[ERROR]: Failed to transcribe audio chunk: VadOptions.__init__() got an unexpected keyword argument 'onset'
INFO:faster_whisper:Processing audio with duration 00:14.300
ERROR:root:[ERROR]: Failed to transcribe audio chunk: VadOptions.__init__() got an unexpected keyword argument 'onset'
INFO:faster_whisper:Processing audio with duration 00:14.300
ERROR:root:[ERROR]: Failed to transcribe audio chunk: VadOptions.__init__() got an unexpected keyword argument 'onset'
INFO:faster_whisper:Processing audio with duration 00:14.300
ERROR:root:[ERROR]: Failed to transcribe audio chunk: VadOptions.__init__() got an unexpected keyword argument 'onset'
INFO:faster_whisper:Processing audio with duration 00:14.300
ERROR:root:[ERROR]: Failed to transcribe audio chunk: VadOptions.__init__() got an unexpected keyword argument 'onset'
INFO:faster_whisper:Processing audio with duration 00:14.300
ERROR:root:[ERROR]: Failed to transcribe audio chunk: VadOptions.__init__() got an unexpected keyword argument 'onset'
INFO:faster_whisper:Processing audio with duration 00:14.350
ERROR:root:[ERROR]: Failed to transcribe audio chunk: VadOptions.__init__() got an unexpected keyword argument 'onset'
INFO:faster_whisper:Processing audio with duration 00:14.350
ERROR:root:[ERROR]: Failed to transcribe audio chunk: VadOptions.__init__() got an unexpected keyword argument 'onset'
INFO:faster_whisper:Processing audio with duration 00:14.350
ERROR:root:[ERROR]: Failed to transcribe audio chunk: VadOptions.__init__() got an unexpected keyword argument 'onset'
INFO:faster_whisper:Processing audio with duration 00:14.350
ERROR:root:[ERROR]: Failed to transcribe audio chunk: VadOptions.__init__() got an unexpected keyword argument 'onset'
INFO:faster_whisper:Processing audio with duration 00:14.400
ERROR:root:[ERROR]: Failed to transcribe audio chunk: VadOptions.__init__() got an unexpected keyword argument 'onset'
INFO:faster_whisper:Processing audio with duration 00:14.400
ERROR:root:[ERROR]: Failed to transcribe audio chunk: VadOptions.__init__() got an unexpected keyword argument 'onset'
INFO:faster_whisper:Processing audio with duration 00:14.400
ERROR:root:[ERROR]: Failed to transcribe audio chunk: VadOptions.__init__() got an unexpected keyword argument 'onset'
INFO:faster_whisper:Processing audio with duration 00:14.400
ERROR:root:[ERROR]: Failed to transcribe audio chunk: VadOptions.__init__() got an unexpected keyword argument 'onset'
INFO:faster_whisper:Processing audio with duration 00:14.400
ERROR:root:[ERROR]: Failed to transcribe audio chunk: VadOptions.__init__() got an unexpected keyword argument 'onset'
INFO:faster_whisper:Processing audio with duration 00:14.450
ERROR:root:[ERROR]: Failed to transcribe audio chunk: VadOptions.__init__() got an unexpected keyword argument 'onset'
INFO:faster_whisper:Processing audio with duration 00:14.450
ERROR:root:[ERROR]: Failed to transcribe audio chunk: VadOptions.__init__() got an unexpected keyword argument 'onset'
INFO:faster_whisper:Processing audio with duration 00:14.450
ERROR:root:[ERROR]: Failed to transcribe audio chunk: VadOptions.__init__() got an unexpected keyword argument 'onset'
INFO:faster_whisper:Processing audio with duration 00:14.450
ERROR:root:[ERROR]: Failed to transcribe audio chunk: VadOptions.__init__() got an unexpected keyword argument 'onset'
INFO:faster_whisper:Processing audio with duration 00:14.450
ERROR:root:[ERROR]: Failed to transcribe audio chunk: VadOptions.__init__() got an unexpected keyword argument 'onset'
INFO:faster_whisper:Processing audio with duration 00:14.500
ERROR:root:[ERROR]: Failed to transcribe audio chunk: VadOptions.__init__() got an unexpected keyword argument 'onset'
INFO:faster_whisper:Processing audio with duration 00:14.500
ERROR:root:[ERROR]: Failed to transcribe audio chunk: VadOptions.__init__() got an unexpected keyword argument 'onset'
INFO:faster_whisper:Processing audio with duration 00:14.500
ERROR:root:[ERROR]: Failed to transcribe audio chunk: VadOptions.__init__() got an unexpected keyword argument 'onset'
INFO:faster_whisper:Processing audio with duration 00:14.500
ERROR:root:[ERROR]: Failed to transcribe audio chunk: VadOptions.__init__() got an unexpected keyword argument 'onset'
INFO:faster_whisper:Processing audio with duration 00:14.550
ERROR:root:[ERROR]: Failed to transcribe audio chunk: VadOptions.__init__() got an unexpected keyword argument 'onset'
INFO:faster_whisper:Processing audio with duration 00:14.550
ERROR:root:[ERROR]: Failed to transcribe audio chunk: VadOptions.__init__() got an unexpected keyword argument 'onset'
INFO:faster_whisper:Processing audio with duration 00:14.550
ERROR:root:[ERROR]: Failed to transcribe audio chunk: VadOptions.__init__() got an unexpected keyword argument 'onset'
INFO:faster_whisper:Processing audio with duration 00:14.550
ERROR:root:[ERROR]: Failed to transcribe audio chunk: VadOptions.__init__() got an unexpected keyword argument 'onset'
INFO:faster_whisper:Processing audio with duration 00:14.550
ERROR:root:[ERROR]: Failed to transcribe audio chunk: VadOptions.__init__() got an unexpected keyword argument 'onset'
INFO:faster_whisper:Processing audio with duration 00:14.600
ERROR:root:[ERROR]: Failed to transcribe audio chunk: VadOptions.__init__() got an unexpected keyword argument 'onset'
INFO:faster_whisper:Processing audio with duration 00:14.600
ERROR:root:[ERROR]: Failed to transcribe audio chunk: VadOptions.__init__() got an unexpected keyword argument 'onset'
INFO:faster_whisper:Processing audio with duration 00:14.600
ERROR:root:[ERROR]: Failed to transcribe audio chunk: VadOptions.__init__() got an unexpected keyword argument 'onset'
INFO:faster_whisper:Processing audio with duration 00:14.600
ERROR:root:[ERROR]: Failed to transcribe audio chunk: VadOptions.__init__() got an unexpected keyword argument 'onset'
INFO:faster_whisper:Processing audio with duration 00:14.600
ERROR:root:[ERROR]: Failed to transcribe audio chunk: VadOptions.__init__() got an unexpected keyword argument 'onset'
INFO:faster_whisper:Processing audio with duration 00:14.650
ERROR:root:[ERROR]: Failed to transcribe audio chunk: VadOptions.__init__() got an unexpected keyword argument 'onset'
INFO:faster_whisper:Processing audio with duration 00:14.650
ERROR:root:[ERROR]: Failed to transcribe audio chunk: VadOptions.__init__() got an unexpected keyword argument 'onset'
INFO:faster_whisper:Processing audio with duration 00:14.650
ERROR:root:[ERROR]: Failed to transcribe audio chunk: VadOptions.__init__() got an unexpected keyword argument 'onset'
INFO:faster_whisper:Processing audio with duration 00:14.650
ERROR:root:[ERROR]: Failed to transcribe audio chunk: VadOptions.__init__() got an unexpected keyword argument 'onset'
INFO:faster_whisper:Processing audio with duration 00:14.650
ERROR:root:[ERROR]: Failed to transcribe audio chunk: VadOptions.__init__() got an unexpected keyword argument 'onset'
INFO:faster_whisper:Processing audio with duration 00:14.700
ERROR:root:[ERROR]: Failed to transcribe audio chunk: VadOptions.__init__() got an unexpected keyword argument 'onset'
INFO:faster_whisper:Processing audio with duration 00:14.700
ERROR:root:[ERROR]: Failed to transcribe audio chunk: VadOptions.__init__() got an unexpected keyword argument 'onset'
INFO:faster_whisper:Processing audio with duration 00:14.700
ERROR:root:[ERROR]: Failed to transcribe audio chunk: VadOptions.__init__() got an unexpected keyword argument 'onset'
INFO:faster_whisper:Processing audio with duration 00:14.700
ERROR:root:[ERROR]: Failed to transcribe audio chunk: VadOptions.__init__() got an unexpected keyword argument 'onset'
INFO:faster_whisper:Processing audio with duration 00:14.750
ERROR:root:[ERROR]: Failed to transcribe audio chunk: VadOptions.__init__() got an unexpected keyword argument 'onset'
INFO:faster_whisper:Processing audio with duration 00:14.750
ERROR:root:[ERROR]: Failed to transcribe audio chunk: VadOptions.__init__() got an unexpected keyword argument 'onset'
INFO:faster_whisper:Processing audio with duration 00:14.750
ERROR:root:[ERROR]: Failed to transcribe audio chunk: VadOptions.__init__() got an unexpected keyword argument 'onset'
INFO:faster_whisper:Processing audio with duration 00:14.750
ERROR:root:[ERROR]: Failed to transcribe audio chunk: VadOptions.__init__() got an unexpected keyword argument 'onset'
INFO:faster_whisper:Processing audio with duration 00:14.750
ERROR:root:[ERROR]: Failed to transcribe audio chunk: VadOptions.__init__() got an unexpected keyword argument 'onset'
INFO:faster_whisper:Processing audio with duration 00:14.800
ERROR:root:[ERROR]: Failed to transcribe audio chunk: VadOptions.__init__() got an unexpected keyword argument 'onset'
INFO:faster_whisper:Processing audio with duration 00:14.800
ERROR:root:[ERROR]: Failed to transcribe audio chunk: VadOptions.__init__() got an unexpected keyword argument 'onset'
INFO:faster_whisper:Processing audio with duration 00:14.800
ERROR:root:[ERROR]: Failed to transcribe audio chunk: VadOptions.__init__() got an unexpected keyword argument 'onset'
INFO:faster_whisper:Processing audio with duration 00:14.800
ERROR:root:[ERROR]: Failed to transcribe audio chunk: VadOptions.__init__() got an unexpected keyword argument 'onset'
INFO:faster_whisper:Processing audio with duration 00:14.800
ERROR:root:[ERROR]: Failed to transcribe audio chunk: VadOptions.__init__() got an unexpected keyword argument 'onset'
INFO:faster_whisper:Processing audio with duration 00:14.850
ERROR:root:[ERROR]: Failed to transcribe audio chunk: VadOptions.__init__() got an unexpected keyword argument 'onset'
INFO:faster_whisper:Processing audio with duration 00:14.850
ERROR:root:[ERROR]: Failed to transcribe audio chunk: VadOptions.__init__() got an unexpected keyword argument 'onset'
INFO:faster_whisper:Processing audio with duration 00:14.850
ERROR:root:[ERROR]: Failed to transcribe audio chunk: VadOptions.__init__() got an unexpected keyword argument 'onset'
INFO:faster_whisper:Processing audio with duration 00:14.850
ERROR:root:[ERROR]: Failed to transcribe audio chunk: VadOptions.__init__() got an unexpected keyword argument 'onset'
INFO:faster_whisper:Processing audio with duration 00:14.900
ERROR:root:[ERROR]: Failed to transcribe audio chunk: VadOptions.__init__() got an unexpected keyword argument 'onset'
INFO:faster_whisper:Processing audio with duration 00:14.900
ERROR:root:[ERROR]: Failed to transcribe audio chunk: VadOptions.__init__() got an unexpected keyword argument 'onset'
INFO:faster_whisper:Processing audio with duration 00:14.900
ERROR:root:[ERROR]: Failed to transcribe audio chunk: VadOptions.__init__() got an unexpected keyword argument 'onset'
INFO:faster_whisper:Processing audio with duration 00:14.900
ERROR:root:[ERROR]: Failed to transcribe audio chunk: VadOptions.__init__() got an unexpected keyword argument 'onset'
INFO:faster_whisper:Processing audio with duration 00:14.950
ERROR:root:[ERROR]: Failed to transcribe audio chunk: VadOptions.__init__() got an unexpected keyword argument 'onset'
INFO:faster_whisper:Processing audio with duration 00:14.950
ERROR:root:[ERROR]: Failed to transcribe audio chunk: VadOptions.__init__() got an unexpected keyword argument 'onset'
INFO:faster_whisper:Processing audio with duration 00:14.950
ERROR:root:[ERROR]: Failed to transcribe audio chunk: VadOptions.__init__() got an unexpected keyword argument 'onset'
INFO:faster_whisper:Processing audio with duration 00:14.950
ERROR:root:[ERROR]: Failed to transcribe audio chunk: VadOptions.__init__() got an unexpected keyword argument 'onset'
INFO:faster_whisper:Processing audio with duration 00:14.950
ERROR:root:[ERROR]: Failed to transcribe audio chunk: VadOptions.__init__() got an unexpected keyword argument 'onset'
INFO:faster_whisper:Processing audio with duration 00:15.000
ERROR:root:[ERROR]: Failed to transcribe audio chunk: VadOptions.__init__() got an unexpected keyword argument 'onset'
INFO:faster_whisper:Processing audio with duration 00:15.000
ERROR:root:[ERROR]: Failed to transcribe audio chunk: VadOptions.__init__() got an unexpected keyword argument 'onset'
INFO:faster_whisper:Processing audio with duration 00:15.000
ERROR:root:[ERROR]: Failed to transcribe audio chunk: VadOptions.__init__() got an unexpected keyword argument 'onset'
INFO:faster_whisper:Processing audio with duration 00:15.000
ERROR:root:[ERROR]: Failed to transcribe audio chunk: VadOptions.__init__() got an unexpected keyword argument 'onset'
INFO:faster_whisper:Processing audio with duration 00:15.050
ERROR:root:[ERROR]: Failed to transcribe audio chunk: VadOptions.__init__() got an unexpected keyword argument 'onset'
INFO:faster_whisper:Processing audio with duration 00:15.050
ERROR:root:[ERROR]: Failed to transcribe audio chunk: VadOptions.__init__() got an unexpected keyword argument 'onset'
INFO:faster_whisper:Processing audio with duration 00:15.050
ERROR:root:[ERROR]: Failed to transcribe audio chunk: VadOptions.__init__() got an unexpected keyword argument 'onset'
INFO:faster_whisper:Processing audio with duration 00:15.050
ERROR:root:[ERROR]: Failed to transcribe audio chunk: VadOptions.__init__() got an unexpected keyword argument 'onset'
INFO:faster_whisper:Processing audio with duration 00:15.050
ERROR:root:[ERROR]: Failed to transcribe audio chunk: VadOptions.__init__() got an unexpected keyword argument 'onset'
INFO:faster_whisper:Processing audio with duration 00:15.100
ERROR:root:[ERROR]: Failed to transcribe audio chunk: VadOptions.__init__() got an unexpected keyword argument 'onset'
INFO:faster_whisper:Processing audio with duration 00:15.100
ERROR:root:[ERROR]: Failed to transcribe audio chunk: VadOptions.__init__() got an unexpected keyword argument 'onset'
INFO:faster_whisper:Processing audio with duration 00:15.100
ERROR:root:[ERROR]: Failed to transcribe audio chunk: VadOptions.__init__() got an unexpected keyword argument 'onset'
INFO:faster_whisper:Processing audio with duration 00:15.100
ERROR:root:[ERROR]: Failed to transcribe audio chunk: VadOptions.__init__() got an unexpected keyword argument 'onset'
INFO:faster_whisper:Processing audio with duration 00:15.100
ERROR:root:[ERROR]: Failed to transcribe audio chunk: VadOptions.__init__() got an unexpected keyword argument 'onset'
INFO:faster_whisper:Processing audio with duration 00:15.150
ERROR:root:[ERROR]: Failed to transcribe audio chunk: VadOptions.__init__() got an unexpected keyword argument 'onset'
INFO:faster_whisper:Processing audio with duration 00:15.150
ERROR:root:[ERROR]: Failed to transcribe audio chunk: VadOptions.__init__() got an unexpected keyword argument 'onset'
INFO:faster_whisper:Processing audio with duration 00:15.150
ERROR:root:[ERROR]: Failed to transcribe audio chunk: VadOptions.__init__() got an unexpected keyword argument 'onset'
INFO:faster_whisper:Processing audio with duration 00:15.150
ERROR:root:[ERROR]: Failed to transcribe audio chunk: VadOptions.__init__() got an unexpected keyword argument 'onset'
INFO:faster_whisper:Processing audio with duration 00:15.200
ERROR:root:[ERROR]: Failed to transcribe audio chunk: VadOptions.__init__() got an unexpected keyword argument 'onset'
INFO:faster_whisper:Processing audio with duration 00:15.200
ERROR:root:[ERROR]: Failed to transcribe audio chunk: VadOptions.__init__() got an unexpected keyword argument 'onset'
INFO:faster_whisper:Processing audio with duration 00:15.200
ERROR:root:[ERROR]: Failed to transcribe audio chunk: VadOptions.__init__() got an unexpected keyword argument 'onset'
INFO:faster_whisper:Processing audio with duration 00:15.200
ERROR:root:[ERROR]: Failed to transcribe audio chunk: VadOptions.__init__() got an unexpected keyword argument 'onset'
INFO:faster_whisper:Processing audio with duration 00:15.200
ERROR:root:[ERROR]: Failed to transcribe audio chunk: VadOptions.__init__() got an unexpected keyword argument 'onset'
INFO:faster_whisper:Processing audio with duration 00:15.250
ERROR:root:[ERROR]: Failed to transcribe audio chunk: VadOptions.__init__() got an unexpected keyword argument 'onset'
INFO:faster_whisper:Processing audio with duration 00:15.250
ERROR:root:[ERROR]: Failed to transcribe audio chunk: VadOptions.__init__() got an unexpected keyword argument 'onset'
INFO:faster_whisper:Processing audio with duration 00:15.250
ERROR:root:[ERROR]: Failed to transcribe audio chunk: VadOptions.__init__() got an unexpected keyword argument 'onset'
INFO:faster_whisper:Processing audio with duration 00:15.250
ERROR:root:[ERROR]: Failed to transcribe audio chunk: VadOptions.__init__() got an unexpected keyword argument 'onset'
INFO:faster_whisper:Processing audio with duration 00:15.250
ERROR:root:[ERROR]: Failed to transcribe audio chunk: VadOptions.__init__() got an unexpected keyword argument 'onset'
INFO:faster_whisper:Processing audio with duration 00:15.300
ERROR:root:[ERROR]: Failed to transcribe audio chunk: VadOptions.__init__() got an unexpected keyword argument 'onset'
INFO:faster_whisper:Processing audio with duration 00:15.300
ERROR:root:[ERROR]: Failed to transcribe audio chunk: VadOptions.__init__() got an unexpected keyword argument 'onset'
INFO:faster_whisper:Processing audio with duration 00:15.300
ERROR:root:[ERROR]: Failed to transcribe audio chunk: VadOptions.__init__() got an unexpected keyword argument 'onset'
INFO:faster_whisper:Processing audio with duration 00:15.300
ERROR:root:[ERROR]: Failed to transcribe audio chunk: VadOptions.__init__() got an unexpected keyword argument 'onset'
INFO:faster_whisper:Processing audio with duration 00:15.350
ERROR:root:[ERROR]: Failed to transcribe audio chunk: VadOptions.__init__() got an unexpected keyword argument 'onset'
INFO:faster_whisper:Processing audio with duration 00:15.350
ERROR:root:[ERROR]: Failed to transcribe audio chunk: VadOptions.__init__() got an unexpected keyword argument 'onset'
INFO:faster_whisper:Processing audio with duration 00:15.350
ERROR:root:[ERROR]: Failed to transcribe audio chunk: VadOptions.__init__() got an unexpected keyword argument 'onset'
INFO:faster_whisper:Processing audio with duration 00:15.350
ERROR:root:[ERROR]: Failed to transcribe audio chunk: VadOptions.__init__() got an unexpected keyword argument 'onset'
INFO:faster_whisper:Processing audio with duration 00:15.400
ERROR:root:[ERROR]: Failed to transcribe audio chunk: VadOptions.__init__() got an unexpected keyword argument 'onset'
INFO:faster_whisper:Processing audio with duration 00:15.400
ERROR:root:[ERROR]: Failed to transcribe audio chunk: VadOptions.__init__() got an unexpected keyword argument 'onset'
INFO:faster_whisper:Processing audio with duration 00:15.400
ERROR:root:[ERROR]: Failed to transcribe audio chunk: VadOptions.__init__() got an unexpected keyword argument 'onset'
INFO:faster_whisper:Processing audio with duration 00:15.400
ERROR:root:[ERROR]: Failed to transcribe audio chunk: VadOptions.__init__() got an unexpected keyword argument 'onset'
INFO:faster_whisper:Processing audio with duration 00:15.400
ERROR:root:[ERROR]: Failed to transcribe audio chunk: VadOptions.__init__() got an unexpected keyword argument 'onset'
INFO:faster_whisper:Processing audio with duration 00:15.450
ERROR:root:[ERROR]: Failed to transcribe audio chunk: VadOptions.__init__() got an unexpected keyword argument 'onset'
INFO:faster_whisper:Processing audio with duration 00:15.450
ERROR:root:[ERROR]: Failed to transcribe audio chunk: VadOptions.__init__() got an unexpected keyword argument 'onset'
INFO:faster_whisper:Processing audio with duration 00:15.450
ERROR:root:[ERROR]: Failed to transcribe audio chunk: VadOptions.__init__() got an unexpected keyword argument 'onset'
INFO:faster_whisper:Processing audio with duration 00:15.450
ERROR:root:[ERROR]: Failed to transcribe audio chunk: VadOptions.__init__() got an unexpected keyword argument 'onset'
INFO:faster_whisper:Processing audio with duration 00:15.450
ERROR:root:[ERROR]: Failed to transcribe audio chunk: VadOptions.__init__() got an unexpected keyword argument 'onset'
INFO:faster_whisper:Processing audio with duration 00:15.500
ERROR:root:[ERROR]: Failed to transcribe audio chunk: VadOptions.__init__() got an unexpected keyword argument 'onset'
INFO:faster_whisper:Processing audio with duration 00:15.500
ERROR:root:[ERROR]: Failed to transcribe audio chunk: VadOptions.__init__() got an unexpected keyword argument 'onset'
INFO:faster_whisper:Processing audio with duration 00:15.500
ERROR:root:[ERROR]: Failed to transcribe audio chunk: VadOptions.__init__() got an unexpected keyword argument 'onset'
INFO:faster_whisper:Processing audio with duration 00:15.500
ERROR:root:[ERROR]: Failed to transcribe audio chunk: VadOptions.__init__() got an unexpected keyword argument 'onset'
INFO:faster_whisper:Processing audio with duration 00:15.500
ERROR:root:[ERROR]: Failed to transcribe audio chunk: VadOptions.__init__() got an unexpected keyword argument 'onset'
INFO:faster_whisper:Processing audio with duration 00:15.550
ERROR:root:[ERROR]: Failed to transcribe audio chunk: VadOptions.__init__() got an unexpected keyword argument 'onset'
INFO:faster_whisper:Processing audio with duration 00:15.550
ERROR:root:[ERROR]: Failed to transcribe audio chunk: VadOptions.__init__() got an unexpected keyword argument 'onset'
INFO:faster_whisper:Processing audio with duration 00:15.550
ERROR:root:[ERROR]: Failed to transcribe audio chunk: VadOptions.__init__() got an unexpected keyword argument 'onset'
INFO:faster_whisper:Processing audio with duration 00:15.550
ERROR:root:[ERROR]: Failed to transcribe audio chunk: VadOptions.__init__() got an unexpected keyword argument 'onset'
INFO:faster_whisper:Processing audio with duration 00:15.600
ERROR:root:[ERROR]: Failed to transcribe audio chunk: VadOptions.__init__() got an unexpected keyword argument 'onset'
INFO:faster_whisper:Processing audio with duration 00:15.600
ERROR:root:[ERROR]: Failed to transcribe audio chunk: VadOptions.__init__() got an unexpected keyword argument 'onset'
INFO:faster_whisper:Processing audio with duration 00:15.600
ERROR:root:[ERROR]: Failed to transcribe audio chunk: VadOptions.__init__() got an unexpected keyword argument 'onset'
INFO:faster_whisper:Processing audio with duration 00:15.600
ERROR:root:[ERROR]: Failed to transcribe audio chunk: VadOptions.__init__() got an unexpected keyword argument 'onset'
INFO:faster_whisper:Processing audio with duration 00:15.600
ERROR:root:[ERROR]: Failed to transcribe audio chunk: VadOptions.__init__() got an unexpected keyword argument 'onset'
INFO:faster_whisper:Processing audio with duration 00:15.650
ERROR:root:[ERROR]: Failed to transcribe audio chunk: VadOptions.__init__() got an unexpected keyword argument 'onset'
INFO:faster_whisper:Processing audio with duration 00:15.650
ERROR:root:[ERROR]: Failed to transcribe audio chunk: VadOptions.__init__() got an unexpected keyword argument 'onset'
INFO:faster_whisper:Processing audio with duration 00:15.650
ERROR:root:[ERROR]: Failed to transcribe audio chunk: VadOptions.__init__() got an unexpected keyword argument 'onset'
INFO:faster_whisper:Processing audio with duration 00:15.650
ERROR:root:[ERROR]: Failed to transcribe audio chunk: VadOptions.__init__() got an unexpected keyword argument 'onset'
INFO:faster_whisper:Processing audio with duration 00:15.650
ERROR:root:[ERROR]: Failed to transcribe audio chunk: VadOptions.__init__() got an unexpected keyword argument 'onset'
INFO:faster_whisper:Processing audio with duration 00:15.700
ERROR:root:[ERROR]: Failed to transcribe audio chunk: VadOptions.__init__() got an unexpected keyword argument 'onset'
INFO:faster_whisper:Processing audio with duration 00:15.700
ERROR:root:[ERROR]: Failed to transcribe audio chunk: VadOptions.__init__() got an unexpected keyword argument 'onset'
INFO:faster_whisper:Processing audio with duration 00:15.700
ERROR:root:[ERROR]: Failed to transcribe audio chunk: VadOptions.__init__() got an unexpected keyword argument 'onset'
INFO:faster_whisper:Processing audio with duration 00:15.700
ERROR:root:[ERROR]: Failed to transcribe audio chunk: VadOptions.__init__() got an unexpected keyword argument 'onset'
INFO:faster_whisper:Processing audio with duration 00:15.700
ERROR:root:[ERROR]: Failed to transcribe audio chunk: VadOptions.__init__() got an unexpected keyword argument 'onset'
INFO:faster_whisper:Processing audio with duration 00:15.750
ERROR:root:[ERROR]: Failed to transcribe audio chunk: VadOptions.__init__() got an unexpected keyword argument 'onset'
INFO:faster_whisper:Processing audio with duration 00:15.750
ERROR:root:[ERROR]: Failed to transcribe audio chunk: VadOptions.__init__() got an unexpected keyword argument 'onset'
INFO:faster_whisper:Processing audio with duration 00:15.750
ERROR:root:[ERROR]: Failed to transcribe audio chunk: VadOptions.__init__() got an unexpected keyword argument 'onset'
INFO:faster_whisper:Processing audio with duration 00:15.750
ERROR:root:[ERROR]: Failed to transcribe audio chunk: VadOptions.__init__() got an unexpected keyword argument 'onset'
INFO:faster_whisper:Processing audio with duration 00:15.800
ERROR:root:[ERROR]: Failed to transcribe audio chunk: VadOptions.__init__() got an unexpected keyword argument 'onset'
INFO:faster_whisper:Processing audio with duration 00:15.800
ERROR:root:[ERROR]: Failed to transcribe audio chunk: VadOptions.__init__() got an unexpected keyword argument 'onset'
INFO:faster_whisper:Processing audio with duration 00:15.800
ERROR:root:[ERROR]: Failed to transcribe audio chunk: VadOptions.__init__() got an unexpected keyword argument 'onset'
INFO:faster_whisper:Processing audio with duration 00:15.800
ERROR:root:[ERROR]: Failed to transcribe audio chunk: VadOptions.__init__() got an unexpected keyword argument 'onset'
INFO:faster_whisper:Processing audio with duration 00:15.800
ERROR:root:[ERROR]: Failed to transcribe audio chunk: VadOptions.__init__() got an unexpected keyword argument 'onset'
INFO:faster_whisper:Processing audio with duration 00:15.850
ERROR:root:[ERROR]: Failed to transcribe audio chunk: VadOptions.__init__() got an unexpected keyword argument 'onset'
INFO:faster_whisper:Processing audio with duration 00:15.850
ERROR:root:[ERROR]: Failed to transcribe audio chunk: VadOptions.__init__() got an unexpected keyword argument 'onset'
INFO:faster_whisper:Processing audio with duration 00:15.850
ERROR:root:[ERROR]: Failed to transcribe audio chunk: VadOptions.__init__() got an unexpected keyword argument 'onset'
INFO:faster_whisper:Processing audio with duration 00:15.850
ERROR:root:[ERROR]: Failed to transcribe audio chunk: VadOptions.__init__() got an unexpected keyword argument 'onset'
INFO:faster_whisper:Processing audio with duration 00:15.900
ERROR:root:[ERROR]: Failed to transcribe audio chunk: VadOptions.__init__() got an unexpected keyword argument 'onset'
INFO:faster_whisper:Processing audio with duration 00:15.900
ERROR:root:[ERROR]: Failed to transcribe audio chunk: VadOptions.__init__() got an unexpected keyword argument 'onset'
INFO:faster_whisper:Processing audio with duration 00:15.900
ERROR:root:[ERROR]: Failed to transcribe audio chunk: VadOptions.__init__() got an unexpected keyword argument 'onset'
INFO:faster_whisper:Processing audio with duration 00:15.900
ERROR:root:[ERROR]: Failed to transcribe audio chunk: VadOptions.__init__() got an unexpected keyword argument 'onset'
INFO:faster_whisper:Processing audio with duration 00:15.950
ERROR:root:[ERROR]: Failed to transcribe audio chunk: VadOptions.__init__() got an unexpected keyword argument 'onset'
INFO:faster_whisper:Processing audio with duration 00:15.950
ERROR:root:[ERROR]: Failed to transcribe audio chunk: VadOptions.__init__() got an unexpected keyword argument 'onset'
INFO:faster_whisper:Processing audio with duration 00:15.950
ERROR:root:[ERROR]: Failed to transcribe audio chunk: VadOptions.__init__() got an unexpected keyword argument 'onset'
INFO:faster_whisper:Processing audio with duration 00:15.950
ERROR:root:[ERROR]: Failed to transcribe audio chunk: VadOptions.__init__() got an unexpected keyword argument 'onset'
INFO:faster_whisper:Processing audio with duration 00:15.950
ERROR:root:[ERROR]: Failed to transcribe audio chunk: VadOptions.__init__() got an unexpected keyword argument 'onset'
INFO:faster_whisper:Processing audio with duration 00:16.000
ERROR:root:[ERROR]: Failed to transcribe audio chunk: VadOptions.__init__() got an unexpected keyword argument 'onset'
INFO:faster_whisper:Processing audio with duration 00:16.000
ERROR:root:[ERROR]: Failed to transcribe audio chunk: VadOptions.__init__() got an unexpected keyword argument 'onset'
INFO:faster_whisper:Processing audio with duration 00:16.000
ERROR:root:[ERROR]: Failed to transcribe audio chunk: VadOptions.__init__() got an unexpected keyword argument 'onset'
INFO:faster_whisper:Processing audio with duration 00:16.000
ERROR:root:[ERROR]: Failed to transcribe audio chunk: VadOptions.__init__() got an unexpected keyword argument 'onset'
INFO:faster_whisper:Processing audio with duration 00:16.050
ERROR:root:[ERROR]: Failed to transcribe audio chunk: VadOptions.__init__() got an unexpected keyword argument 'onset'
INFO:faster_whisper:Processing audio with duration 00:16.050
ERROR:root:[ERROR]: Failed to transcribe audio chunk: VadOptions.__init__() got an unexpected keyword argument 'onset'
INFO:faster_whisper:Processing audio with duration 00:16.050
ERROR:root:[ERROR]: Failed to transcribe audio chunk: VadOptions.__init__() got an unexpected keyword argument 'onset'
INFO:faster_whisper:Processing audio with duration 00:16.050
ERROR:root:[ERROR]: Failed to transcribe audio chunk: VadOptions.__init__() got an unexpected keyword argument 'onset'
INFO:faster_whisper:Processing audio with duration 00:16.050
ERROR:root:[ERROR]: Failed to transcribe audio chunk: VadOptions.__init__() got an unexpected keyword argument 'onset'
INFO:faster_whisper:Processing audio with duration 00:16.100
ERROR:root:[ERROR]: Failed to transcribe audio chunk: VadOptions.__init__() got an unexpected keyword argument 'onset'
INFO:faster_whisper:Processing audio with duration 00:16.100
ERROR:root:[ERROR]: Failed to transcribe audio chunk: VadOptions.__init__() got an unexpected keyword argument 'onset'
INFO:faster_whisper:Processing audio with duration 00:16.100
ERROR:root:[ERROR]: Failed to transcribe audio chunk: VadOptions.__init__() got an unexpected keyword argument 'onset'
INFO:faster_whisper:Processing audio with duration 00:16.100
ERROR:root:[ERROR]: Failed to transcribe audio chunk: VadOptions.__init__() got an unexpected keyword argument 'onset'
INFO:faster_whisper:Processing audio with duration 00:16.100
ERROR:root:[ERROR]: Failed to transcribe audio chunk: VadOptions.__init__() got an unexpected keyword argument 'onset'
INFO:faster_whisper:Processing audio with duration 00:16.150
ERROR:root:[ERROR]: Failed to transcribe audio chunk: VadOptions.__init__() got an unexpected keyword argument 'onset'
INFO:faster_whisper:Processing audio with duration 00:16.150
ERROR:root:[ERROR]: Failed to transcribe audio chunk: VadOptions.__init__() got an unexpected keyword argument 'onset'
INFO:faster_whisper:Processing audio with duration 00:16.150
ERROR:root:[ERROR]: Failed to transcribe audio chunk: VadOptions.__init__() got an unexpected keyword argument 'onset'
INFO:faster_whisper:Processing audio with duration 00:16.150
ERROR:root:[ERROR]: Failed to transcribe audio chunk: VadOptions.__init__() got an unexpected keyword argument 'onset'
INFO:faster_whisper:Processing audio with duration 00:16.200
ERROR:root:[ERROR]: Failed to transcribe audio chunk: VadOptions.__init__() got an unexpected keyword argument 'onset'
INFO:faster_whisper:Processing audio with duration 00:16.200
ERROR:root:[ERROR]: Failed to transcribe audio chunk: VadOptions.__init__() got an unexpected keyword argument 'onset'
INFO:faster_whisper:Processing audio with duration 00:16.200
ERROR:root:[ERROR]: Failed to transcribe audio chunk: VadOptions.__init__() got an unexpected keyword argument 'onset'
INFO:faster_whisper:Processing audio with duration 00:16.200
ERROR:root:[ERROR]: Failed to transcribe audio chunk: VadOptions.__init__() got an unexpected keyword argument 'onset'
INFO:faster_whisper:Processing audio with duration 00:16.200
ERROR:root:[ERROR]: Failed to transcribe audio chunk: VadOptions.__init__() got an unexpected keyword argument 'onset'
INFO:faster_whisper:Processing audio with duration 00:16.250
ERROR:root:[ERROR]: Failed to transcribe audio chunk: VadOptions.__init__() got an unexpected keyword argument 'onset'
INFO:faster_whisper:Processing audio with duration 00:16.250
ERROR:root:[ERROR]: Failed to transcribe audio chunk: VadOptions.__init__() got an unexpected keyword argument 'onset'
INFO:faster_whisper:Processing audio with duration 00:16.250
ERROR:root:[ERROR]: Failed to transcribe audio chunk: VadOptions.__init__() got an unexpected keyword argument 'onset'
INFO:faster_whisper:Processing audio with duration 00:16.250
ERROR:root:[ERROR]: Failed to transcribe audio chunk: VadOptions.__init__() got an unexpected keyword argument 'onset'
INFO:faster_whisper:Processing audio with duration 00:16.250
ERROR:root:[ERROR]: Failed to transcribe audio chunk: VadOptions.__init__() got an unexpected keyword argument 'onset'
INFO:faster_whisper:Processing audio with duration 00:16.300
ERROR:root:[ERROR]: Failed to transcribe audio chunk: VadOptions.__init__() got an unexpected keyword argument 'onset'
INFO:faster_whisper:Processing audio with duration 00:16.300
ERROR:root:[ERROR]: Failed to transcribe audio chunk: VadOptions.__init__() got an unexpected keyword argument 'onset'
INFO:faster_whisper:Processing audio with duration 00:16.300
ERROR:root:[ERROR]: Failed to transcribe audio chunk: VadOptions.__init__() got an unexpected keyword argument 'onset'
INFO:faster_whisper:Processing audio with duration 00:16.300
ERROR:root:[ERROR]: Failed to transcribe audio chunk: VadOptions.__init__() got an unexpected keyword argument 'onset'
INFO:faster_whisper:Processing audio with duration 00:16.300
ERROR:root:[ERROR]: Failed to transcribe audio chunk: VadOptions.__init__() got an unexpected keyword argument 'onset'
INFO:faster_whisper:Processing audio with duration 00:16.350
ERROR:root:[ERROR]: Failed to transcribe audio chunk: VadOptions.__init__() got an unexpected keyword argument 'onset'
INFO:faster_whisper:Processing audio with duration 00:16.350
ERROR:root:[ERROR]: Failed to transcribe audio chunk: VadOptions.__init__() got an unexpected keyword argument 'onset'
INFO:faster_whisper:Processing audio with duration 00:16.350
ERROR:root:[ERROR]: Failed to transcribe audio chunk: VadOptions.__init__() got an unexpected keyword argument 'onset'
INFO:faster_whisper:Processing audio with duration 00:16.350
ERROR:root:[ERROR]: Failed to transcribe audio chunk: VadOptions.__init__() got an unexpected keyword argument 'onset'
INFO:faster_whisper:Processing audio with duration 00:16.400
ERROR:root:[ERROR]: Failed to transcribe audio chunk: VadOptions.__init__() got an unexpected keyword argument 'onset'
INFO:faster_whisper:Processing audio with duration 00:16.400
ERROR:root:[ERROR]: Failed to transcribe audio chunk: VadOptions.__init__() got an unexpected keyword argument 'onset'
INFO:faster_whisper:Processing audio with duration 00:16.400
ERROR:root:[ERROR]: Failed to transcribe audio chunk: VadOptions.__init__() got an unexpected keyword argument 'onset'
INFO:faster_whisper:Processing audio with duration 00:16.400
ERROR:root:[ERROR]: Failed to transcribe audio chunk: VadOptions.__init__() got an unexpected keyword argument 'onset'
INFO:faster_whisper:Processing audio with duration 00:16.400
ERROR:root:[ERROR]: Failed to transcribe audio chunk: VadOptions.__init__() got an unexpected keyword argument 'onset'
INFO:faster_whisper:Processing audio with duration 00:16.450
ERROR:root:[ERROR]: Failed to transcribe audio chunk: VadOptions.__init__() got an unexpected keyword argument 'onset'
INFO:faster_whisper:Processing audio with duration 00:16.450
ERROR:root:[ERROR]: Failed to transcribe audio chunk: VadOptions.__init__() got an unexpected keyword argument 'onset'
INFO:faster_whisper:Processing audio with duration 00:16.450
ERROR:root:[ERROR]: Failed to transcribe audio chunk: VadOptions.__init__() got an unexpected keyword argument 'onset'
INFO:faster_whisper:Processing audio with duration 00:16.450
ERROR:root:[ERROR]: Failed to transcribe audio chunk: VadOptions.__init__() got an unexpected keyword argument 'onset'
INFO:faster_whisper:Processing audio with duration 00:16.450
ERROR:root:[ERROR]: Failed to transcribe audio chunk: VadOptions.__init__() got an unexpected keyword argument 'onset'
INFO:faster_whisper:Processing audio with duration 00:16.500
ERROR:root:[ERROR]: Failed to transcribe audio chunk: VadOptions.__init__() got an unexpected keyword argument 'onset'
INFO:faster_whisper:Processing audio with duration 00:16.500
ERROR:root:[ERROR]: Failed to transcribe audio chunk: VadOptions.__init__() got an unexpected keyword argument 'onset'
INFO:faster_whisper:Processing audio with duration 00:16.500
ERROR:root:[ERROR]: Failed to transcribe audio chunk: VadOptions.__init__() got an unexpected keyword argument 'onset'
INFO:faster_whisper:Processing audio with duration 00:16.500
ERROR:root:[ERROR]: Failed to transcribe audio chunk: VadOptions.__init__() got an unexpected keyword argument 'onset'
INFO:faster_whisper:Processing audio with duration 00:16.550
ERROR:root:[ERROR]: Failed to transcribe audio chunk: VadOptions.__init__() got an unexpected keyword argument 'onset'
INFO:faster_whisper:Processing audio with duration 00:16.550
ERROR:root:[ERROR]: Failed to transcribe audio chunk: VadOptions.__init__() got an unexpected keyword argument 'onset'
INFO:faster_whisper:Processing audio with duration 00:16.550
ERROR:root:[ERROR]: Failed to transcribe audio chunk: VadOptions.__init__() got an unexpected keyword argument 'onset'
INFO:faster_whisper:Processing audio with duration 00:16.550
ERROR:root:[ERROR]: Failed to transcribe audio chunk: VadOptions.__init__() got an unexpected keyword argument 'onset'
INFO:faster_whisper:Processing audio with duration 00:16.550
ERROR:root:[ERROR]: Failed to transcribe audio chunk: VadOptions.__init__() got an unexpected keyword argument 'onset'
INFO:faster_whisper:Processing audio with duration 00:16.600
ERROR:root:[ERROR]: Failed to transcribe audio chunk: VadOptions.__init__() got an unexpected keyword argument 'onset'
INFO:faster_whisper:Processing audio with duration 00:16.600
ERROR:root:[ERROR]: Failed to transcribe audio chunk: VadOptions.__init__() got an unexpected keyword argument 'onset'
INFO:faster_whisper:Processing audio with duration 00:16.600
ERROR:root:[ERROR]: Failed to transcribe audio chunk: VadOptions.__init__() got an unexpected keyword argument 'onset'
INFO:faster_whisper:Processing audio with duration 00:16.600
ERROR:root:[ERROR]: Failed to transcribe audio chunk: VadOptions.__init__() got an unexpected keyword argument 'onset'
INFO:faster_whisper:Processing audio with duration 00:16.600
ERROR:root:[ERROR]: Failed to transcribe audio chunk: VadOptions.__init__() got an unexpected keyword argument 'onset'
INFO:faster_whisper:Processing audio with duration 00:16.650
ERROR:root:[ERROR]: Failed to transcribe audio chunk: VadOptions.__init__() got an unexpected keyword argument 'onset'
INFO:faster_whisper:Processing audio with duration 00:16.650
ERROR:root:[ERROR]: Failed to transcribe audio chunk: VadOptions.__init__() got an unexpected keyword argument 'onset'
INFO:faster_whisper:Processing audio with duration 00:16.650
ERROR:root:[ERROR]: Failed to transcribe audio chunk: VadOptions.__init__() got an unexpected keyword argument 'onset'
INFO:faster_whisper:Processing audio with duration 00:16.650
ERROR:root:[ERROR]: Failed to transcribe audio chunk: VadOptions.__init__() got an unexpected keyword argument 'onset'
INFO:faster_whisper:Processing audio with duration 00:16.650
ERROR:root:[ERROR]: Failed to transcribe audio chunk: VadOptions.__init__() got an unexpected keyword argument 'onset'
INFO:faster_whisper:Processing audio with duration 00:16.700
ERROR:root:[ERROR]: Failed to transcribe audio chunk: VadOptions.__init__() got an unexpected keyword argument 'onset'
INFO:faster_whisper:Processing audio with duration 00:16.700
ERROR:root:[ERROR]: Failed to transcribe audio chunk: VadOptions.__init__() got an unexpected keyword argument 'onset'
INFO:faster_whisper:Processing audio with duration 00:16.700
ERROR:root:[ERROR]: Failed to transcribe audio chunk: VadOptions.__init__() got an unexpected keyword argument 'onset'
INFO:faster_whisper:Processing audio with duration 00:16.700
ERROR:root:[ERROR]: Failed to transcribe audio chunk: VadOptions.__init__() got an unexpected keyword argument 'onset'
INFO:faster_whisper:Processing audio with duration 00:16.750
ERROR:root:[ERROR]: Failed to transcribe audio chunk: VadOptions.__init__() got an unexpected keyword argument 'onset'
INFO:faster_whisper:Processing audio with duration 00:16.750
ERROR:root:[ERROR]: Failed to transcribe audio chunk: VadOptions.__init__() got an unexpected keyword argument 'onset'
INFO:faster_whisper:Processing audio with duration 00:16.750
ERROR:root:[ERROR]: Failed to transcribe audio chunk: VadOptions.__init__() got an unexpected keyword argument 'onset'
INFO:faster_whisper:Processing audio with duration 00:16.750
ERROR:root:[ERROR]: Failed to transcribe audio chunk: VadOptions.__init__() got an unexpected keyword argument 'onset'
INFO:faster_whisper:Processing audio with duration 00:16.750
ERROR:root:[ERROR]: Failed to transcribe audio chunk: VadOptions.__init__() got an unexpected keyword argument 'onset'
INFO:faster_whisper:Processing audio with duration 00:16.800
ERROR:root:[ERROR]: Failed to transcribe audio chunk: VadOptions.__init__() got an unexpected keyword argument 'onset'
INFO:faster_whisper:Processing audio with duration 00:16.800
ERROR:root:[ERROR]: Failed to transcribe audio chunk: VadOptions.__init__() got an unexpected keyword argument 'onset'
INFO:faster_whisper:Processing audio with duration 00:16.800
ERROR:root:[ERROR]: Failed to transcribe audio chunk: VadOptions.__init__() got an unexpected keyword argument 'onset'
INFO:faster_whisper:Processing audio with duration 00:16.800
ERROR:root:[ERROR]: Failed to transcribe audio chunk: VadOptions.__init__() got an unexpected keyword argument 'onset'
INFO:faster_whisper:Processing audio with duration 00:16.850
ERROR:root:[ERROR]: Failed to transcribe audio chunk: VadOptions.__init__() got an unexpected keyword argument 'onset'
INFO:faster_whisper:Processing audio with duration 00:16.850
ERROR:root:[ERROR]: Failed to transcribe audio chunk: VadOptions.__init__() got an unexpected keyword argument 'onset'
INFO:faster_whisper:Processing audio with duration 00:16.850
ERROR:root:[ERROR]: Failed to transcribe audio chunk: VadOptions.__init__() got an unexpected keyword argument 'onset'
INFO:faster_whisper:Processing audio with duration 00:16.850
ERROR:root:[ERROR]: Failed to transcribe audio chunk: VadOptions.__init__() got an unexpected keyword argument 'onset'
INFO:faster_whisper:Processing audio with duration 00:16.850
ERROR:root:[ERROR]: Failed to transcribe audio chunk: VadOptions.__init__() got an unexpected keyword argument 'onset'
INFO:faster_whisper:Processing audio with duration 00:16.900
ERROR:root:[ERROR]: Failed to transcribe audio chunk: VadOptions.__init__() got an unexpected keyword argument 'onset'
INFO:faster_whisper:Processing audio with duration 00:16.900
ERROR:root:[ERROR]: Failed to transcribe audio chunk: VadOptions.__init__() got an unexpected keyword argument 'onset'
INFO:faster_whisper:Processing audio with duration 00:16.900
ERROR:root:[ERROR]: Failed to transcribe audio chunk: VadOptions.__init__() got an unexpected keyword argument 'onset'
INFO:faster_whisper:Processing audio with duration 00:16.900
ERROR:root:[ERROR]: Failed to transcribe audio chunk: VadOptions.__init__() got an unexpected keyword argument 'onset'
INFO:faster_whisper:Processing audio with duration 00:16.950
ERROR:root:[ERROR]: Failed to transcribe audio chunk: VadOptions.__init__() got an unexpected keyword argument 'onset'
INFO:faster_whisper:Processing audio with duration 00:16.950
ERROR:root:[ERROR]: Failed to transcribe audio chunk: VadOptions.__init__() got an unexpected keyword argument 'onset'
INFO:faster_whisper:Processing audio with duration 00:16.950
ERROR:root:[ERROR]: Failed to transcribe audio chunk: VadOptions.__init__() got an unexpected keyword argument 'onset'
INFO:faster_whisper:Processing audio with duration 00:16.950
ERROR:root:[ERROR]: Failed to transcribe audio chunk: VadOptions.__init__() got an unexpected keyword argument 'onset'
INFO:faster_whisper:Processing audio with duration 00:16.950
ERROR:root:[ERROR]: Failed to transcribe audio chunk: VadOptions.__init__() got an unexpected keyword argument 'onset'
INFO:faster_whisper:Processing audio with duration 00:17.000
ERROR:root:[ERROR]: Failed to transcribe audio chunk: VadOptions.__init__() got an unexpected keyword argument 'onset'
INFO:faster_whisper:Processing audio with duration 00:17.000
ERROR:root:[ERROR]: Failed to transcribe audio chunk: VadOptions.__init__() got an unexpected keyword argument 'onset'
INFO:faster_whisper:Processing audio with duration 00:17.000
ERROR:root:[ERROR]: Failed to transcribe audio chunk: VadOptions.__init__() got an unexpected keyword argument 'onset'
INFO:faster_whisper:Processing audio with duration 00:17.000
ERROR:root:[ERROR]: Failed to transcribe audio chunk: VadOptions.__init__() got an unexpected keyword argument 'onset'
INFO:faster_whisper:Processing audio with duration 00:17.000
ERROR:root:[ERROR]: Failed to transcribe audio chunk: VadOptions.__init__() got an unexpected keyword argument 'onset'
INFO:faster_whisper:Processing audio with duration 00:17.050
ERROR:root:[ERROR]: Failed to transcribe audio chunk: VadOptions.__init__() got an unexpected keyword argument 'onset'
INFO:faster_whisper:Processing audio with duration 00:17.050
ERROR:root:[ERROR]: Failed to transcribe audio chunk: VadOptions.__init__() got an unexpected keyword argument 'onset'
INFO:faster_whisper:Processing audio with duration 00:17.050
ERROR:root:[ERROR]: Failed to transcribe audio chunk: VadOptions.__init__() got an unexpected keyword argument 'onset'
INFO:faster_whisper:Processing audio with duration 00:17.050
ERROR:root:[ERROR]: Failed to transcribe audio chunk: VadOptions.__init__() got an unexpected keyword argument 'onset'
INFO:faster_whisper:Processing audio with duration 00:17.100
ERROR:root:[ERROR]: Failed to transcribe audio chunk: VadOptions.__init__() got an unexpected keyword argument 'onset'
INFO:faster_whisper:Processing audio with duration 00:17.100
ERROR:root:[ERROR]: Failed to transcribe audio chunk: VadOptions.__init__() got an unexpected keyword argument 'onset'
INFO:faster_whisper:Processing audio with duration 00:17.100
ERROR:root:[ERROR]: Failed to transcribe audio chunk: VadOptions.__init__() got an unexpected keyword argument 'onset'
INFO:faster_whisper:Processing audio with duration 00:17.100
ERROR:root:[ERROR]: Failed to transcribe audio chunk: VadOptions.__init__() got an unexpected keyword argument 'onset'
INFO:faster_whisper:Processing audio with duration 00:17.100
ERROR:root:[ERROR]: Failed to transcribe audio chunk: VadOptions.__init__() got an unexpected keyword argument 'onset'
INFO:faster_whisper:Processing audio with duration 00:17.150
ERROR:root:[ERROR]: Failed to transcribe audio chunk: VadOptions.__init__() got an unexpected keyword argument 'onset'
INFO:faster_whisper:Processing audio with duration 00:17.150
ERROR:root:[ERROR]: Failed to transcribe audio chunk: VadOptions.__init__() got an unexpected keyword argument 'onset'
INFO:faster_whisper:Processing audio with duration 00:17.150
ERROR:root:[ERROR]: Failed to transcribe audio chunk: VadOptions.__init__() got an unexpected keyword argument 'onset'
INFO:faster_whisper:Processing audio with duration 00:17.150
ERROR:root:[ERROR]: Failed to transcribe audio chunk: VadOptions.__init__() got an unexpected keyword argument 'onset'
INFO:faster_whisper:Processing audio with duration 00:17.150
ERROR:root:[ERROR]: Failed to transcribe audio chunk: VadOptions.__init__() got an unexpected keyword argument 'onset'
INFO:faster_whisper:Processing audio with duration 00:17.200
ERROR:root:[ERROR]: Failed to transcribe audio chunk: VadOptions.__init__() got an unexpected keyword argument 'onset'
INFO:faster_whisper:Processing audio with duration 00:17.200
ERROR:root:[ERROR]: Failed to transcribe audio chunk: VadOptions.__init__() got an unexpected keyword argument 'onset'
INFO:faster_whisper:Processing audio with duration 00:17.200
ERROR:root:[ERROR]: Failed to transcribe audio chunk: VadOptions.__init__() got an unexpected keyword argument 'onset'
INFO:faster_whisper:Processing audio with duration 00:17.200
ERROR:root:[ERROR]: Failed to transcribe audio chunk: VadOptions.__init__() got an unexpected keyword argument 'onset'
INFO:faster_whisper:Processing audio with duration 00:17.250
ERROR:root:[ERROR]: Failed to transcribe audio chunk: VadOptions.__init__() got an unexpected keyword argument 'onset'
INFO:faster_whisper:Processing audio with duration 00:17.250
ERROR:root:[ERROR]: Failed to transcribe audio chunk: VadOptions.__init__() got an unexpected keyword argument 'onset'
INFO:faster_whisper:Processing audio with duration 00:17.250
ERROR:root:[ERROR]: Failed to transcribe audio chunk: VadOptions.__init__() got an unexpected keyword argument 'onset'
INFO:faster_whisper:Processing audio with duration 00:17.250
ERROR:root:[ERROR]: Failed to transcribe audio chunk: VadOptions.__init__() got an unexpected keyword argument 'onset'
INFO:faster_whisper:Processing audio with duration 00:17.250
ERROR:root:[ERROR]: Failed to transcribe audio chunk: VadOptions.__init__() got an unexpected keyword argument 'onset'
INFO:faster_whisper:Processing audio with duration 00:17.300
ERROR:root:[ERROR]: Failed to transcribe audio chunk: VadOptions.__init__() got an unexpected keyword argument 'onset'
INFO:faster_whisper:Processing audio with duration 00:17.300
ERROR:root:[ERROR]: Failed to transcribe audio chunk: VadOptions.__init__() got an unexpected keyword argument 'onset'
INFO:faster_whisper:Processing audio with duration 00:17.300
ERROR:root:[ERROR]: Failed to transcribe audio chunk: VadOptions.__init__() got an unexpected keyword argument 'onset'
INFO:faster_whisper:Processing audio with duration 00:17.300
ERROR:root:[ERROR]: Failed to transcribe audio chunk: VadOptions.__init__() got an unexpected keyword argument 'onset'
INFO:faster_whisper:Processing audio with duration 00:17.300
ERROR:root:[ERROR]: Failed to transcribe audio chunk: VadOptions.__init__() got an unexpected keyword argument 'onset'
INFO:faster_whisper:Processing audio with duration 00:17.350
ERROR:root:[ERROR]: Failed to transcribe audio chunk: VadOptions.__init__() got an unexpected keyword argument 'onset'
INFO:faster_whisper:Processing audio with duration 00:17.350
ERROR:root:[ERROR]: Failed to transcribe audio chunk: VadOptions.__init__() got an unexpected keyword argument 'onset'
INFO:faster_whisper:Processing audio with duration 00:17.350
ERROR:root:[ERROR]: Failed to transcribe audio chunk: VadOptions.__init__() got an unexpected keyword argument 'onset'
INFO:faster_whisper:Processing audio with duration 00:17.350
ERROR:root:[ERROR]: Failed to transcribe audio chunk: VadOptions.__init__() got an unexpected keyword argument 'onset'
INFO:faster_whisper:Processing audio with duration 00:17.400
ERROR:root:[ERROR]: Failed to transcribe audio chunk: VadOptions.__init__() got an unexpected keyword argument 'onset'
INFO:faster_whisper:Processing audio with duration 00:17.400
ERROR:root:[ERROR]: Failed to transcribe audio chunk: VadOptions.__init__() got an unexpected keyword argument 'onset'
INFO:faster_whisper:Processing audio with duration 00:17.400
ERROR:root:[ERROR]: Failed to transcribe audio chunk: VadOptions.__init__() got an unexpected keyword argument 'onset'
INFO:faster_whisper:Processing audio with duration 00:17.400
ERROR:root:[ERROR]: Failed to transcribe audio chunk: VadOptions.__init__() got an unexpected keyword argument 'onset'
INFO:faster_whisper:Processing audio with duration 00:17.400
ERROR:root:[ERROR]: Failed to transcribe audio chunk: VadOptions.__init__() got an unexpected keyword argument 'onset'
INFO:faster_whisper:Processing audio with duration 00:17.450
ERROR:root:[ERROR]: Failed to transcribe audio chunk: VadOptions.__init__() got an unexpected keyword argument 'onset'
INFO:faster_whisper:Processing audio with duration 00:17.450
ERROR:root:[ERROR]: Failed to transcribe audio chunk: VadOptions.__init__() got an unexpected keyword argument 'onset'
INFO:faster_whisper:Processing audio with duration 00:17.450
ERROR:root:[ERROR]: Failed to transcribe audio chunk: VadOptions.__init__() got an unexpected keyword argument 'onset'
INFO:faster_whisper:Processing audio with duration 00:17.450
ERROR:root:[ERROR]: Failed to transcribe audio chunk: VadOptions.__init__() got an unexpected keyword argument 'onset'
INFO:faster_whisper:Processing audio with duration 00:17.450
ERROR:root:[ERROR]: Failed to transcribe audio chunk: VadOptions.__init__() got an unexpected keyword argument 'onset'
INFO:faster_whisper:Processing audio with duration 00:17.500
ERROR:root:[ERROR]: Failed to transcribe audio chunk: VadOptions.__init__() got an unexpected keyword argument 'onset'
INFO:faster_whisper:Processing audio with duration 00:17.500
ERROR:root:[ERROR]: Failed to transcribe audio chunk: VadOptions.__init__() got an unexpected keyword argument 'onset'
INFO:faster_whisper:Processing audio with duration 00:17.500
ERROR:root:[ERROR]: Failed to transcribe audio chunk: VadOptions.__init__() got an unexpected keyword argument 'onset'
INFO:faster_whisper:Processing audio with duration 00:17.500
ERROR:root:[ERROR]: Failed to transcribe audio chunk: VadOptions.__init__() got an unexpected keyword argument 'onset'
INFO:faster_whisper:Processing audio with duration 00:17.550
ERROR:root:[ERROR]: Failed to transcribe audio chunk: VadOptions.__init__() got an unexpected keyword argument 'onset'
INFO:faster_whisper:Processing audio with duration 00:17.550
ERROR:root:[ERROR]: Failed to transcribe audio chunk: VadOptions.__init__() got an unexpected keyword argument 'onset'
INFO:faster_whisper:Processing audio with duration 00:17.550
ERROR:root:[ERROR]: Failed to transcribe audio chunk: VadOptions.__init__() got an unexpected keyword argument 'onset'
INFO:faster_whisper:Processing audio with duration 00:17.550
ERROR:root:[ERROR]: Failed to transcribe audio chunk: VadOptions.__init__() got an unexpected keyword argument 'onset'
INFO:faster_whisper:Processing audio with duration 00:17.550
ERROR:root:[ERROR]: Failed to transcribe audio chunk: VadOptions.__init__() got an unexpected keyword argument 'onset'
INFO:faster_whisper:Processing audio with duration 00:17.600
ERROR:root:[ERROR]: Failed to transcribe audio chunk: VadOptions.__init__() got an unexpected keyword argument 'onset'
INFO:faster_whisper:Processing audio with duration 00:17.600
ERROR:root:[ERROR]: Failed to transcribe audio chunk: VadOptions.__init__() got an unexpected keyword argument 'onset'
INFO:faster_whisper:Processing audio with duration 00:17.600
ERROR:root:[ERROR]: Failed to transcribe audio chunk: VadOptions.__init__() got an unexpected keyword argument 'onset'
INFO:faster_whisper:Processing audio with duration 00:17.600
ERROR:root:[ERROR]: Failed to transcribe audio chunk: VadOptions.__init__() got an unexpected keyword argument 'onset'
INFO:faster_whisper:Processing audio with duration 00:17.600
ERROR:root:[ERROR]: Failed to transcribe audio chunk: VadOptions.__init__() got an unexpected keyword argument 'onset'
INFO:faster_whisper:Processing audio with duration 00:17.650
ERROR:root:[ERROR]: Failed to transcribe audio chunk: VadOptions.__init__() got an unexpected keyword argument 'onset'
INFO:faster_whisper:Processing audio with duration 00:17.650
ERROR:root:[ERROR]: Failed to transcribe audio chunk: VadOptions.__init__() got an unexpected keyword argument 'onset'
INFO:faster_whisper:Processing audio with duration 00:17.650
ERROR:root:[ERROR]: Failed to transcribe audio chunk: VadOptions.__init__() got an unexpected keyword argument 'onset'
INFO:faster_whisper:Processing audio with duration 00:17.650
ERROR:root:[ERROR]: Failed to transcribe audio chunk: VadOptions.__init__() got an unexpected keyword argument 'onset'
INFO:faster_whisper:Processing audio with duration 00:17.700
ERROR:root:[ERROR]: Failed to transcribe audio chunk: VadOptions.__init__() got an unexpected keyword argument 'onset'
INFO:faster_whisper:Processing audio with duration 00:17.700
ERROR:root:[ERROR]: Failed to transcribe audio chunk: VadOptions.__init__() got an unexpected keyword argument 'onset'
INFO:faster_whisper:Processing audio with duration 00:17.700
ERROR:root:[ERROR]: Failed to transcribe audio chunk: VadOptions.__init__() got an unexpected keyword argument 'onset'
INFO:faster_whisper:Processing audio with duration 00:17.700
ERROR:root:[ERROR]: Failed to transcribe audio chunk: VadOptions.__init__() got an unexpected keyword argument 'onset'
INFO:faster_whisper:Processing audio with duration 00:17.700
ERROR:root:[ERROR]: Failed to transcribe audio chunk: VadOptions.__init__() got an unexpected keyword argument 'onset'
INFO:faster_whisper:Processing audio with duration 00:17.750
ERROR:root:[ERROR]: Failed to transcribe audio chunk: VadOptions.__init__() got an unexpected keyword argument 'onset'
INFO:faster_whisper:Processing audio with duration 00:17.750
ERROR:root:[ERROR]: Failed to transcribe audio chunk: VadOptions.__init__() got an unexpected keyword argument 'onset'
INFO:faster_whisper:Processing audio with duration 00:17.750
ERROR:root:[ERROR]: Failed to transcribe audio chunk: VadOptions.__init__() got an unexpected keyword argument 'onset'
INFO:faster_whisper:Processing audio with duration 00:17.750
ERROR:root:[ERROR]: Failed to transcribe audio chunk: VadOptions.__init__() got an unexpected keyword argument 'onset'
INFO:faster_whisper:Processing audio with duration 00:17.800
ERROR:root:[ERROR]: Failed to transcribe audio chunk: VadOptions.__init__() got an unexpected keyword argument 'onset'
INFO:faster_whisper:Processing audio with duration 00:17.800
ERROR:root:[ERROR]: Failed to transcribe audio chunk: VadOptions.__init__() got an unexpected keyword argument 'onset'
INFO:faster_whisper:Processing audio with duration 00:17.800
ERROR:root:[ERROR]: Failed to transcribe audio chunk: VadOptions.__init__() got an unexpected keyword argument 'onset'
INFO:faster_whisper:Processing audio with duration 00:17.800
ERROR:root:[ERROR]: Failed to transcribe audio chunk: VadOptions.__init__() got an unexpected keyword argument 'onset'
INFO:faster_whisper:Processing audio with duration 00:17.800
ERROR:root:[ERROR]: Failed to transcribe audio chunk: VadOptions.__init__() got an unexpected keyword argument 'onset'
INFO:faster_whisper:Processing audio with duration 00:17.850
ERROR:root:[ERROR]: Failed to transcribe audio chunk: VadOptions.__init__() got an unexpected keyword argument 'onset'
INFO:faster_whisper:Processing audio with duration 00:17.850
ERROR:root:[ERROR]: Failed to transcribe audio chunk: VadOptions.__init__() got an unexpected keyword argument 'onset'
INFO:faster_whisper:Processing audio with duration 00:17.850
ERROR:root:[ERROR]: Failed to transcribe audio chunk: VadOptions.__init__() got an unexpected keyword argument 'onset'
INFO:faster_whisper:Processing audio with duration 00:17.850
ERROR:root:[ERROR]: Failed to transcribe audio chunk: VadOptions.__init__() got an unexpected keyword argument 'onset'
INFO:faster_whisper:Processing audio with duration 00:17.850
ERROR:root:[ERROR]: Failed to transcribe audio chunk: VadOptions.__init__() got an unexpected keyword argument 'onset'
INFO:faster_whisper:Processing audio with duration 00:17.900
ERROR:root:[ERROR]: Failed to transcribe audio chunk: VadOptions.__init__() got an unexpected keyword argument 'onset'
INFO:faster_whisper:Processing audio with duration 00:17.900
ERROR:root:[ERROR]: Failed to transcribe audio chunk: VadOptions.__init__() got an unexpected keyword argument 'onset'
INFO:faster_whisper:Processing audio with duration 00:17.900
ERROR:root:[ERROR]: Failed to transcribe audio chunk: VadOptions.__init__() got an unexpected keyword argument 'onset'
INFO:faster_whisper:Processing audio with duration 00:17.900
ERROR:root:[ERROR]: Failed to transcribe audio chunk: VadOptions.__init__() got an unexpected keyword argument 'onset'
INFO:faster_whisper:Processing audio with duration 00:17.950
ERROR:root:[ERROR]: Failed to transcribe audio chunk: VadOptions.__init__() got an unexpected keyword argument 'onset'
INFO:faster_whisper:Processing audio with duration 00:17.950
ERROR:root:[ERROR]: Failed to transcribe audio chunk: VadOptions.__init__() got an unexpected keyword argument 'onset'
INFO:faster_whisper:Processing audio with duration 00:17.950
ERROR:root:[ERROR]: Failed to transcribe audio chunk: VadOptions.__init__() got an unexpected keyword argument 'onset'
INFO:faster_whisper:Processing audio with duration 00:17.950
ERROR:root:[ERROR]: Failed to transcribe audio chunk: VadOptions.__init__() got an unexpected keyword argument 'onset'
INFO:faster_whisper:Processing audio with duration 00:17.950
ERROR:root:[ERROR]: Failed to transcribe audio chunk: VadOptions.__init__() got an unexpected keyword argument 'onset'
INFO:faster_whisper:Processing audio with duration 00:18.000
ERROR:root:[ERROR]: Failed to transcribe audio chunk: VadOptions.__init__() got an unexpected keyword argument 'onset'
INFO:faster_whisper:Processing audio with duration 00:18.000
ERROR:root:[ERROR]: Failed to transcribe audio chunk: VadOptions.__init__() got an unexpected keyword argument 'onset'
INFO:faster_whisper:Processing audio with duration 00:18.000
ERROR:root:[ERROR]: Failed to transcribe audio chunk: VadOptions.__init__() got an unexpected keyword argument 'onset'
INFO:faster_whisper:Processing audio with duration 00:18.000
ERROR:root:[ERROR]: Failed to transcribe audio chunk: VadOptions.__init__() got an unexpected keyword argument 'onset'
INFO:faster_whisper:Processing audio with duration 00:18.000
ERROR:root:[ERROR]: Failed to transcribe audio chunk: VadOptions.__init__() got an unexpected keyword argument 'onset'
INFO:faster_whisper:Processing audio with duration 00:18.050
ERROR:root:[ERROR]: Failed to transcribe audio chunk: VadOptions.__init__() got an unexpected keyword argument 'onset'
INFO:faster_whisper:Processing audio with duration 00:18.050
ERROR:root:[ERROR]: Failed to transcribe audio chunk: VadOptions.__init__() got an unexpected keyword argument 'onset'
INFO:faster_whisper:Processing audio with duration 00:18.050
ERROR:root:[ERROR]: Failed to transcribe audio chunk: VadOptions.__init__() got an unexpected keyword argument 'onset'
INFO:faster_whisper:Processing audio with duration 00:18.050
ERROR:root:[ERROR]: Failed to transcribe audio chunk: VadOptions.__init__() got an unexpected keyword argument 'onset'
INFO:faster_whisper:Processing audio with duration 00:18.100
ERROR:root:[ERROR]: Failed to transcribe audio chunk: VadOptions.__init__() got an unexpected keyword argument 'onset'
INFO:faster_whisper:Processing audio with duration 00:18.100
ERROR:root:[ERROR]: Failed to transcribe audio chunk: VadOptions.__init__() got an unexpected keyword argument 'onset'
INFO:faster_whisper:Processing audio with duration 00:18.100
ERROR:root:[ERROR]: Failed to transcribe audio chunk: VadOptions.__init__() got an unexpected keyword argument 'onset'
INFO:faster_whisper:Processing audio with duration 00:18.100
ERROR:root:[ERROR]: Failed to transcribe audio chunk: VadOptions.__init__() got an unexpected keyword argument 'onset'
INFO:faster_whisper:Processing audio with duration 00:18.100
ERROR:root:[ERROR]: Failed to transcribe audio chunk: VadOptions.__init__() got an unexpected keyword argument 'onset'
INFO:faster_whisper:Processing audio with duration 00:18.150
ERROR:root:[ERROR]: Failed to transcribe audio chunk: VadOptions.__init__() got an unexpected keyword argument 'onset'
INFO:faster_whisper:Processing audio with duration 00:18.150
ERROR:root:[ERROR]: Failed to transcribe audio chunk: VadOptions.__init__() got an unexpected keyword argument 'onset'
INFO:faster_whisper:Processing audio with duration 00:18.150
ERROR:root:[ERROR]: Failed to transcribe audio chunk: VadOptions.__init__() got an unexpected keyword argument 'onset'
INFO:faster_whisper:Processing audio with duration 00:18.150
ERROR:root:[ERROR]: Failed to transcribe audio chunk: VadOptions.__init__() got an unexpected keyword argument 'onset'
INFO:faster_whisper:Processing audio with duration 00:18.150
ERROR:root:[ERROR]: Failed to transcribe audio chunk: VadOptions.__init__() got an unexpected keyword argument 'onset'
INFO:faster_whisper:Processing audio with duration 00:18.200
ERROR:root:[ERROR]: Failed to transcribe audio chunk: VadOptions.__init__() got an unexpected keyword argument 'onset'
INFO:faster_whisper:Processing audio with duration 00:18.200
ERROR:root:[ERROR]: Failed to transcribe audio chunk: VadOptions.__init__() got an unexpected keyword argument 'onset'
INFO:faster_whisper:Processing audio with duration 00:18.200
ERROR:root:[ERROR]: Failed to transcribe audio chunk: VadOptions.__init__() got an unexpected keyword argument 'onset'
INFO:faster_whisper:Processing audio with duration 00:18.200
ERROR:root:[ERROR]: Failed to transcribe audio chunk: VadOptions.__init__() got an unexpected keyword argument 'onset'
INFO:faster_whisper:Processing audio with duration 00:18.250
ERROR:root:[ERROR]: Failed to transcribe audio chunk: VadOptions.__init__() got an unexpected keyword argument 'onset'
INFO:faster_whisper:Processing audio with duration 00:18.250
ERROR:root:[ERROR]: Failed to transcribe audio chunk: VadOptions.__init__() got an unexpected keyword argument 'onset'
INFO:faster_whisper:Processing audio with duration 00:18.250
ERROR:root:[ERROR]: Failed to transcribe audio chunk: VadOptions.__init__() got an unexpected keyword argument 'onset'
INFO:faster_whisper:Processing audio with duration 00:18.250
ERROR:root:[ERROR]: Failed to transcribe audio chunk: VadOptions.__init__() got an unexpected keyword argument 'onset'
INFO:faster_whisper:Processing audio with duration 00:18.250
ERROR:root:[ERROR]: Failed to transcribe audio chunk: VadOptions.__init__() got an unexpected keyword argument 'onset'
INFO:faster_whisper:Processing audio with duration 00:18.300
ERROR:root:[ERROR]: Failed to transcribe audio chunk: VadOptions.__init__() got an unexpected keyword argument 'onset'
INFO:faster_whisper:Processing audio with duration 00:18.300
ERROR:root:[ERROR]: Failed to transcribe audio chunk: VadOptions.__init__() got an unexpected keyword argument 'onset'
INFO:faster_whisper:Processing audio with duration 00:18.300
ERROR:root:[ERROR]: Failed to transcribe audio chunk: VadOptions.__init__() got an unexpected keyword argument 'onset'
INFO:faster_whisper:Processing audio with duration 00:18.300
ERROR:root:[ERROR]: Failed to transcribe audio chunk: VadOptions.__init__() got an unexpected keyword argument 'onset'
INFO:faster_whisper:Processing audio with duration 00:18.300
ERROR:root:[ERROR]: Failed to transcribe audio chunk: VadOptions.__init__() got an unexpected keyword argument 'onset'
INFO:faster_whisper:Processing audio with duration 00:18.350
ERROR:root:[ERROR]: Failed to transcribe audio chunk: VadOptions.__init__() got an unexpected keyword argument 'onset'
INFO:faster_whisper:Processing audio with duration 00:18.350
ERROR:root:[ERROR]: Failed to transcribe audio chunk: VadOptions.__init__() got an unexpected keyword argument 'onset'
INFO:faster_whisper:Processing audio with duration 00:18.350
ERROR:root:[ERROR]: Failed to transcribe audio chunk: VadOptions.__init__() got an unexpected keyword argument 'onset'
INFO:faster_whisper:Processing audio with duration 00:18.350
ERROR:root:[ERROR]: Failed to transcribe audio chunk: VadOptions.__init__() got an unexpected keyword argument 'onset'
INFO:faster_whisper:Processing audio with duration 00:18.350
ERROR:root:[ERROR]: Failed to transcribe audio chunk: VadOptions.__init__() got an unexpected keyword argument 'onset'
INFO:faster_whisper:Processing audio with duration 00:18.400
ERROR:root:[ERROR]: Failed to transcribe audio chunk: VadOptions.__init__() got an unexpected keyword argument 'onset'
INFO:faster_whisper:Processing audio with duration 00:18.400
ERROR:root:[ERROR]: Failed to transcribe audio chunk: VadOptions.__init__() got an unexpected keyword argument 'onset'
INFO:faster_whisper:Processing audio with duration 00:18.400
ERROR:root:[ERROR]: Failed to transcribe audio chunk: VadOptions.__init__() got an unexpected keyword argument 'onset'
INFO:faster_whisper:Processing audio with duration 00:18.400
ERROR:root:[ERROR]: Failed to transcribe audio chunk: VadOptions.__init__() got an unexpected keyword argument 'onset'
INFO:faster_whisper:Processing audio with duration 00:18.450
ERROR:root:[ERROR]: Failed to transcribe audio chunk: VadOptions.__init__() got an unexpected keyword argument 'onset'
INFO:faster_whisper:Processing audio with duration 00:18.450
ERROR:root:[ERROR]: Failed to transcribe audio chunk: VadOptions.__init__() got an unexpected keyword argument 'onset'
INFO:faster_whisper:Processing audio with duration 00:18.450
ERROR:root:[ERROR]: Failed to transcribe audio chunk: VadOptions.__init__() got an unexpected keyword argument 'onset'
INFO:faster_whisper:Processing audio with duration 00:18.450
ERROR:root:[ERROR]: Failed to transcribe audio chunk: VadOptions.__init__() got an unexpected keyword argument 'onset'
INFO:faster_whisper:Processing audio with duration 00:18.450
ERROR:root:[ERROR]: Failed to transcribe audio chunk: VadOptions.__init__() got an unexpected keyword argument 'onset'
INFO:faster_whisper:Processing audio with duration 00:18.500
ERROR:root:[ERROR]: Failed to transcribe audio chunk: VadOptions.__init__() got an unexpected keyword argument 'onset'
INFO:faster_whisper:Processing audio with duration 00:18.500
ERROR:root:[ERROR]: Failed to transcribe audio chunk: VadOptions.__init__() got an unexpected keyword argument 'onset'
INFO:faster_whisper:Processing audio with duration 00:18.500
ERROR:root:[ERROR]: Failed to transcribe audio chunk: VadOptions.__init__() got an unexpected keyword argument 'onset'
INFO:faster_whisper:Processing audio with duration 00:18.500
ERROR:root:[ERROR]: Failed to transcribe audio chunk: VadOptions.__init__() got an unexpected keyword argument 'onset'
INFO:faster_whisper:Processing audio with duration 00:18.500
ERROR:root:[ERROR]: Failed to transcribe audio chunk: VadOptions.__init__() got an unexpected keyword argument 'onset'
INFO:faster_whisper:Processing audio with duration 00:18.550
ERROR:root:[ERROR]: Failed to transcribe audio chunk: VadOptions.__init__() got an unexpected keyword argument 'onset'
INFO:faster_whisper:Processing audio with duration 00:18.550
ERROR:root:[ERROR]: Failed to transcribe audio chunk: VadOptions.__init__() got an unexpected keyword argument 'onset'
INFO:faster_whisper:Processing audio with duration 00:18.550
ERROR:root:[ERROR]: Failed to transcribe audio chunk: VadOptions.__init__() got an unexpected keyword argument 'onset'
INFO:faster_whisper:Processing audio with duration 00:18.550
ERROR:root:[ERROR]: Failed to transcribe audio chunk: VadOptions.__init__() got an unexpected keyword argument 'onset'
INFO:faster_whisper:Processing audio with duration 00:18.550
ERROR:root:[ERROR]: Failed to transcribe audio chunk: VadOptions.__init__() got an unexpected keyword argument 'onset'
INFO:faster_whisper:Processing audio with duration 00:18.600
ERROR:root:[ERROR]: Failed to transcribe audio chunk: VadOptions.__init__() got an unexpected keyword argument 'onset'
INFO:faster_whisper:Processing audio with duration 00:18.600
ERROR:root:[ERROR]: Failed to transcribe audio chunk: VadOptions.__init__() got an unexpected keyword argument 'onset'
INFO:faster_whisper:Processing audio with duration 00:18.600
ERROR:root:[ERROR]: Failed to transcribe audio chunk: VadOptions.__init__() got an unexpected keyword argument 'onset'
INFO:faster_whisper:Processing audio with duration 00:18.600
ERROR:root:[ERROR]: Failed to transcribe audio chunk: VadOptions.__init__() got an unexpected keyword argument 'onset'
INFO:faster_whisper:Processing audio with duration 00:18.650
ERROR:root:[ERROR]: Failed to transcribe audio chunk: VadOptions.__init__() got an unexpected keyword argument 'onset'
INFO:faster_whisper:Processing audio with duration 00:18.650
ERROR:root:[ERROR]: Failed to transcribe audio chunk: VadOptions.__init__() got an unexpected keyword argument 'onset'
INFO:faster_whisper:Processing audio with duration 00:18.650
ERROR:root:[ERROR]: Failed to transcribe audio chunk: VadOptions.__init__() got an unexpected keyword argument 'onset'
INFO:faster_whisper:Processing audio with duration 00:18.650
ERROR:root:[ERROR]: Failed to transcribe audio chunk: VadOptions.__init__() got an unexpected keyword argument 'onset'
INFO:faster_whisper:Processing audio with duration 00:18.650
ERROR:root:[ERROR]: Failed to transcribe audio chunk: VadOptions.__init__() got an unexpected keyword argument 'onset'
INFO:faster_whisper:Processing audio with duration 00:18.700
ERROR:root:[ERROR]: Failed to transcribe audio chunk: VadOptions.__init__() got an unexpected keyword argument 'onset'
INFO:faster_whisper:Processing audio with duration 00:18.700
ERROR:root:[ERROR]: Failed to transcribe audio chunk: VadOptions.__init__() got an unexpected keyword argument 'onset'
INFO:faster_whisper:Processing audio with duration 00:18.700
ERROR:root:[ERROR]: Failed to transcribe audio chunk: VadOptions.__init__() got an unexpected keyword argument 'onset'
INFO:faster_whisper:Processing audio with duration 00:18.700
ERROR:root:[ERROR]: Failed to transcribe audio chunk: VadOptions.__init__() got an unexpected keyword argument 'onset'
INFO:faster_whisper:Processing audio with duration 00:18.700
ERROR:root:[ERROR]: Failed to transcribe audio chunk: VadOptions.__init__() got an unexpected keyword argument 'onset'
INFO:faster_whisper:Processing audio with duration 00:18.750
ERROR:root:[ERROR]: Failed to transcribe audio chunk: VadOptions.__init__() got an unexpected keyword argument 'onset'
INFO:faster_whisper:Processing audio with duration 00:18.750
ERROR:root:[ERROR]: Failed to transcribe audio chunk: VadOptions.__init__() got an unexpected keyword argument 'onset'
INFO:faster_whisper:Processing audio with duration 00:18.750
ERROR:root:[ERROR]: Failed to transcribe audio chunk: VadOptions.__init__() got an unexpected keyword argument 'onset'
INFO:faster_whisper:Processing audio with duration 00:18.750
ERROR:root:[ERROR]: Failed to transcribe audio chunk: VadOptions.__init__() got an unexpected keyword argument 'onset'
INFO:faster_whisper:Processing audio with duration 00:18.750
ERROR:root:[ERROR]: Failed to transcribe audio chunk: VadOptions.__init__() got an unexpected keyword argument 'onset'
INFO:faster_whisper:Processing audio with duration 00:18.800
ERROR:root:[ERROR]: Failed to transcribe audio chunk: VadOptions.__init__() got an unexpected keyword argument 'onset'
INFO:faster_whisper:Processing audio with duration 00:18.800
ERROR:root:[ERROR]: Failed to transcribe audio chunk: VadOptions.__init__() got an unexpected keyword argument 'onset'
INFO:faster_whisper:Processing audio with duration 00:18.800
ERROR:root:[ERROR]: Failed to transcribe audio chunk: VadOptions.__init__() got an unexpected keyword argument 'onset'
INFO:faster_whisper:Processing audio with duration 00:18.800
ERROR:root:[ERROR]: Failed to transcribe audio chunk: VadOptions.__init__() got an unexpected keyword argument 'onset'
INFO:faster_whisper:Processing audio with duration 00:18.850
ERROR:root:[ERROR]: Failed to transcribe audio chunk: VadOptions.__init__() got an unexpected keyword argument 'onset'
INFO:faster_whisper:Processing audio with duration 00:18.850
ERROR:root:[ERROR]: Failed to transcribe audio chunk: VadOptions.__init__() got an unexpected keyword argument 'onset'
INFO:faster_whisper:Processing audio with duration 00:18.850
ERROR:root:[ERROR]: Failed to transcribe audio chunk: VadOptions.__init__() got an unexpected keyword argument 'onset'
INFO:faster_whisper:Processing audio with duration 00:18.850
ERROR:root:[ERROR]: Failed to transcribe audio chunk: VadOptions.__init__() got an unexpected keyword argument 'onset'
INFO:faster_whisper:Processing audio with duration 00:18.850
ERROR:root:[ERROR]: Failed to transcribe audio chunk: VadOptions.__init__() got an unexpected keyword argument 'onset'
INFO:faster_whisper:Processing audio with duration 00:18.900
ERROR:root:[ERROR]: Failed to transcribe audio chunk: VadOptions.__init__() got an unexpected keyword argument 'onset'
INFO:faster_whisper:Processing audio with duration 00:18.900
ERROR:root:[ERROR]: Failed to transcribe audio chunk: VadOptions.__init__() got an unexpected keyword argument 'onset'
INFO:faster_whisper:Processing audio with duration 00:18.900
ERROR:root:[ERROR]: Failed to transcribe audio chunk: VadOptions.__init__() got an unexpected keyword argument 'onset'
INFO:faster_whisper:Processing audio with duration 00:18.900
ERROR:root:[ERROR]: Failed to transcribe audio chunk: VadOptions.__init__() got an unexpected keyword argument 'onset'
INFO:faster_whisper:Processing audio with duration 00:18.950
ERROR:root:[ERROR]: Failed to transcribe audio chunk: VadOptions.__init__() got an unexpected keyword argument 'onset'
INFO:faster_whisper:Processing audio with duration 00:18.950
ERROR:root:[ERROR]: Failed to transcribe audio chunk: VadOptions.__init__() got an unexpected keyword argument 'onset'
INFO:faster_whisper:Processing audio with duration 00:18.950
ERROR:root:[ERROR]: Failed to transcribe audio chunk: VadOptions.__init__() got an unexpected keyword argument 'onset'
INFO:faster_whisper:Processing audio with duration 00:18.950
ERROR:root:[ERROR]: Failed to transcribe audio chunk: VadOptions.__init__() got an unexpected keyword argument 'onset'
INFO:faster_whisper:Processing audio with duration 00:18.950
ERROR:root:[ERROR]: Failed to transcribe audio chunk: VadOptions.__init__() got an unexpected keyword argument 'onset'
INFO:faster_whisper:Processing audio with duration 00:19.000
ERROR:root:[ERROR]: Failed to transcribe audio chunk: VadOptions.__init__() got an unexpected keyword argument 'onset'
INFO:faster_whisper:Processing audio with duration 00:19.000
ERROR:root:[ERROR]: Failed to transcribe audio chunk: VadOptions.__init__() got an unexpected keyword argument 'onset'
INFO:faster_whisper:Processing audio with duration 00:19.000
ERROR:root:[ERROR]: Failed to transcribe audio chunk: VadOptions.__init__() got an unexpected keyword argument 'onset'
INFO:faster_whisper:Processing audio with duration 00:19.000
ERROR:root:[ERROR]: Failed to transcribe audio chunk: VadOptions.__init__() got an unexpected keyword argument 'onset'
INFO:faster_whisper:Processing audio with duration 00:19.000
ERROR:root:[ERROR]: Failed to transcribe audio chunk: VadOptions.__init__() got an unexpected keyword argument 'onset'
INFO:faster_whisper:Processing audio with duration 00:19.050
ERROR:root:[ERROR]: Failed to transcribe audio chunk: VadOptions.__init__() got an unexpected keyword argument 'onset'
INFO:faster_whisper:Processing audio with duration 00:19.050
ERROR:root:[ERROR]: Failed to transcribe audio chunk: VadOptions.__init__() got an unexpected keyword argument 'onset'
INFO:faster_whisper:Processing audio with duration 00:19.050
ERROR:root:[ERROR]: Failed to transcribe audio chunk: VadOptions.__init__() got an unexpected keyword argument 'onset'
INFO:faster_whisper:Processing audio with duration 00:19.050
ERROR:root:[ERROR]: Failed to transcribe audio chunk: VadOptions.__init__() got an unexpected keyword argument 'onset'
INFO:faster_whisper:Processing audio with duration 00:19.050
ERROR:root:[ERROR]: Failed to transcribe audio chunk: VadOptions.__init__() got an unexpected keyword argument 'onset'
INFO:faster_whisper:Processing audio with duration 00:19.100
ERROR:root:[ERROR]: Failed to transcribe audio chunk: VadOptions.__init__() got an unexpected keyword argument 'onset'
INFO:faster_whisper:Processing audio with duration 00:19.100
ERROR:root:[ERROR]: Failed to transcribe audio chunk: VadOptions.__init__() got an unexpected keyword argument 'onset'
INFO:faster_whisper:Processing audio with duration 00:19.100
ERROR:root:[ERROR]: Failed to transcribe audio chunk: VadOptions.__init__() got an unexpected keyword argument 'onset'
INFO:faster_whisper:Processing audio with duration 00:19.100
ERROR:root:[ERROR]: Failed to transcribe audio chunk: VadOptions.__init__() got an unexpected keyword argument 'onset'
INFO:faster_whisper:Processing audio with duration 00:19.150
ERROR:root:[ERROR]: Failed to transcribe audio chunk: VadOptions.__init__() got an unexpected keyword argument 'onset'
INFO:faster_whisper:Processing audio with duration 00:19.150
ERROR:root:[ERROR]: Failed to transcribe audio chunk: VadOptions.__init__() got an unexpected keyword argument 'onset'
INFO:faster_whisper:Processing audio with duration 00:19.150
ERROR:root:[ERROR]: Failed to transcribe audio chunk: VadOptions.__init__() got an unexpected keyword argument 'onset'
INFO:faster_whisper:Processing audio with duration 00:19.150
ERROR:root:[ERROR]: Failed to transcribe audio chunk: VadOptions.__init__() got an unexpected keyword argument 'onset'
INFO:faster_whisper:Processing audio with duration 00:19.150
ERROR:root:[ERROR]: Failed to transcribe audio chunk: VadOptions.__init__() got an unexpected keyword argument 'onset'
INFO:faster_whisper:Processing audio with duration 00:19.200
ERROR:root:[ERROR]: Failed to transcribe audio chunk: VadOptions.__init__() got an unexpected keyword argument 'onset'
INFO:faster_whisper:Processing audio with duration 00:19.200
ERROR:root:[ERROR]: Failed to transcribe audio chunk: VadOptions.__init__() got an unexpected keyword argument 'onset'
INFO:faster_whisper:Processing audio with duration 00:19.200
ERROR:root:[ERROR]: Failed to transcribe audio chunk: VadOptions.__init__() got an unexpected keyword argument 'onset'
INFO:faster_whisper:Processing audio with duration 00:19.200
ERROR:root:[ERROR]: Failed to transcribe audio chunk: VadOptions.__init__() got an unexpected keyword argument 'onset'
INFO:faster_whisper:Processing audio with duration 00:19.200
ERROR:root:[ERROR]: Failed to transcribe audio chunk: VadOptions.__init__() got an unexpected keyword argument 'onset'
INFO:faster_whisper:Processing audio with duration 00:19.250
ERROR:root:[ERROR]: Failed to transcribe audio chunk: VadOptions.__init__() got an unexpected keyword argument 'onset'
INFO:faster_whisper:Processing audio with duration 00:19.250
ERROR:root:[ERROR]: Failed to transcribe audio chunk: VadOptions.__init__() got an unexpected keyword argument 'onset'
INFO:faster_whisper:Processing audio with duration 00:19.250
ERROR:root:[ERROR]: Failed to transcribe audio chunk: VadOptions.__init__() got an unexpected keyword argument 'onset'
INFO:faster_whisper:Processing audio with duration 00:19.250
ERROR:root:[ERROR]: Failed to transcribe audio chunk: VadOptions.__init__() got an unexpected keyword argument 'onset'
INFO:faster_whisper:Processing audio with duration 00:19.300
ERROR:root:[ERROR]: Failed to transcribe audio chunk: VadOptions.__init__() got an unexpected keyword argument 'onset'
INFO:faster_whisper:Processing audio with duration 00:19.300
ERROR:root:[ERROR]: Failed to transcribe audio chunk: VadOptions.__init__() got an unexpected keyword argument 'onset'
INFO:faster_whisper:Processing audio with duration 00:19.300
ERROR:root:[ERROR]: Failed to transcribe audio chunk: VadOptions.__init__() got an unexpected keyword argument 'onset'
INFO:faster_whisper:Processing audio with duration 00:19.300
ERROR:root:[ERROR]: Failed to transcribe audio chunk: VadOptions.__init__() got an unexpected keyword argument 'onset'
INFO:faster_whisper:Processing audio with duration 00:19.300
ERROR:root:[ERROR]: Failed to transcribe audio chunk: VadOptions.__init__() got an unexpected keyword argument 'onset'
INFO:faster_whisper:Processing audio with duration 00:19.350
ERROR:root:[ERROR]: Failed to transcribe audio chunk: VadOptions.__init__() got an unexpected keyword argument 'onset'
INFO:faster_whisper:Processing audio with duration 00:19.350
ERROR:root:[ERROR]: Failed to transcribe audio chunk: VadOptions.__init__() got an unexpected keyword argument 'onset'
INFO:faster_whisper:Processing audio with duration 00:19.350
ERROR:root:[ERROR]: Failed to transcribe audio chunk: VadOptions.__init__() got an unexpected keyword argument 'onset'
INFO:faster_whisper:Processing audio with duration 00:19.350
ERROR:root:[ERROR]: Failed to transcribe audio chunk: VadOptions.__init__() got an unexpected keyword argument 'onset'
INFO:faster_whisper:Processing audio with duration 00:19.350
ERROR:root:[ERROR]: Failed to transcribe audio chunk: VadOptions.__init__() got an unexpected keyword argument 'onset'
INFO:faster_whisper:Processing audio with duration 00:19.400
ERROR:root:[ERROR]: Failed to transcribe audio chunk: VadOptions.__init__() got an unexpected keyword argument 'onset'
INFO:faster_whisper:Processing audio with duration 00:19.400
ERROR:root:[ERROR]: Failed to transcribe audio chunk: VadOptions.__init__() got an unexpected keyword argument 'onset'
INFO:faster_whisper:Processing audio with duration 00:19.400
ERROR:root:[ERROR]: Failed to transcribe audio chunk: VadOptions.__init__() got an unexpected keyword argument 'onset'
INFO:faster_whisper:Processing audio with duration 00:19.400
ERROR:root:[ERROR]: Failed to transcribe audio chunk: VadOptions.__init__() got an unexpected keyword argument 'onset'
INFO:faster_whisper:Processing audio with duration 00:19.450
ERROR:root:[ERROR]: Failed to transcribe audio chunk: VadOptions.__init__() got an unexpected keyword argument 'onset'
INFO:faster_whisper:Processing audio with duration 00:19.450
ERROR:root:[ERROR]: Failed to transcribe audio chunk: VadOptions.__init__() got an unexpected keyword argument 'onset'
INFO:faster_whisper:Processing audio with duration 00:19.450
ERROR:root:[ERROR]: Failed to transcribe audio chunk: VadOptions.__init__() got an unexpected keyword argument 'onset'
INFO:faster_whisper:Processing audio with duration 00:19.450
ERROR:root:[ERROR]: Failed to transcribe audio chunk: VadOptions.__init__() got an unexpected keyword argument 'onset'
INFO:faster_whisper:Processing audio with duration 00:19.450
ERROR:root:[ERROR]: Failed to transcribe audio chunk: VadOptions.__init__() got an unexpected keyword argument 'onset'
INFO:faster_whisper:Processing audio with duration 00:19.500
ERROR:root:[ERROR]: Failed to transcribe audio chunk: VadOptions.__init__() got an unexpected keyword argument 'onset'
INFO:faster_whisper:Processing audio with duration 00:19.500
ERROR:root:[ERROR]: Failed to transcribe audio chunk: VadOptions.__init__() got an unexpected keyword argument 'onset'
INFO:faster_whisper:Processing audio with duration 00:19.500
ERROR:root:[ERROR]: Failed to transcribe audio chunk: VadOptions.__init__() got an unexpected keyword argument 'onset'
INFO:faster_whisper:Processing audio with duration 00:19.500
ERROR:root:[ERROR]: Failed to transcribe audio chunk: VadOptions.__init__() got an unexpected keyword argument 'onset'
INFO:faster_whisper:Processing audio with duration 00:19.500
ERROR:root:[ERROR]: Failed to transcribe audio chunk: VadOptions.__init__() got an unexpected keyword argument 'onset'
INFO:faster_whisper:Processing audio with duration 00:19.550
ERROR:root:[ERROR]: Failed to transcribe audio chunk: VadOptions.__init__() got an unexpected keyword argument 'onset'
INFO:faster_whisper:Processing audio with duration 00:19.550
ERROR:root:[ERROR]: Failed to transcribe audio chunk: VadOptions.__init__() got an unexpected keyword argument 'onset'
INFO:faster_whisper:Processing audio with duration 00:19.550
ERROR:root:[ERROR]: Failed to transcribe audio chunk: VadOptions.__init__() got an unexpected keyword argument 'onset'
INFO:faster_whisper:Processing audio with duration 00:19.550
ERROR:root:[ERROR]: Failed to transcribe audio chunk: VadOptions.__init__() got an unexpected keyword argument 'onset'
INFO:faster_whisper:Processing audio with duration 00:19.600
ERROR:root:[ERROR]: Failed to transcribe audio chunk: VadOptions.__init__() got an unexpected keyword argument 'onset'
INFO:faster_whisper:Processing audio with duration 00:19.600
ERROR:root:[ERROR]: Failed to transcribe audio chunk: VadOptions.__init__() got an unexpected keyword argument 'onset'
INFO:faster_whisper:Processing audio with duration 00:19.600
ERROR:root:[ERROR]: Failed to transcribe audio chunk: VadOptions.__init__() got an unexpected keyword argument 'onset'
INFO:faster_whisper:Processing audio with duration 00:19.600
ERROR:root:[ERROR]: Failed to transcribe audio chunk: VadOptions.__init__() got an unexpected keyword argument 'onset'
INFO:faster_whisper:Processing audio with duration 00:19.600
ERROR:root:[ERROR]: Failed to transcribe audio chunk: VadOptions.__init__() got an unexpected keyword argument 'onset'
INFO:faster_whisper:Processing audio with duration 00:19.650
ERROR:root:[ERROR]: Failed to transcribe audio chunk: VadOptions.__init__() got an unexpected keyword argument 'onset'
INFO:faster_whisper:Processing audio with duration 00:19.650
ERROR:root:[ERROR]: Failed to transcribe audio chunk: VadOptions.__init__() got an unexpected keyword argument 'onset'
INFO:faster_whisper:Processing audio with duration 00:19.650
ERROR:root:[ERROR]: Failed to transcribe audio chunk: VadOptions.__init__() got an unexpected keyword argument 'onset'
INFO:faster_whisper:Processing audio with duration 00:19.650
ERROR:root:[ERROR]: Failed to transcribe audio chunk: VadOptions.__init__() got an unexpected keyword argument 'onset'
INFO:faster_whisper:Processing audio with duration 00:19.650
ERROR:root:[ERROR]: Failed to transcribe audio chunk: VadOptions.__init__() got an unexpected keyword argument 'onset'
INFO:faster_whisper:Processing audio with duration 00:19.700
ERROR:root:[ERROR]: Failed to transcribe audio chunk: VadOptions.__init__() got an unexpected keyword argument 'onset'
INFO:faster_whisper:Processing audio with duration 00:19.700
ERROR:root:[ERROR]: Failed to transcribe audio chunk: VadOptions.__init__() got an unexpected keyword argument 'onset'
INFO:faster_whisper:Processing audio with duration 00:19.700
ERROR:root:[ERROR]: Failed to transcribe audio chunk: VadOptions.__init__() got an unexpected keyword argument 'onset'
INFO:faster_whisper:Processing audio with duration 00:19.700
ERROR:root:[ERROR]: Failed to transcribe audio chunk: VadOptions.__init__() got an unexpected keyword argument 'onset'
INFO:faster_whisper:Processing audio with duration 00:19.750
ERROR:root:[ERROR]: Failed to transcribe audio chunk: VadOptions.__init__() got an unexpected keyword argument 'onset'
INFO:faster_whisper:Processing audio with duration 00:19.750
ERROR:root:[ERROR]: Failed to transcribe audio chunk: VadOptions.__init__() got an unexpected keyword argument 'onset'
INFO:faster_whisper:Processing audio with duration 00:19.750
ERROR:root:[ERROR]: Failed to transcribe audio chunk: VadOptions.__init__() got an unexpected keyword argument 'onset'
INFO:faster_whisper:Processing audio with duration 00:19.750
ERROR:root:[ERROR]: Failed to transcribe audio chunk: VadOptions.__init__() got an unexpected keyword argument 'onset'
INFO:faster_whisper:Processing audio with duration 00:19.750
ERROR:root:[ERROR]: Failed to transcribe audio chunk: VadOptions.__init__() got an unexpected keyword argument 'onset'
INFO:faster_whisper:Processing audio with duration 00:19.800
ERROR:root:[ERROR]: Failed to transcribe audio chunk: VadOptions.__init__() got an unexpected keyword argument 'onset'
INFO:faster_whisper:Processing audio with duration 00:19.800
ERROR:root:[ERROR]: Failed to transcribe audio chunk: VadOptions.__init__() got an unexpected keyword argument 'onset'
INFO:faster_whisper:Processing audio with duration 00:19.800
ERROR:root:[ERROR]: Failed to transcribe audio chunk: VadOptions.__init__() got an unexpected keyword argument 'onset'
INFO:faster_whisper:Processing audio with duration 00:19.800
ERROR:root:[ERROR]: Failed to transcribe audio chunk: VadOptions.__init__() got an unexpected keyword argument 'onset'
INFO:faster_whisper:Processing audio with duration 00:19.800
ERROR:root:[ERROR]: Failed to transcribe audio chunk: VadOptions.__init__() got an unexpected keyword argument 'onset'
INFO:faster_whisper:Processing audio with duration 00:19.850
ERROR:root:[ERROR]: Failed to transcribe audio chunk: VadOptions.__init__() got an unexpected keyword argument 'onset'
INFO:faster_whisper:Processing audio with duration 00:19.850
ERROR:root:[ERROR]: Failed to transcribe audio chunk: VadOptions.__init__() got an unexpected keyword argument 'onset'
INFO:faster_whisper:Processing audio with duration 00:19.850
ERROR:root:[ERROR]: Failed to transcribe audio chunk: VadOptions.__init__() got an unexpected keyword argument 'onset'
INFO:faster_whisper:Processing audio with duration 00:19.900
ERROR:root:[ERROR]: Failed to transcribe audio chunk: VadOptions.__init__() got an unexpected keyword argument 'onset'
INFO:faster_whisper:Processing audio with duration 00:19.900
ERROR:root:[ERROR]: Failed to transcribe audio chunk: VadOptions.__init__() got an unexpected keyword argument 'onset'
INFO:faster_whisper:Processing audio with duration 00:19.900
ERROR:root:[ERROR]: Failed to transcribe audio chunk: VadOptions.__init__() got an unexpected keyword argument 'onset'
INFO:faster_whisper:Processing audio with duration 00:19.900
ERROR:root:[ERROR]: Failed to transcribe audio chunk: VadOptions.__init__() got an unexpected keyword argument 'onset'
INFO:faster_whisper:Processing audio with duration 00:19.900
ERROR:root:[ERROR]: Failed to transcribe audio chunk: VadOptions.__init__() got an unexpected keyword argument 'onset'
INFO:faster_whisper:Processing audio with duration 00:19.950
ERROR:root:[ERROR]: Failed to transcribe audio chunk: VadOptions.__init__() got an unexpected keyword argument 'onset'
INFO:faster_whisper:Processing audio with duration 00:19.950
ERROR:root:[ERROR]: Failed to transcribe audio chunk: VadOptions.__init__() got an unexpected keyword argument 'onset'
INFO:faster_whisper:Processing audio with duration 00:19.950
ERROR:root:[ERROR]: Failed to transcribe audio chunk: VadOptions.__init__() got an unexpected keyword argument 'onset'
INFO:faster_whisper:Processing audio with duration 00:19.950
ERROR:root:[ERROR]: Failed to transcribe audio chunk: VadOptions.__init__() got an unexpected keyword argument 'onset'
INFO:faster_whisper:Processing audio with duration 00:19.950
ERROR:root:[ERROR]: Failed to transcribe audio chunk: VadOptions.__init__() got an unexpected keyword argument 'onset'
INFO:faster_whisper:Processing audio with duration 00:20.000
ERROR:root:[ERROR]: Failed to transcribe audio chunk: VadOptions.__init__() got an unexpected keyword argument 'onset'
INFO:faster_whisper:Processing audio with duration 00:20.000
ERROR:root:[ERROR]: Failed to transcribe audio chunk: VadOptions.__init__() got an unexpected keyword argument 'onset'
INFO:faster_whisper:Processing audio with duration 00:20.000
ERROR:root:[ERROR]: Failed to transcribe audio chunk: VadOptions.__init__() got an unexpected keyword argument 'onset'
INFO:faster_whisper:Processing audio with duration 00:20.000
ERROR:root:[ERROR]: Failed to transcribe audio chunk: VadOptions.__init__() got an unexpected keyword argument 'onset'
INFO:faster_whisper:Processing audio with duration 00:20.050
ERROR:root:[ERROR]: Failed to transcribe audio chunk: VadOptions.__init__() got an unexpected keyword argument 'onset'
INFO:faster_whisper:Processing audio with duration 00:20.050
ERROR:root:[ERROR]: Failed to transcribe audio chunk: VadOptions.__init__() got an unexpected keyword argument 'onset'
INFO:faster_whisper:Processing audio with duration 00:20.050
ERROR:root:[ERROR]: Failed to transcribe audio chunk: VadOptions.__init__() got an unexpected keyword argument 'onset'
INFO:faster_whisper:Processing audio with duration 00:20.050
ERROR:root:[ERROR]: Failed to transcribe audio chunk: VadOptions.__init__() got an unexpected keyword argument 'onset'
INFO:faster_whisper:Processing audio with duration 00:20.050
ERROR:root:[ERROR]: Failed to transcribe audio chunk: VadOptions.__init__() got an unexpected keyword argument 'onset'
INFO:faster_whisper:Processing audio with duration 00:20.100
ERROR:root:[ERROR]: Failed to transcribe audio chunk: VadOptions.__init__() got an unexpected keyword argument 'onset'
INFO:faster_whisper:Processing audio with duration 00:20.100
ERROR:root:[ERROR]: Failed to transcribe audio chunk: VadOptions.__init__() got an unexpected keyword argument 'onset'
INFO:faster_whisper:Processing audio with duration 00:20.150
ERROR:root:[ERROR]: Failed to transcribe audio chunk: VadOptions.__init__() got an unexpected keyword argument 'onset'
INFO:faster_whisper:Processing audio with duration 00:20.150
ERROR:root:[ERROR]: Failed to transcribe audio chunk: VadOptions.__init__() got an unexpected keyword argument 'onset'
INFO:faster_whisper:Processing audio with duration 00:20.150
ERROR:root:[ERROR]: Failed to transcribe audio chunk: VadOptions.__init__() got an unexpected keyword argument 'onset'
INFO:faster_whisper:Processing audio with duration 00:20.150
ERROR:root:[ERROR]: Failed to transcribe audio chunk: VadOptions.__init__() got an unexpected keyword argument 'onset'
INFO:faster_whisper:Processing audio with duration 00:20.150
ERROR:root:[ERROR]: Failed to transcribe audio chunk: VadOptions.__init__() got an unexpected keyword argument 'onset'
INFO:faster_whisper:Processing audio with duration 00:20.200
ERROR:root:[ERROR]: Failed to transcribe audio chunk: VadOptions.__init__() got an unexpected keyword argument 'onset'
INFO:faster_whisper:Processing audio with duration 00:20.200
ERROR:root:[ERROR]: Failed to transcribe audio chunk: VadOptions.__init__() got an unexpected keyword argument 'onset'
INFO:faster_whisper:Processing audio with duration 00:20.200
ERROR:root:[ERROR]: Failed to transcribe audio chunk: VadOptions.__init__() got an unexpected keyword argument 'onset'
INFO:faster_whisper:Processing audio with duration 00:20.200
ERROR:root:[ERROR]: Failed to transcribe audio chunk: VadOptions.__init__() got an unexpected keyword argument 'onset'
INFO:faster_whisper:Processing audio with duration 00:20.200
ERROR:root:[ERROR]: Failed to transcribe audio chunk: VadOptions.__init__() got an unexpected keyword argument 'onset'
INFO:faster_whisper:Processing audio with duration 00:20.250
ERROR:root:[ERROR]: Failed to transcribe audio chunk: VadOptions.__init__() got an unexpected keyword argument 'onset'
INFO:faster_whisper:Processing audio with duration 00:20.250
ERROR:root:[ERROR]: Failed to transcribe audio chunk: VadOptions.__init__() got an unexpected keyword argument 'onset'
INFO:faster_whisper:Processing audio with duration 00:20.250
ERROR:root:[ERROR]: Failed to transcribe audio chunk: VadOptions.__init__() got an unexpected keyword argument 'onset'
INFO:faster_whisper:Processing audio with duration 00:20.250
ERROR:root:[ERROR]: Failed to transcribe audio chunk: VadOptions.__init__() got an unexpected keyword argument 'onset'
INFO:faster_whisper:Processing audio with duration 00:20.250
ERROR:root:[ERROR]: Failed to transcribe audio chunk: VadOptions.__init__() got an unexpected keyword argument 'onset'
INFO:faster_whisper:Processing audio with duration 00:20.300
ERROR:root:[ERROR]: Failed to transcribe audio chunk: VadOptions.__init__() got an unexpected keyword argument 'onset'
INFO:faster_whisper:Processing audio with duration 00:20.300
ERROR:root:[ERROR]: Failed to transcribe audio chunk: VadOptions.__init__() got an unexpected keyword argument 'onset'
INFO:faster_whisper:Processing audio with duration 00:20.300
ERROR:root:[ERROR]: Failed to transcribe audio chunk: VadOptions.__init__() got an unexpected keyword argument 'onset'
INFO:faster_whisper:Processing audio with duration 00:20.300
ERROR:root:[ERROR]: Failed to transcribe audio chunk: VadOptions.__init__() got an unexpected keyword argument 'onset'
INFO:faster_whisper:Processing audio with duration 00:20.350
ERROR:root:[ERROR]: Failed to transcribe audio chunk: VadOptions.__init__() got an unexpected keyword argument 'onset'
INFO:faster_whisper:Processing audio with duration 00:20.350
ERROR:root:[ERROR]: Failed to transcribe audio chunk: VadOptions.__init__() got an unexpected keyword argument 'onset'
INFO:faster_whisper:Processing audio with duration 00:20.350
ERROR:root:[ERROR]: Failed to transcribe audio chunk: VadOptions.__init__() got an unexpected keyword argument 'onset'
INFO:faster_whisper:Processing audio with duration 00:20.350
ERROR:root:[ERROR]: Failed to transcribe audio chunk: VadOptions.__init__() got an unexpected keyword argument 'onset'
INFO:faster_whisper:Processing audio with duration 00:20.350
ERROR:root:[ERROR]: Failed to transcribe audio chunk: VadOptions.__init__() got an unexpected keyword argument 'onset'
INFO:faster_whisper:Processing audio with duration 00:20.400
ERROR:root:[ERROR]: Failed to transcribe audio chunk: VadOptions.__init__() got an unexpected keyword argument 'onset'
INFO:faster_whisper:Processing audio with duration 00:20.400
ERROR:root:[ERROR]: Failed to transcribe audio chunk: VadOptions.__init__() got an unexpected keyword argument 'onset'
INFO:faster_whisper:Processing audio with duration 00:20.400
ERROR:root:[ERROR]: Failed to transcribe audio chunk: VadOptions.__init__() got an unexpected keyword argument 'onset'
INFO:faster_whisper:Processing audio with duration 00:20.400
ERROR:root:[ERROR]: Failed to transcribe audio chunk: VadOptions.__init__() got an unexpected keyword argument 'onset'
INFO:faster_whisper:Processing audio with duration 00:20.400
ERROR:root:[ERROR]: Failed to transcribe audio chunk: VadOptions.__init__() got an unexpected keyword argument 'onset'
INFO:faster_whisper:Processing audio with duration 00:20.450
ERROR:root:[ERROR]: Failed to transcribe audio chunk: VadOptions.__init__() got an unexpected keyword argument 'onset'
INFO:faster_whisper:Processing audio with duration 00:20.450
ERROR:root:[ERROR]: Failed to transcribe audio chunk: VadOptions.__init__() got an unexpected keyword argument 'onset'
INFO:faster_whisper:Processing audio with duration 00:20.450
ERROR:root:[ERROR]: Failed to transcribe audio chunk: VadOptions.__init__() got an unexpected keyword argument 'onset'
INFO:faster_whisper:Processing audio with duration 00:20.450
ERROR:root:[ERROR]: Failed to transcribe audio chunk: VadOptions.__init__() got an unexpected keyword argument 'onset'
INFO:faster_whisper:Processing audio with duration 00:20.500
ERROR:root:[ERROR]: Failed to transcribe audio chunk: VadOptions.__init__() got an unexpected keyword argument 'onset'
INFO:faster_whisper:Processing audio with duration 00:20.500
ERROR:root:[ERROR]: Failed to transcribe audio chunk: VadOptions.__init__() got an unexpected keyword argument 'onset'
INFO:faster_whisper:Processing audio with duration 00:20.500
ERROR:root:[ERROR]: Failed to transcribe audio chunk: VadOptions.__init__() got an unexpected keyword argument 'onset'
INFO:faster_whisper:Processing audio with duration 00:20.500
ERROR:root:[ERROR]: Failed to transcribe audio chunk: VadOptions.__init__() got an unexpected keyword argument 'onset'
INFO:faster_whisper:Processing audio with duration 00:20.500
ERROR:root:[ERROR]: Failed to transcribe audio chunk: VadOptions.__init__() got an unexpected keyword argument 'onset'
INFO:faster_whisper:Processing audio with duration 00:20.550
ERROR:root:[ERROR]: Failed to transcribe audio chunk: VadOptions.__init__() got an unexpected keyword argument 'onset'
INFO:faster_whisper:Processing audio with duration 00:20.550
ERROR:root:[ERROR]: Failed to transcribe audio chunk: VadOptions.__init__() got an unexpected keyword argument 'onset'
INFO:faster_whisper:Processing audio with duration 00:20.550
ERROR:root:[ERROR]: Failed to transcribe audio chunk: VadOptions.__init__() got an unexpected keyword argument 'onset'
INFO:faster_whisper:Processing audio with duration 00:20.550
ERROR:root:[ERROR]: Failed to transcribe audio chunk: VadOptions.__init__() got an unexpected keyword argument 'onset'
INFO:faster_whisper:Processing audio with duration 00:20.550
ERROR:root:[ERROR]: Failed to transcribe audio chunk: VadOptions.__init__() got an unexpected keyword argument 'onset'
INFO:faster_whisper:Processing audio with duration 00:20.600
ERROR:root:[ERROR]: Failed to transcribe audio chunk: VadOptions.__init__() got an unexpected keyword argument 'onset'
INFO:faster_whisper:Processing audio with duration 00:20.600
ERROR:root:[ERROR]: Failed to transcribe audio chunk: VadOptions.__init__() got an unexpected keyword argument 'onset'
INFO:faster_whisper:Processing audio with duration 00:20.600
ERROR:root:[ERROR]: Failed to transcribe audio chunk: VadOptions.__init__() got an unexpected keyword argument 'onset'
INFO:faster_whisper:Processing audio with duration 00:20.600
ERROR:root:[ERROR]: Failed to transcribe audio chunk: VadOptions.__init__() got an unexpected keyword argument 'onset'
INFO:faster_whisper:Processing audio with duration 00:20.600
ERROR:root:[ERROR]: Failed to transcribe audio chunk: VadOptions.__init__() got an unexpected keyword argument 'onset'
INFO:faster_whisper:Processing audio with duration 00:20.650
ERROR:root:[ERROR]: Failed to transcribe audio chunk: VadOptions.__init__() got an unexpected keyword argument 'onset'
INFO:faster_whisper:Processing audio with duration 00:20.650
ERROR:root:[ERROR]: Failed to transcribe audio chunk: VadOptions.__init__() got an unexpected keyword argument 'onset'
INFO:faster_whisper:Processing audio with duration 00:20.650
ERROR:root:[ERROR]: Failed to transcribe audio chunk: VadOptions.__init__() got an unexpected keyword argument 'onset'
INFO:faster_whisper:Processing audio with duration 00:20.650
ERROR:root:[ERROR]: Failed to transcribe audio chunk: VadOptions.__init__() got an unexpected keyword argument 'onset'
INFO:faster_whisper:Processing audio with duration 00:20.700
ERROR:root:[ERROR]: Failed to transcribe audio chunk: VadOptions.__init__() got an unexpected keyword argument 'onset'
INFO:faster_whisper:Processing audio with duration 00:20.700
ERROR:root:[ERROR]: Failed to transcribe audio chunk: VadOptions.__init__() got an unexpected keyword argument 'onset'
INFO:faster_whisper:Processing audio with duration 00:20.700
ERROR:root:[ERROR]: Failed to transcribe audio chunk: VadOptions.__init__() got an unexpected keyword argument 'onset'
INFO:faster_whisper:Processing audio with duration 00:20.700
ERROR:root:[ERROR]: Failed to transcribe audio chunk: VadOptions.__init__() got an unexpected keyword argument 'onset'
INFO:faster_whisper:Processing audio with duration 00:20.700
ERROR:root:[ERROR]: Failed to transcribe audio chunk: VadOptions.__init__() got an unexpected keyword argument 'onset'
INFO:faster_whisper:Processing audio with duration 00:20.750
ERROR:root:[ERROR]: Failed to transcribe audio chunk: VadOptions.__init__() got an unexpected keyword argument 'onset'
INFO:faster_whisper:Processing audio with duration 00:20.750
ERROR:root:[ERROR]: Failed to transcribe audio chunk: VadOptions.__init__() got an unexpected keyword argument 'onset'
INFO:faster_whisper:Processing audio with duration 00:20.750
ERROR:root:[ERROR]: Failed to transcribe audio chunk: VadOptions.__init__() got an unexpected keyword argument 'onset'
INFO:faster_whisper:Processing audio with duration 00:20.750
ERROR:root:[ERROR]: Failed to transcribe audio chunk: VadOptions.__init__() got an unexpected keyword argument 'onset'
INFO:faster_whisper:Processing audio with duration 00:20.750
ERROR:root:[ERROR]: Failed to transcribe audio chunk: VadOptions.__init__() got an unexpected keyword argument 'onset'
INFO:faster_whisper:Processing audio with duration 00:20.800
ERROR:root:[ERROR]: Failed to transcribe audio chunk: VadOptions.__init__() got an unexpected keyword argument 'onset'
INFO:faster_whisper:Processing audio with duration 00:20.800
ERROR:root:[ERROR]: Failed to transcribe audio chunk: VadOptions.__init__() got an unexpected keyword argument 'onset'
INFO:faster_whisper:Processing audio with duration 00:20.800
ERROR:root:[ERROR]: Failed to transcribe audio chunk: VadOptions.__init__() got an unexpected keyword argument 'onset'
INFO:faster_whisper:Processing audio with duration 00:20.800
ERROR:root:[ERROR]: Failed to transcribe audio chunk: VadOptions.__init__() got an unexpected keyword argument 'onset'
INFO:faster_whisper:Processing audio with duration 00:20.800
ERROR:root:[ERROR]: Failed to transcribe audio chunk: VadOptions.__init__() got an unexpected keyword argument 'onset'
INFO:faster_whisper:Processing audio with duration 00:20.850
ERROR:root:[ERROR]: Failed to transcribe audio chunk: VadOptions.__init__() got an unexpected keyword argument 'onset'
INFO:faster_whisper:Processing audio with duration 00:20.850
ERROR:root:[ERROR]: Failed to transcribe audio chunk: VadOptions.__init__() got an unexpected keyword argument 'onset'
INFO:faster_whisper:Processing audio with duration 00:20.850
ERROR:root:[ERROR]: Failed to transcribe audio chunk: VadOptions.__init__() got an unexpected keyword argument 'onset'
INFO:faster_whisper:Processing audio with duration 00:20.850
ERROR:root:[ERROR]: Failed to transcribe audio chunk: VadOptions.__init__() got an unexpected keyword argument 'onset'
INFO:faster_whisper:Processing audio with duration 00:20.900
ERROR:root:[ERROR]: Failed to transcribe audio chunk: VadOptions.__init__() got an unexpected keyword argument 'onset'
INFO:faster_whisper:Processing audio with duration 00:20.900
ERROR:root:[ERROR]: Failed to transcribe audio chunk: VadOptions.__init__() got an unexpected keyword argument 'onset'
INFO:faster_whisper:Processing audio with duration 00:20.900
ERROR:root:[ERROR]: Failed to transcribe audio chunk: VadOptions.__init__() got an unexpected keyword argument 'onset'
INFO:faster_whisper:Processing audio with duration 00:20.900
ERROR:root:[ERROR]: Failed to transcribe audio chunk: VadOptions.__init__() got an unexpected keyword argument 'onset'
INFO:faster_whisper:Processing audio with duration 00:20.900
ERROR:root:[ERROR]: Failed to transcribe audio chunk: VadOptions.__init__() got an unexpected keyword argument 'onset'
INFO:faster_whisper:Processing audio with duration 00:20.950
ERROR:root:[ERROR]: Failed to transcribe audio chunk: VadOptions.__init__() got an unexpected keyword argument 'onset'
INFO:faster_whisper:Processing audio with duration 00:20.950
ERROR:root:[ERROR]: Failed to transcribe audio chunk: VadOptions.__init__() got an unexpected keyword argument 'onset'
INFO:faster_whisper:Processing audio with duration 00:20.950
ERROR:root:[ERROR]: Failed to transcribe audio chunk: VadOptions.__init__() got an unexpected keyword argument 'onset'
INFO:faster_whisper:Processing audio with duration 00:20.950
ERROR:root:[ERROR]: Failed to transcribe audio chunk: VadOptions.__init__() got an unexpected keyword argument 'onset'
INFO:faster_whisper:Processing audio with duration 00:20.950
ERROR:root:[ERROR]: Failed to transcribe audio chunk: VadOptions.__init__() got an unexpected keyword argument 'onset'
INFO:faster_whisper:Processing audio with duration 00:21.000
ERROR:root:[ERROR]: Failed to transcribe audio chunk: VadOptions.__init__() got an unexpected keyword argument 'onset'
INFO:faster_whisper:Processing audio with duration 00:21.000
ERROR:root:[ERROR]: Failed to transcribe audio chunk: VadOptions.__init__() got an unexpected keyword argument 'onset'
INFO:faster_whisper:Processing audio with duration 00:21.000
ERROR:root:[ERROR]: Failed to transcribe audio chunk: VadOptions.__init__() got an unexpected keyword argument 'onset'
INFO:faster_whisper:Processing audio with duration 00:21.000
ERROR:root:[ERROR]: Failed to transcribe audio chunk: VadOptions.__init__() got an unexpected keyword argument 'onset'
INFO:faster_whisper:Processing audio with duration 00:21.050
ERROR:root:[ERROR]: Failed to transcribe audio chunk: VadOptions.__init__() got an unexpected keyword argument 'onset'
INFO:faster_whisper:Processing audio with duration 00:21.050
ERROR:root:[ERROR]: Failed to transcribe audio chunk: VadOptions.__init__() got an unexpected keyword argument 'onset'
INFO:faster_whisper:Processing audio with duration 00:21.050
ERROR:root:[ERROR]: Failed to transcribe audio chunk: VadOptions.__init__() got an unexpected keyword argument 'onset'
INFO:faster_whisper:Processing audio with duration 00:21.050
ERROR:root:[ERROR]: Failed to transcribe audio chunk: VadOptions.__init__() got an unexpected keyword argument 'onset'
INFO:faster_whisper:Processing audio with duration 00:21.050
ERROR:root:[ERROR]: Failed to transcribe audio chunk: VadOptions.__init__() got an unexpected keyword argument 'onset'
INFO:faster_whisper:Processing audio with duration 00:21.100
ERROR:root:[ERROR]: Failed to transcribe audio chunk: VadOptions.__init__() got an unexpected keyword argument 'onset'
INFO:faster_whisper:Processing audio with duration 00:21.100
ERROR:root:[ERROR]: Failed to transcribe audio chunk: VadOptions.__init__() got an unexpected keyword argument 'onset'
INFO:faster_whisper:Processing audio with duration 00:21.100
ERROR:root:[ERROR]: Failed to transcribe audio chunk: VadOptions.__init__() got an unexpected keyword argument 'onset'
INFO:faster_whisper:Processing audio with duration 00:21.100
ERROR:root:[ERROR]: Failed to transcribe audio chunk: VadOptions.__init__() got an unexpected keyword argument 'onset'
INFO:faster_whisper:Processing audio with duration 00:21.100
ERROR:root:[ERROR]: Failed to transcribe audio chunk: VadOptions.__init__() got an unexpected keyword argument 'onset'
INFO:faster_whisper:Processing audio with duration 00:21.150
ERROR:root:[ERROR]: Failed to transcribe audio chunk: VadOptions.__init__() got an unexpected keyword argument 'onset'
INFO:faster_whisper:Processing audio with duration 00:21.150
ERROR:root:[ERROR]: Failed to transcribe audio chunk: VadOptions.__init__() got an unexpected keyword argument 'onset'
INFO:faster_whisper:Processing audio with duration 00:21.150
ERROR:root:[ERROR]: Failed to transcribe audio chunk: VadOptions.__init__() got an unexpected keyword argument 'onset'
INFO:faster_whisper:Processing audio with duration 00:21.150
ERROR:root:[ERROR]: Failed to transcribe audio chunk: VadOptions.__init__() got an unexpected keyword argument 'onset'
INFO:faster_whisper:Processing audio with duration 00:21.150
ERROR:root:[ERROR]: Failed to transcribe audio chunk: VadOptions.__init__() got an unexpected keyword argument 'onset'
INFO:faster_whisper:Processing audio with duration 00:21.200
ERROR:root:[ERROR]: Failed to transcribe audio chunk: VadOptions.__init__() got an unexpected keyword argument 'onset'
INFO:faster_whisper:Processing audio with duration 00:21.200
ERROR:root:[ERROR]: Failed to transcribe audio chunk: VadOptions.__init__() got an unexpected keyword argument 'onset'
INFO:faster_whisper:Processing audio with duration 00:21.200
ERROR:root:[ERROR]: Failed to transcribe audio chunk: VadOptions.__init__() got an unexpected keyword argument 'onset'
INFO:faster_whisper:Processing audio with duration 00:21.200
ERROR:root:[ERROR]: Failed to transcribe audio chunk: VadOptions.__init__() got an unexpected keyword argument 'onset'
INFO:faster_whisper:Processing audio with duration 00:21.250
ERROR:root:[ERROR]: Failed to transcribe audio chunk: VadOptions.__init__() got an unexpected keyword argument 'onset'
INFO:faster_whisper:Processing audio with duration 00:21.250
ERROR:root:[ERROR]: Failed to transcribe audio chunk: VadOptions.__init__() got an unexpected keyword argument 'onset'
INFO:faster_whisper:Processing audio with duration 00:21.250
ERROR:root:[ERROR]: Failed to transcribe audio chunk: VadOptions.__init__() got an unexpected keyword argument 'onset'
INFO:faster_whisper:Processing audio with duration 00:21.250
ERROR:root:[ERROR]: Failed to transcribe audio chunk: VadOptions.__init__() got an unexpected keyword argument 'onset'
INFO:faster_whisper:Processing audio with duration 00:21.300
ERROR:root:[ERROR]: Failed to transcribe audio chunk: VadOptions.__init__() got an unexpected keyword argument 'onset'
INFO:faster_whisper:Processing audio with duration 00:21.300
ERROR:root:[ERROR]: Failed to transcribe audio chunk: VadOptions.__init__() got an unexpected keyword argument 'onset'
INFO:faster_whisper:Processing audio with duration 00:21.300
ERROR:root:[ERROR]: Failed to transcribe audio chunk: VadOptions.__init__() got an unexpected keyword argument 'onset'
INFO:faster_whisper:Processing audio with duration 00:21.300
ERROR:root:[ERROR]: Failed to transcribe audio chunk: VadOptions.__init__() got an unexpected keyword argument 'onset'
INFO:faster_whisper:Processing audio with duration 00:21.300
ERROR:root:[ERROR]: Failed to transcribe audio chunk: VadOptions.__init__() got an unexpected keyword argument 'onset'
INFO:faster_whisper:Processing audio with duration 00:21.350
ERROR:root:[ERROR]: Failed to transcribe audio chunk: VadOptions.__init__() got an unexpected keyword argument 'onset'
INFO:faster_whisper:Processing audio with duration 00:21.350
ERROR:root:[ERROR]: Failed to transcribe audio chunk: VadOptions.__init__() got an unexpected keyword argument 'onset'
INFO:faster_whisper:Processing audio with duration 00:21.350
ERROR:root:[ERROR]: Failed to transcribe audio chunk: VadOptions.__init__() got an unexpected keyword argument 'onset'
INFO:faster_whisper:Processing audio with duration 00:21.350
ERROR:root:[ERROR]: Failed to transcribe audio chunk: VadOptions.__init__() got an unexpected keyword argument 'onset'
INFO:faster_whisper:Processing audio with duration 00:21.350
ERROR:root:[ERROR]: Failed to transcribe audio chunk: VadOptions.__init__() got an unexpected keyword argument 'onset'
INFO:faster_whisper:Processing audio with duration 00:21.400
ERROR:root:[ERROR]: Failed to transcribe audio chunk: VadOptions.__init__() got an unexpected keyword argument 'onset'
INFO:faster_whisper:Processing audio with duration 00:21.400
ERROR:root:[ERROR]: Failed to transcribe audio chunk: VadOptions.__init__() got an unexpected keyword argument 'onset'
INFO:faster_whisper:Processing audio with duration 00:21.400
ERROR:root:[ERROR]: Failed to transcribe audio chunk: VadOptions.__init__() got an unexpected keyword argument 'onset'
INFO:faster_whisper:Processing audio with duration 00:21.400
ERROR:root:[ERROR]: Failed to transcribe audio chunk: VadOptions.__init__() got an unexpected keyword argument 'onset'
INFO:faster_whisper:Processing audio with duration 00:21.400
ERROR:root:[ERROR]: Failed to transcribe audio chunk: VadOptions.__init__() got an unexpected keyword argument 'onset'
INFO:faster_whisper:Processing audio with duration 00:21.450
ERROR:root:[ERROR]: Failed to transcribe audio chunk: VadOptions.__init__() got an unexpected keyword argument 'onset'
INFO:faster_whisper:Processing audio with duration 00:21.450
ERROR:root:[ERROR]: Failed to transcribe audio chunk: VadOptions.__init__() got an unexpected keyword argument 'onset'
INFO:faster_whisper:Processing audio with duration 00:21.450
ERROR:root:[ERROR]: Failed to transcribe audio chunk: VadOptions.__init__() got an unexpected keyword argument 'onset'
INFO:faster_whisper:Processing audio with duration 00:21.450
ERROR:root:[ERROR]: Failed to transcribe audio chunk: VadOptions.__init__() got an unexpected keyword argument 'onset'
INFO:faster_whisper:Processing audio with duration 00:21.500
ERROR:root:[ERROR]: Failed to transcribe audio chunk: VadOptions.__init__() got an unexpected keyword argument 'onset'
INFO:faster_whisper:Processing audio with duration 00:21.500
ERROR:root:[ERROR]: Failed to transcribe audio chunk: VadOptions.__init__() got an unexpected keyword argument 'onset'
INFO:faster_whisper:Processing audio with duration 00:21.500
ERROR:root:[ERROR]: Failed to transcribe audio chunk: VadOptions.__init__() got an unexpected keyword argument 'onset'
INFO:faster_whisper:Processing audio with duration 00:21.500
ERROR:root:[ERROR]: Failed to transcribe audio chunk: VadOptions.__init__() got an unexpected keyword argument 'onset'
INFO:faster_whisper:Processing audio with duration 00:21.500
ERROR:root:[ERROR]: Failed to transcribe audio chunk: VadOptions.__init__() got an unexpected keyword argument 'onset'
INFO:faster_whisper:Processing audio with duration 00:21.550
ERROR:root:[ERROR]: Failed to transcribe audio chunk: VadOptions.__init__() got an unexpected keyword argument 'onset'
INFO:faster_whisper:Processing audio with duration 00:21.550
ERROR:root:[ERROR]: Failed to transcribe audio chunk: VadOptions.__init__() got an unexpected keyword argument 'onset'
INFO:faster_whisper:Processing audio with duration 00:21.550
ERROR:root:[ERROR]: Failed to transcribe audio chunk: VadOptions.__init__() got an unexpected keyword argument 'onset'
INFO:faster_whisper:Processing audio with duration 00:21.550
ERROR:root:[ERROR]: Failed to transcribe audio chunk: VadOptions.__init__() got an unexpected keyword argument 'onset'
INFO:faster_whisper:Processing audio with duration 00:21.550
ERROR:root:[ERROR]: Failed to transcribe audio chunk: VadOptions.__init__() got an unexpected keyword argument 'onset'
INFO:faster_whisper:Processing audio with duration 00:21.600
ERROR:root:[ERROR]: Failed to transcribe audio chunk: VadOptions.__init__() got an unexpected keyword argument 'onset'
INFO:faster_whisper:Processing audio with duration 00:21.600
ERROR:root:[ERROR]: Failed to transcribe audio chunk: VadOptions.__init__() got an unexpected keyword argument 'onset'
INFO:faster_whisper:Processing audio with duration 00:21.600
ERROR:root:[ERROR]: Failed to transcribe audio chunk: VadOptions.__init__() got an unexpected keyword argument 'onset'
INFO:faster_whisper:Processing audio with duration 00:21.600
ERROR:root:[ERROR]: Failed to transcribe audio chunk: VadOptions.__init__() got an unexpected keyword argument 'onset'
INFO:faster_whisper:Processing audio with duration 00:21.600
ERROR:root:[ERROR]: Failed to transcribe audio chunk: VadOptions.__init__() got an unexpected keyword argument 'onset'
INFO:faster_whisper:Processing audio with duration 00:21.650
ERROR:root:[ERROR]: Failed to transcribe audio chunk: VadOptions.__init__() got an unexpected keyword argument 'onset'
INFO:faster_whisper:Processing audio with duration 00:21.650
ERROR:root:[ERROR]: Failed to transcribe audio chunk: VadOptions.__init__() got an unexpected keyword argument 'onset'
INFO:faster_whisper:Processing audio with duration 00:21.650
ERROR:root:[ERROR]: Failed to transcribe audio chunk: VadOptions.__init__() got an unexpected keyword argument 'onset'
INFO:faster_whisper:Processing audio with duration 00:21.650
ERROR:root:[ERROR]: Failed to transcribe audio chunk: VadOptions.__init__() got an unexpected keyword argument 'onset'
INFO:faster_whisper:Processing audio with duration 00:21.700
ERROR:root:[ERROR]: Failed to transcribe audio chunk: VadOptions.__init__() got an unexpected keyword argument 'onset'
INFO:faster_whisper:Processing audio with duration 00:21.700
ERROR:root:[ERROR]: Failed to transcribe audio chunk: VadOptions.__init__() got an unexpected keyword argument 'onset'
INFO:faster_whisper:Processing audio with duration 00:21.700
ERROR:root:[ERROR]: Failed to transcribe audio chunk: VadOptions.__init__() got an unexpected keyword argument 'onset'
INFO:faster_whisper:Processing audio with duration 00:21.700
ERROR:root:[ERROR]: Failed to transcribe audio chunk: VadOptions.__init__() got an unexpected keyword argument 'onset'
INFO:faster_whisper:Processing audio with duration 00:21.700
ERROR:root:[ERROR]: Failed to transcribe audio chunk: VadOptions.__init__() got an unexpected keyword argument 'onset'
INFO:faster_whisper:Processing audio with duration 00:21.750
ERROR:root:[ERROR]: Failed to transcribe audio chunk: VadOptions.__init__() got an unexpected keyword argument 'onset'
INFO:faster_whisper:Processing audio with duration 00:21.750
ERROR:root:[ERROR]: Failed to transcribe audio chunk: VadOptions.__init__() got an unexpected keyword argument 'onset'
INFO:faster_whisper:Processing audio with duration 00:21.750
ERROR:root:[ERROR]: Failed to transcribe audio chunk: VadOptions.__init__() got an unexpected keyword argument 'onset'
INFO:faster_whisper:Processing audio with duration 00:21.750
ERROR:root:[ERROR]: Failed to transcribe audio chunk: VadOptions.__init__() got an unexpected keyword argument 'onset'
INFO:faster_whisper:Processing audio with duration 00:21.750
ERROR:root:[ERROR]: Failed to transcribe audio chunk: VadOptions.__init__() got an unexpected keyword argument 'onset'
INFO:faster_whisper:Processing audio with duration 00:21.800
ERROR:root:[ERROR]: Failed to transcribe audio chunk: VadOptions.__init__() got an unexpected keyword argument 'onset'
INFO:faster_whisper:Processing audio with duration 00:21.800
ERROR:root:[ERROR]: Failed to transcribe audio chunk: VadOptions.__init__() got an unexpected keyword argument 'onset'
INFO:faster_whisper:Processing audio with duration 00:21.800
ERROR:root:[ERROR]: Failed to transcribe audio chunk: VadOptions.__init__() got an unexpected keyword argument 'onset'
INFO:faster_whisper:Processing audio with duration 00:21.800
ERROR:root:[ERROR]: Failed to transcribe audio chunk: VadOptions.__init__() got an unexpected keyword argument 'onset'
INFO:faster_whisper:Processing audio with duration 00:21.800
ERROR:root:[ERROR]: Failed to transcribe audio chunk: VadOptions.__init__() got an unexpected keyword argument 'onset'
INFO:faster_whisper:Processing audio with duration 00:21.850
ERROR:root:[ERROR]: Failed to transcribe audio chunk: VadOptions.__init__() got an unexpected keyword argument 'onset'
INFO:faster_whisper:Processing audio with duration 00:21.850
ERROR:root:[ERROR]: Failed to transcribe audio chunk: VadOptions.__init__() got an unexpected keyword argument 'onset'
INFO:faster_whisper:Processing audio with duration 00:21.850
ERROR:root:[ERROR]: Failed to transcribe audio chunk: VadOptions.__init__() got an unexpected keyword argument 'onset'
INFO:faster_whisper:Processing audio with duration 00:21.850
ERROR:root:[ERROR]: Failed to transcribe audio chunk: VadOptions.__init__() got an unexpected keyword argument 'onset'
INFO:faster_whisper:Processing audio with duration 00:21.900
ERROR:root:[ERROR]: Failed to transcribe audio chunk: VadOptions.__init__() got an unexpected keyword argument 'onset'
INFO:faster_whisper:Processing audio with duration 00:21.900
ERROR:root:[ERROR]: Failed to transcribe audio chunk: VadOptions.__init__() got an unexpected keyword argument 'onset'
INFO:faster_whisper:Processing audio with duration 00:21.900
ERROR:root:[ERROR]: Failed to transcribe audio chunk: VadOptions.__init__() got an unexpected keyword argument 'onset'
INFO:faster_whisper:Processing audio with duration 00:21.900
ERROR:root:[ERROR]: Failed to transcribe audio chunk: VadOptions.__init__() got an unexpected keyword argument 'onset'
INFO:faster_whisper:Processing audio with duration 00:21.900
ERROR:root:[ERROR]: Failed to transcribe audio chunk: VadOptions.__init__() got an unexpected keyword argument 'onset'
INFO:faster_whisper:Processing audio with duration 00:21.950
ERROR:root:[ERROR]: Failed to transcribe audio chunk: VadOptions.__init__() got an unexpected keyword argument 'onset'
INFO:faster_whisper:Processing audio with duration 00:21.950
ERROR:root:[ERROR]: Failed to transcribe audio chunk: VadOptions.__init__() got an unexpected keyword argument 'onset'
INFO:faster_whisper:Processing audio with duration 00:21.950
ERROR:root:[ERROR]: Failed to transcribe audio chunk: VadOptions.__init__() got an unexpected keyword argument 'onset'
INFO:faster_whisper:Processing audio with duration 00:21.950
ERROR:root:[ERROR]: Failed to transcribe audio chunk: VadOptions.__init__() got an unexpected keyword argument 'onset'
INFO:faster_whisper:Processing audio with duration 00:22.000
ERROR:root:[ERROR]: Failed to transcribe audio chunk: VadOptions.__init__() got an unexpected keyword argument 'onset'
INFO:faster_whisper:Processing audio with duration 00:22.000
ERROR:root:[ERROR]: Failed to transcribe audio chunk: VadOptions.__init__() got an unexpected keyword argument 'onset'
INFO:faster_whisper:Processing audio with duration 00:22.000
ERROR:root:[ERROR]: Failed to transcribe audio chunk: VadOptions.__init__() got an unexpected keyword argument 'onset'
INFO:faster_whisper:Processing audio with duration 00:22.000
ERROR:root:[ERROR]: Failed to transcribe audio chunk: VadOptions.__init__() got an unexpected keyword argument 'onset'
INFO:faster_whisper:Processing audio with duration 00:22.000
ERROR:root:[ERROR]: Failed to transcribe audio chunk: VadOptions.__init__() got an unexpected keyword argument 'onset'
INFO:faster_whisper:Processing audio with duration 00:22.050
ERROR:root:[ERROR]: Failed to transcribe audio chunk: VadOptions.__init__() got an unexpected keyword argument 'onset'
INFO:faster_whisper:Processing audio with duration 00:22.050
ERROR:root:[ERROR]: Failed to transcribe audio chunk: VadOptions.__init__() got an unexpected keyword argument 'onset'
INFO:faster_whisper:Processing audio with duration 00:22.050
ERROR:root:[ERROR]: Failed to transcribe audio chunk: VadOptions.__init__() got an unexpected keyword argument 'onset'
INFO:faster_whisper:Processing audio with duration 00:22.050
ERROR:root:[ERROR]: Failed to transcribe audio chunk: VadOptions.__init__() got an unexpected keyword argument 'onset'
INFO:faster_whisper:Processing audio with duration 00:22.050
ERROR:root:[ERROR]: Failed to transcribe audio chunk: VadOptions.__init__() got an unexpected keyword argument 'onset'
INFO:faster_whisper:Processing audio with duration 00:22.100
ERROR:root:[ERROR]: Failed to transcribe audio chunk: VadOptions.__init__() got an unexpected keyword argument 'onset'
INFO:faster_whisper:Processing audio with duration 00:22.100
ERROR:root:[ERROR]: Failed to transcribe audio chunk: VadOptions.__init__() got an unexpected keyword argument 'onset'
INFO:faster_whisper:Processing audio with duration 00:22.100
ERROR:root:[ERROR]: Failed to transcribe audio chunk: VadOptions.__init__() got an unexpected keyword argument 'onset'
INFO:faster_whisper:Processing audio with duration 00:22.100
ERROR:root:[ERROR]: Failed to transcribe audio chunk: VadOptions.__init__() got an unexpected keyword argument 'onset'
INFO:faster_whisper:Processing audio with duration 00:22.100
ERROR:root:[ERROR]: Failed to transcribe audio chunk: VadOptions.__init__() got an unexpected keyword argument 'onset'
INFO:faster_whisper:Processing audio with duration 00:22.150
ERROR:root:[ERROR]: Failed to transcribe audio chunk: VadOptions.__init__() got an unexpected keyword argument 'onset'
INFO:faster_whisper:Processing audio with duration 00:22.150
ERROR:root:[ERROR]: Failed to transcribe audio chunk: VadOptions.__init__() got an unexpected keyword argument 'onset'
INFO:faster_whisper:Processing audio with duration 00:22.150
ERROR:root:[ERROR]: Failed to transcribe audio chunk: VadOptions.__init__() got an unexpected keyword argument 'onset'
INFO:faster_whisper:Processing audio with duration 00:22.150
ERROR:root:[ERROR]: Failed to transcribe audio chunk: VadOptions.__init__() got an unexpected keyword argument 'onset'
INFO:faster_whisper:Processing audio with duration 00:22.200
ERROR:root:[ERROR]: Failed to transcribe audio chunk: VadOptions.__init__() got an unexpected keyword argument 'onset'
INFO:faster_whisper:Processing audio with duration 00:22.200
ERROR:root:[ERROR]: Failed to transcribe audio chunk: VadOptions.__init__() got an unexpected keyword argument 'onset'
INFO:faster_whisper:Processing audio with duration 00:22.200
ERROR:root:[ERROR]: Failed to transcribe audio chunk: VadOptions.__init__() got an unexpected keyword argument 'onset'
INFO:faster_whisper:Processing audio with duration 00:22.200
ERROR:root:[ERROR]: Failed to transcribe audio chunk: VadOptions.__init__() got an unexpected keyword argument 'onset'
INFO:faster_whisper:Processing audio with duration 00:22.200
ERROR:root:[ERROR]: Failed to transcribe audio chunk: VadOptions.__init__() got an unexpected keyword argument 'onset'
INFO:faster_whisper:Processing audio with duration 00:22.250
ERROR:root:[ERROR]: Failed to transcribe audio chunk: VadOptions.__init__() got an unexpected keyword argument 'onset'
INFO:faster_whisper:Processing audio with duration 00:22.250
ERROR:root:[ERROR]: Failed to transcribe audio chunk: VadOptions.__init__() got an unexpected keyword argument 'onset'
INFO:faster_whisper:Processing audio with duration 00:22.250
ERROR:root:[ERROR]: Failed to transcribe audio chunk: VadOptions.__init__() got an unexpected keyword argument 'onset'
INFO:faster_whisper:Processing audio with duration 00:22.250
ERROR:root:[ERROR]: Failed to transcribe audio chunk: VadOptions.__init__() got an unexpected keyword argument 'onset'
INFO:faster_whisper:Processing audio with duration 00:22.250
ERROR:root:[ERROR]: Failed to transcribe audio chunk: VadOptions.__init__() got an unexpected keyword argument 'onset'
INFO:faster_whisper:Processing audio with duration 00:22.300
ERROR:root:[ERROR]: Failed to transcribe audio chunk: VadOptions.__init__() got an unexpected keyword argument 'onset'
INFO:faster_whisper:Processing audio with duration 00:22.300
ERROR:root:[ERROR]: Failed to transcribe audio chunk: VadOptions.__init__() got an unexpected keyword argument 'onset'
INFO:faster_whisper:Processing audio with duration 00:22.300
ERROR:root:[ERROR]: Failed to transcribe audio chunk: VadOptions.__init__() got an unexpected keyword argument 'onset'
INFO:faster_whisper:Processing audio with duration 00:22.300
ERROR:root:[ERROR]: Failed to transcribe audio chunk: VadOptions.__init__() got an unexpected keyword argument 'onset'
INFO:faster_whisper:Processing audio with duration 00:22.350
ERROR:root:[ERROR]: Failed to transcribe audio chunk: VadOptions.__init__() got an unexpected keyword argument 'onset'
INFO:faster_whisper:Processing audio with duration 00:22.350
ERROR:root:[ERROR]: Failed to transcribe audio chunk: VadOptions.__init__() got an unexpected keyword argument 'onset'
INFO:faster_whisper:Processing audio with duration 00:22.350
ERROR:root:[ERROR]: Failed to transcribe audio chunk: VadOptions.__init__() got an unexpected keyword argument 'onset'
INFO:faster_whisper:Processing audio with duration 00:22.350
ERROR:root:[ERROR]: Failed to transcribe audio chunk: VadOptions.__init__() got an unexpected keyword argument 'onset'
INFO:faster_whisper:Processing audio with duration 00:22.350
ERROR:root:[ERROR]: Failed to transcribe audio chunk: VadOptions.__init__() got an unexpected keyword argument 'onset'
INFO:faster_whisper:Processing audio with duration 00:22.400
ERROR:root:[ERROR]: Failed to transcribe audio chunk: VadOptions.__init__() got an unexpected keyword argument 'onset'
INFO:faster_whisper:Processing audio with duration 00:22.400
ERROR:root:[ERROR]: Failed to transcribe audio chunk: VadOptions.__init__() got an unexpected keyword argument 'onset'
INFO:faster_whisper:Processing audio with duration 00:22.400
ERROR:root:[ERROR]: Failed to transcribe audio chunk: VadOptions.__init__() got an unexpected keyword argument 'onset'
INFO:faster_whisper:Processing audio with duration 00:22.400
ERROR:root:[ERROR]: Failed to transcribe audio chunk: VadOptions.__init__() got an unexpected keyword argument 'onset'
INFO:faster_whisper:Processing audio with duration 00:22.400
ERROR:root:[ERROR]: Failed to transcribe audio chunk: VadOptions.__init__() got an unexpected keyword argument 'onset'
INFO:faster_whisper:Processing audio with duration 00:22.450
ERROR:root:[ERROR]: Failed to transcribe audio chunk: VadOptions.__init__() got an unexpected keyword argument 'onset'
INFO:faster_whisper:Processing audio with duration 00:22.450
ERROR:root:[ERROR]: Failed to transcribe audio chunk: VadOptions.__init__() got an unexpected keyword argument 'onset'
INFO:faster_whisper:Processing audio with duration 00:22.450
ERROR:root:[ERROR]: Failed to transcribe audio chunk: VadOptions.__init__() got an unexpected keyword argument 'onset'
INFO:faster_whisper:Processing audio with duration 00:22.450
ERROR:root:[ERROR]: Failed to transcribe audio chunk: VadOptions.__init__() got an unexpected keyword argument 'onset'
INFO:faster_whisper:Processing audio with duration 00:22.450
ERROR:root:[ERROR]: Failed to transcribe audio chunk: VadOptions.__init__() got an unexpected keyword argument 'onset'
INFO:faster_whisper:Processing audio with duration 00:22.500
ERROR:root:[ERROR]: Failed to transcribe audio chunk: VadOptions.__init__() got an unexpected keyword argument 'onset'
INFO:faster_whisper:Processing audio with duration 00:22.500
ERROR:root:[ERROR]: Failed to transcribe audio chunk: VadOptions.__init__() got an unexpected keyword argument 'onset'
INFO:faster_whisper:Processing audio with duration 00:22.500
ERROR:root:[ERROR]: Failed to transcribe audio chunk: VadOptions.__init__() got an unexpected keyword argument 'onset'
INFO:faster_whisper:Processing audio with duration 00:22.500
ERROR:root:[ERROR]: Failed to transcribe audio chunk: VadOptions.__init__() got an unexpected keyword argument 'onset'
INFO:faster_whisper:Processing audio with duration 00:22.550
ERROR:root:[ERROR]: Failed to transcribe audio chunk: VadOptions.__init__() got an unexpected keyword argument 'onset'
INFO:faster_whisper:Processing audio with duration 00:22.550
ERROR:root:[ERROR]: Failed to transcribe audio chunk: VadOptions.__init__() got an unexpected keyword argument 'onset'
INFO:faster_whisper:Processing audio with duration 00:22.550
ERROR:root:[ERROR]: Failed to transcribe audio chunk: VadOptions.__init__() got an unexpected keyword argument 'onset'
INFO:faster_whisper:Processing audio with duration 00:22.550
ERROR:root:[ERROR]: Failed to transcribe audio chunk: VadOptions.__init__() got an unexpected keyword argument 'onset'
INFO:faster_whisper:Processing audio with duration 00:22.550
ERROR:root:[ERROR]: Failed to transcribe audio chunk: VadOptions.__init__() got an unexpected keyword argument 'onset'
INFO:faster_whisper:Processing audio with duration 00:22.600
ERROR:root:[ERROR]: Failed to transcribe audio chunk: VadOptions.__init__() got an unexpected keyword argument 'onset'
INFO:faster_whisper:Processing audio with duration 00:22.600
ERROR:root:[ERROR]: Failed to transcribe audio chunk: VadOptions.__init__() got an unexpected keyword argument 'onset'
INFO:faster_whisper:Processing audio with duration 00:22.600
ERROR:root:[ERROR]: Failed to transcribe audio chunk: VadOptions.__init__() got an unexpected keyword argument 'onset'
INFO:faster_whisper:Processing audio with duration 00:22.600
ERROR:root:[ERROR]: Failed to transcribe audio chunk: VadOptions.__init__() got an unexpected keyword argument 'onset'
INFO:faster_whisper:Processing audio with duration 00:22.600
ERROR:root:[ERROR]: Failed to transcribe audio chunk: VadOptions.__init__() got an unexpected keyword argument 'onset'
INFO:faster_whisper:Processing audio with duration 00:22.650
ERROR:root:[ERROR]: Failed to transcribe audio chunk: VadOptions.__init__() got an unexpected keyword argument 'onset'
INFO:faster_whisper:Processing audio with duration 00:22.650
ERROR:root:[ERROR]: Failed to transcribe audio chunk: VadOptions.__init__() got an unexpected keyword argument 'onset'
INFO:faster_whisper:Processing audio with duration 00:22.650
ERROR:root:[ERROR]: Failed to transcribe audio chunk: VadOptions.__init__() got an unexpected keyword argument 'onset'
INFO:faster_whisper:Processing audio with duration 00:22.650
ERROR:root:[ERROR]: Failed to transcribe audio chunk: VadOptions.__init__() got an unexpected keyword argument 'onset'
INFO:faster_whisper:Processing audio with duration 00:22.650
ERROR:root:[ERROR]: Failed to transcribe audio chunk: VadOptions.__init__() got an unexpected keyword argument 'onset'
INFO:faster_whisper:Processing audio with duration 00:22.700
ERROR:root:[ERROR]: Failed to transcribe audio chunk: VadOptions.__init__() got an unexpected keyword argument 'onset'
INFO:faster_whisper:Processing audio with duration 00:22.700
ERROR:root:[ERROR]: Failed to transcribe audio chunk: VadOptions.__init__() got an unexpected keyword argument 'onset'
INFO:faster_whisper:Processing audio with duration 00:22.700
ERROR:root:[ERROR]: Failed to transcribe audio chunk: VadOptions.__init__() got an unexpected keyword argument 'onset'
INFO:faster_whisper:Processing audio with duration 00:22.700
ERROR:root:[ERROR]: Failed to transcribe audio chunk: VadOptions.__init__() got an unexpected keyword argument 'onset'
INFO:faster_whisper:Processing audio with duration 00:22.750
ERROR:root:[ERROR]: Failed to transcribe audio chunk: VadOptions.__init__() got an unexpected keyword argument 'onset'
INFO:faster_whisper:Processing audio with duration 00:22.750
ERROR:root:[ERROR]: Failed to transcribe audio chunk: VadOptions.__init__() got an unexpected keyword argument 'onset'
INFO:faster_whisper:Processing audio with duration 00:22.750
ERROR:root:[ERROR]: Failed to transcribe audio chunk: VadOptions.__init__() got an unexpected keyword argument 'onset'
INFO:faster_whisper:Processing audio with duration 00:22.750
ERROR:root:[ERROR]: Failed to transcribe audio chunk: VadOptions.__init__() got an unexpected keyword argument 'onset'
INFO:faster_whisper:Processing audio with duration 00:22.750
ERROR:root:[ERROR]: Failed to transcribe audio chunk: VadOptions.__init__() got an unexpected keyword argument 'onset'
INFO:faster_whisper:Processing audio with duration 00:22.800
ERROR:root:[ERROR]: Failed to transcribe audio chunk: VadOptions.__init__() got an unexpected keyword argument 'onset'
INFO:faster_whisper:Processing audio with duration 00:22.800
ERROR:root:[ERROR]: Failed to transcribe audio chunk: VadOptions.__init__() got an unexpected keyword argument 'onset'
INFO:faster_whisper:Processing audio with duration 00:22.800
ERROR:root:[ERROR]: Failed to transcribe audio chunk: VadOptions.__init__() got an unexpected keyword argument 'onset'
INFO:faster_whisper:Processing audio with duration 00:22.800
ERROR:root:[ERROR]: Failed to transcribe audio chunk: VadOptions.__init__() got an unexpected keyword argument 'onset'
INFO:faster_whisper:Processing audio with duration 00:22.850
ERROR:root:[ERROR]: Failed to transcribe audio chunk: VadOptions.__init__() got an unexpected keyword argument 'onset'
INFO:faster_whisper:Processing audio with duration 00:22.850
ERROR:root:[ERROR]: Failed to transcribe audio chunk: VadOptions.__init__() got an unexpected keyword argument 'onset'
INFO:faster_whisper:Processing audio with duration 00:22.850
ERROR:root:[ERROR]: Failed to transcribe audio chunk: VadOptions.__init__() got an unexpected keyword argument 'onset'
INFO:faster_whisper:Processing audio with duration 00:22.850
ERROR:root:[ERROR]: Failed to transcribe audio chunk: VadOptions.__init__() got an unexpected keyword argument 'onset'
INFO:faster_whisper:Processing audio with duration 00:22.850
ERROR:root:[ERROR]: Failed to transcribe audio chunk: VadOptions.__init__() got an unexpected keyword argument 'onset'
INFO:faster_whisper:Processing audio with duration 00:22.900
ERROR:root:[ERROR]: Failed to transcribe audio chunk: VadOptions.__init__() got an unexpected keyword argument 'onset'
INFO:faster_whisper:Processing audio with duration 00:22.900
ERROR:root:[ERROR]: Failed to transcribe audio chunk: VadOptions.__init__() got an unexpected keyword argument 'onset'
INFO:faster_whisper:Processing audio with duration 00:22.900
ERROR:root:[ERROR]: Failed to transcribe audio chunk: VadOptions.__init__() got an unexpected keyword argument 'onset'
INFO:faster_whisper:Processing audio with duration 00:22.900
ERROR:root:[ERROR]: Failed to transcribe audio chunk: VadOptions.__init__() got an unexpected keyword argument 'onset'
INFO:faster_whisper:Processing audio with duration 00:22.900
ERROR:root:[ERROR]: Failed to transcribe audio chunk: VadOptions.__init__() got an unexpected keyword argument 'onset'
INFO:faster_whisper:Processing audio with duration 00:22.950
ERROR:root:[ERROR]: Failed to transcribe audio chunk: VadOptions.__init__() got an unexpected keyword argument 'onset'
INFO:faster_whisper:Processing audio with duration 00:22.950
ERROR:root:[ERROR]: Failed to transcribe audio chunk: VadOptions.__init__() got an unexpected keyword argument 'onset'
INFO:faster_whisper:Processing audio with duration 00:22.950
ERROR:root:[ERROR]: Failed to transcribe audio chunk: VadOptions.__init__() got an unexpected keyword argument 'onset'
INFO:faster_whisper:Processing audio with duration 00:22.950
ERROR:root:[ERROR]: Failed to transcribe audio chunk: VadOptions.__init__() got an unexpected keyword argument 'onset'
INFO:faster_whisper:Processing audio with duration 00:23.000
ERROR:root:[ERROR]: Failed to transcribe audio chunk: VadOptions.__init__() got an unexpected keyword argument 'onset'
INFO:faster_whisper:Processing audio with duration 00:23.000
ERROR:root:[ERROR]: Failed to transcribe audio chunk: VadOptions.__init__() got an unexpected keyword argument 'onset'
INFO:faster_whisper:Processing audio with duration 00:23.000
ERROR:root:[ERROR]: Failed to transcribe audio chunk: VadOptions.__init__() got an unexpected keyword argument 'onset'
INFO:faster_whisper:Processing audio with duration 00:23.000
ERROR:root:[ERROR]: Failed to transcribe audio chunk: VadOptions.__init__() got an unexpected keyword argument 'onset'
INFO:faster_whisper:Processing audio with duration 00:23.000
ERROR:root:[ERROR]: Failed to transcribe audio chunk: VadOptions.__init__() got an unexpected keyword argument 'onset'
INFO:faster_whisper:Processing audio with duration 00:23.050
ERROR:root:[ERROR]: Failed to transcribe audio chunk: VadOptions.__init__() got an unexpected keyword argument 'onset'
INFO:faster_whisper:Processing audio with duration 00:23.050
ERROR:root:[ERROR]: Failed to transcribe audio chunk: VadOptions.__init__() got an unexpected keyword argument 'onset'
INFO:faster_whisper:Processing audio with duration 00:23.050
ERROR:root:[ERROR]: Failed to transcribe audio chunk: VadOptions.__init__() got an unexpected keyword argument 'onset'
INFO:faster_whisper:Processing audio with duration 00:23.050
ERROR:root:[ERROR]: Failed to transcribe audio chunk: VadOptions.__init__() got an unexpected keyword argument 'onset'
INFO:faster_whisper:Processing audio with duration 00:23.050
ERROR:root:[ERROR]: Failed to transcribe audio chunk: VadOptions.__init__() got an unexpected keyword argument 'onset'
INFO:faster_whisper:Processing audio with duration 00:23.100
ERROR:root:[ERROR]: Failed to transcribe audio chunk: VadOptions.__init__() got an unexpected keyword argument 'onset'
INFO:faster_whisper:Processing audio with duration 00:23.100
ERROR:root:[ERROR]: Failed to transcribe audio chunk: VadOptions.__init__() got an unexpected keyword argument 'onset'
INFO:faster_whisper:Processing audio with duration 00:23.100
ERROR:root:[ERROR]: Failed to transcribe audio chunk: VadOptions.__init__() got an unexpected keyword argument 'onset'
INFO:faster_whisper:Processing audio with duration 00:23.100
ERROR:root:[ERROR]: Failed to transcribe audio chunk: VadOptions.__init__() got an unexpected keyword argument 'onset'
INFO:faster_whisper:Processing audio with duration 00:23.150
ERROR:root:[ERROR]: Failed to transcribe audio chunk: VadOptions.__init__() got an unexpected keyword argument 'onset'
INFO:faster_whisper:Processing audio with duration 00:23.150
ERROR:root:[ERROR]: Failed to transcribe audio chunk: VadOptions.__init__() got an unexpected keyword argument 'onset'
INFO:faster_whisper:Processing audio with duration 00:23.150
ERROR:root:[ERROR]: Failed to transcribe audio chunk: VadOptions.__init__() got an unexpected keyword argument 'onset'
INFO:faster_whisper:Processing audio with duration 00:23.150
ERROR:root:[ERROR]: Failed to transcribe audio chunk: VadOptions.__init__() got an unexpected keyword argument 'onset'
INFO:faster_whisper:Processing audio with duration 00:23.150
ERROR:root:[ERROR]: Failed to transcribe audio chunk: VadOptions.__init__() got an unexpected keyword argument 'onset'
INFO:faster_whisper:Processing audio with duration 00:23.200
ERROR:root:[ERROR]: Failed to transcribe audio chunk: VadOptions.__init__() got an unexpected keyword argument 'onset'
INFO:faster_whisper:Processing audio with duration 00:23.200
ERROR:root:[ERROR]: Failed to transcribe audio chunk: VadOptions.__init__() got an unexpected keyword argument 'onset'
INFO:faster_whisper:Processing audio with duration 00:23.200
ERROR:root:[ERROR]: Failed to transcribe audio chunk: VadOptions.__init__() got an unexpected keyword argument 'onset'
INFO:faster_whisper:Processing audio with duration 00:23.200
ERROR:root:[ERROR]: Failed to transcribe audio chunk: VadOptions.__init__() got an unexpected keyword argument 'onset'
INFO:faster_whisper:Processing audio with duration 00:23.200
ERROR:root:[ERROR]: Failed to transcribe audio chunk: VadOptions.__init__() got an unexpected keyword argument 'onset'
INFO:faster_whisper:Processing audio with duration 00:23.250
ERROR:root:[ERROR]: Failed to transcribe audio chunk: VadOptions.__init__() got an unexpected keyword argument 'onset'
INFO:faster_whisper:Processing audio with duration 00:23.250
ERROR:root:[ERROR]: Failed to transcribe audio chunk: VadOptions.__init__() got an unexpected keyword argument 'onset'
INFO:faster_whisper:Processing audio with duration 00:23.250
ERROR:root:[ERROR]: Failed to transcribe audio chunk: VadOptions.__init__() got an unexpected keyword argument 'onset'
INFO:faster_whisper:Processing audio with duration 00:23.250
ERROR:root:[ERROR]: Failed to transcribe audio chunk: VadOptions.__init__() got an unexpected keyword argument 'onset'
INFO:faster_whisper:Processing audio with duration 00:23.300
ERROR:root:[ERROR]: Failed to transcribe audio chunk: VadOptions.__init__() got an unexpected keyword argument 'onset'
INFO:faster_whisper:Processing audio with duration 00:23.300
ERROR:root:[ERROR]: Failed to transcribe audio chunk: VadOptions.__init__() got an unexpected keyword argument 'onset'
INFO:faster_whisper:Processing audio with duration 00:23.300
ERROR:root:[ERROR]: Failed to transcribe audio chunk: VadOptions.__init__() got an unexpected keyword argument 'onset'
INFO:faster_whisper:Processing audio with duration 00:23.300
ERROR:root:[ERROR]: Failed to transcribe audio chunk: VadOptions.__init__() got an unexpected keyword argument 'onset'
INFO:faster_whisper:Processing audio with duration 00:23.300
ERROR:root:[ERROR]: Failed to transcribe audio chunk: VadOptions.__init__() got an unexpected keyword argument 'onset'
INFO:faster_whisper:Processing audio with duration 00:23.350
ERROR:root:[ERROR]: Failed to transcribe audio chunk: VadOptions.__init__() got an unexpected keyword argument 'onset'
INFO:faster_whisper:Processing audio with duration 00:23.350
ERROR:root:[ERROR]: Failed to transcribe audio chunk: VadOptions.__init__() got an unexpected keyword argument 'onset'
INFO:faster_whisper:Processing audio with duration 00:23.350
ERROR:root:[ERROR]: Failed to transcribe audio chunk: VadOptions.__init__() got an unexpected keyword argument 'onset'
INFO:faster_whisper:Processing audio with duration 00:23.350
ERROR:root:[ERROR]: Failed to transcribe audio chunk: VadOptions.__init__() got an unexpected keyword argument 'onset'
INFO:faster_whisper:Processing audio with duration 00:23.350
ERROR:root:[ERROR]: Failed to transcribe audio chunk: VadOptions.__init__() got an unexpected keyword argument 'onset'
INFO:faster_whisper:Processing audio with duration 00:23.400
ERROR:root:[ERROR]: Failed to transcribe audio chunk: VadOptions.__init__() got an unexpected keyword argument 'onset'
INFO:faster_whisper:Processing audio with duration 00:23.400
ERROR:root:[ERROR]: Failed to transcribe audio chunk: VadOptions.__init__() got an unexpected keyword argument 'onset'
INFO:faster_whisper:Processing audio with duration 00:23.400
ERROR:root:[ERROR]: Failed to transcribe audio chunk: VadOptions.__init__() got an unexpected keyword argument 'onset'
INFO:faster_whisper:Processing audio with duration 00:23.400
ERROR:root:[ERROR]: Failed to transcribe audio chunk: VadOptions.__init__() got an unexpected keyword argument 'onset'
INFO:faster_whisper:Processing audio with duration 00:23.400
ERROR:root:[ERROR]: Failed to transcribe audio chunk: VadOptions.__init__() got an unexpected keyword argument 'onset'
INFO:faster_whisper:Processing audio with duration 00:23.450
ERROR:root:[ERROR]: Failed to transcribe audio chunk: VadOptions.__init__() got an unexpected keyword argument 'onset'
INFO:faster_whisper:Processing audio with duration 00:23.450
ERROR:root:[ERROR]: Failed to transcribe audio chunk: VadOptions.__init__() got an unexpected keyword argument 'onset'
INFO:faster_whisper:Processing audio with duration 00:23.450
ERROR:root:[ERROR]: Failed to transcribe audio chunk: VadOptions.__init__() got an unexpected keyword argument 'onset'
INFO:faster_whisper:Processing audio with duration 00:23.450
ERROR:root:[ERROR]: Failed to transcribe audio chunk: VadOptions.__init__() got an unexpected keyword argument 'onset'
INFO:faster_whisper:Processing audio with duration 00:23.500
ERROR:root:[ERROR]: Failed to transcribe audio chunk: VadOptions.__init__() got an unexpected keyword argument 'onset'
INFO:faster_whisper:Processing audio with duration 00:23.500
ERROR:root:[ERROR]: Failed to transcribe audio chunk: VadOptions.__init__() got an unexpected keyword argument 'onset'
INFO:faster_whisper:Processing audio with duration 00:23.500
ERROR:root:[ERROR]: Failed to transcribe audio chunk: VadOptions.__init__() got an unexpected keyword argument 'onset'
INFO:faster_whisper:Processing audio with duration 00:23.500
ERROR:root:[ERROR]: Failed to transcribe audio chunk: VadOptions.__init__() got an unexpected keyword argument 'onset'
INFO:faster_whisper:Processing audio with duration 00:23.500
ERROR:root:[ERROR]: Failed to transcribe audio chunk: VadOptions.__init__() got an unexpected keyword argument 'onset'
INFO:faster_whisper:Processing audio with duration 00:23.550
ERROR:root:[ERROR]: Failed to transcribe audio chunk: VadOptions.__init__() got an unexpected keyword argument 'onset'
INFO:faster_whisper:Processing audio with duration 00:23.550
ERROR:root:[ERROR]: Failed to transcribe audio chunk: VadOptions.__init__() got an unexpected keyword argument 'onset'
INFO:faster_whisper:Processing audio with duration 00:23.550
ERROR:root:[ERROR]: Failed to transcribe audio chunk: VadOptions.__init__() got an unexpected keyword argument 'onset'
INFO:faster_whisper:Processing audio with duration 00:23.550
ERROR:root:[ERROR]: Failed to transcribe audio chunk: VadOptions.__init__() got an unexpected keyword argument 'onset'
INFO:faster_whisper:Processing audio with duration 00:23.550
ERROR:root:[ERROR]: Failed to transcribe audio chunk: VadOptions.__init__() got an unexpected keyword argument 'onset'
INFO:faster_whisper:Processing audio with duration 00:23.600
ERROR:root:[ERROR]: Failed to transcribe audio chunk: VadOptions.__init__() got an unexpected keyword argument 'onset'
INFO:faster_whisper:Processing audio with duration 00:23.600
ERROR:root:[ERROR]: Failed to transcribe audio chunk: VadOptions.__init__() got an unexpected keyword argument 'onset'
INFO:faster_whisper:Processing audio with duration 00:23.600
ERROR:root:[ERROR]: Failed to transcribe audio chunk: VadOptions.__init__() got an unexpected keyword argument 'onset'
INFO:faster_whisper:Processing audio with duration 00:23.600
ERROR:root:[ERROR]: Failed to transcribe audio chunk: VadOptions.__init__() got an unexpected keyword argument 'onset'
INFO:faster_whisper:Processing audio with duration 00:23.650
ERROR:root:[ERROR]: Failed to transcribe audio chunk: VadOptions.__init__() got an unexpected keyword argument 'onset'
INFO:faster_whisper:Processing audio with duration 00:23.650
ERROR:root:[ERROR]: Failed to transcribe audio chunk: VadOptions.__init__() got an unexpected keyword argument 'onset'
INFO:faster_whisper:Processing audio with duration 00:23.650
ERROR:root:[ERROR]: Failed to transcribe audio chunk: VadOptions.__init__() got an unexpected keyword argument 'onset'
INFO:faster_whisper:Processing audio with duration 00:23.650
ERROR:root:[ERROR]: Failed to transcribe audio chunk: VadOptions.__init__() got an unexpected keyword argument 'onset'
INFO:faster_whisper:Processing audio with duration 00:23.650
ERROR:root:[ERROR]: Failed to transcribe audio chunk: VadOptions.__init__() got an unexpected keyword argument 'onset'
INFO:faster_whisper:Processing audio with duration 00:23.700
ERROR:root:[ERROR]: Failed to transcribe audio chunk: VadOptions.__init__() got an unexpected keyword argument 'onset'
INFO:faster_whisper:Processing audio with duration 00:23.700
ERROR:root:[ERROR]: Failed to transcribe audio chunk: VadOptions.__init__() got an unexpected keyword argument 'onset'
INFO:faster_whisper:Processing audio with duration 00:23.700
ERROR:root:[ERROR]: Failed to transcribe audio chunk: VadOptions.__init__() got an unexpected keyword argument 'onset'
INFO:faster_whisper:Processing audio with duration 00:23.700
ERROR:root:[ERROR]: Failed to transcribe audio chunk: VadOptions.__init__() got an unexpected keyword argument 'onset'
INFO:faster_whisper:Processing audio with duration 00:23.700
ERROR:root:[ERROR]: Failed to transcribe audio chunk: VadOptions.__init__() got an unexpected keyword argument 'onset'
INFO:faster_whisper:Processing audio with duration 00:23.750
ERROR:root:[ERROR]: Failed to transcribe audio chunk: VadOptions.__init__() got an unexpected keyword argument 'onset'
INFO:faster_whisper:Processing audio with duration 00:23.750
ERROR:root:[ERROR]: Failed to transcribe audio chunk: VadOptions.__init__() got an unexpected keyword argument 'onset'
INFO:faster_whisper:Processing audio with duration 00:23.750
ERROR:root:[ERROR]: Failed to transcribe audio chunk: VadOptions.__init__() got an unexpected keyword argument 'onset'
INFO:faster_whisper:Processing audio with duration 00:23.750
ERROR:root:[ERROR]: Failed to transcribe audio chunk: VadOptions.__init__() got an unexpected keyword argument 'onset'
INFO:faster_whisper:Processing audio with duration 00:23.750
ERROR:root:[ERROR]: Failed to transcribe audio chunk: VadOptions.__init__() got an unexpected keyword argument 'onset'
INFO:faster_whisper:Processing audio with duration 00:23.800
ERROR:root:[ERROR]: Failed to transcribe audio chunk: VadOptions.__init__() got an unexpected keyword argument 'onset'
INFO:faster_whisper:Processing audio with duration 00:23.800
ERROR:root:[ERROR]: Failed to transcribe audio chunk: VadOptions.__init__() got an unexpected keyword argument 'onset'
INFO:faster_whisper:Processing audio with duration 00:23.800
ERROR:root:[ERROR]: Failed to transcribe audio chunk: VadOptions.__init__() got an unexpected keyword argument 'onset'
INFO:faster_whisper:Processing audio with duration 00:23.800
ERROR:root:[ERROR]: Failed to transcribe audio chunk: VadOptions.__init__() got an unexpected keyword argument 'onset'
INFO:faster_whisper:Processing audio with duration 00:23.850
ERROR:root:[ERROR]: Failed to transcribe audio chunk: VadOptions.__init__() got an unexpected keyword argument 'onset'
INFO:faster_whisper:Processing audio with duration 00:23.850
ERROR:root:[ERROR]: Failed to transcribe audio chunk: VadOptions.__init__() got an unexpected keyword argument 'onset'
INFO:faster_whisper:Processing audio with duration 00:23.850
ERROR:root:[ERROR]: Failed to transcribe audio chunk: VadOptions.__init__() got an unexpected keyword argument 'onset'
INFO:faster_whisper:Processing audio with duration 00:23.850
ERROR:root:[ERROR]: Failed to transcribe audio chunk: VadOptions.__init__() got an unexpected keyword argument 'onset'
INFO:faster_whisper:Processing audio with duration 00:23.850
ERROR:root:[ERROR]: Failed to transcribe audio chunk: VadOptions.__init__() got an unexpected keyword argument 'onset'
INFO:faster_whisper:Processing audio with duration 00:23.900
ERROR:root:[ERROR]: Failed to transcribe audio chunk: VadOptions.__init__() got an unexpected keyword argument 'onset'
INFO:faster_whisper:Processing audio with duration 00:23.900
ERROR:root:[ERROR]: Failed to transcribe audio chunk: VadOptions.__init__() got an unexpected keyword argument 'onset'
INFO:faster_whisper:Processing audio with duration 00:23.900
ERROR:root:[ERROR]: Failed to transcribe audio chunk: VadOptions.__init__() got an unexpected keyword argument 'onset'
INFO:faster_whisper:Processing audio with duration 00:23.900
ERROR:root:[ERROR]: Failed to transcribe audio chunk: VadOptions.__init__() got an unexpected keyword argument 'onset'
INFO:faster_whisper:Processing audio with duration 00:23.900
ERROR:root:[ERROR]: Failed to transcribe audio chunk: VadOptions.__init__() got an unexpected keyword argument 'onset'
INFO:faster_whisper:Processing audio with duration 00:23.950
ERROR:root:[ERROR]: Failed to transcribe audio chunk: VadOptions.__init__() got an unexpected keyword argument 'onset'
INFO:faster_whisper:Processing audio with duration 00:23.950
ERROR:root:[ERROR]: Failed to transcribe audio chunk: VadOptions.__init__() got an unexpected keyword argument 'onset'
INFO:faster_whisper:Processing audio with duration 00:23.950
ERROR:root:[ERROR]: Failed to transcribe audio chunk: VadOptions.__init__() got an unexpected keyword argument 'onset'
INFO:faster_whisper:Processing audio with duration 00:23.950
ERROR:root:[ERROR]: Failed to transcribe audio chunk: VadOptions.__init__() got an unexpected keyword argument 'onset'
INFO:faster_whisper:Processing audio with duration 00:24.000
ERROR:root:[ERROR]: Failed to transcribe audio chunk: VadOptions.__init__() got an unexpected keyword argument 'onset'
INFO:faster_whisper:Processing audio with duration 00:24.000
ERROR:root:[ERROR]: Failed to transcribe audio chunk: VadOptions.__init__() got an unexpected keyword argument 'onset'
INFO:faster_whisper:Processing audio with duration 00:24.000
ERROR:root:[ERROR]: Failed to transcribe audio chunk: VadOptions.__init__() got an unexpected keyword argument 'onset'
INFO:faster_whisper:Processing audio with duration 00:24.000
ERROR:root:[ERROR]: Failed to transcribe audio chunk: VadOptions.__init__() got an unexpected keyword argument 'onset'
INFO:faster_whisper:Processing audio with duration 00:24.000
ERROR:root:[ERROR]: Failed to transcribe audio chunk: VadOptions.__init__() got an unexpected keyword argument 'onset'
INFO:faster_whisper:Processing audio with duration 00:24.050
ERROR:root:[ERROR]: Failed to transcribe audio chunk: VadOptions.__init__() got an unexpected keyword argument 'onset'
INFO:faster_whisper:Processing audio with duration 00:24.050
ERROR:root:[ERROR]: Failed to transcribe audio chunk: VadOptions.__init__() got an unexpected keyword argument 'onset'
INFO:faster_whisper:Processing audio with duration 00:24.050
ERROR:root:[ERROR]: Failed to transcribe audio chunk: VadOptions.__init__() got an unexpected keyword argument 'onset'
INFO:faster_whisper:Processing audio with duration 00:24.050
ERROR:root:[ERROR]: Failed to transcribe audio chunk: VadOptions.__init__() got an unexpected keyword argument 'onset'
INFO:faster_whisper:Processing audio with duration 00:24.100
ERROR:root:[ERROR]: Failed to transcribe audio chunk: VadOptions.__init__() got an unexpected keyword argument 'onset'
INFO:faster_whisper:Processing audio with duration 00:24.100
ERROR:root:[ERROR]: Failed to transcribe audio chunk: VadOptions.__init__() got an unexpected keyword argument 'onset'
INFO:faster_whisper:Processing audio with duration 00:24.100
ERROR:root:[ERROR]: Failed to transcribe audio chunk: VadOptions.__init__() got an unexpected keyword argument 'onset'
INFO:faster_whisper:Processing audio with duration 00:24.100
ERROR:root:[ERROR]: Failed to transcribe audio chunk: VadOptions.__init__() got an unexpected keyword argument 'onset'
INFO:faster_whisper:Processing audio with duration 00:24.100
ERROR:root:[ERROR]: Failed to transcribe audio chunk: VadOptions.__init__() got an unexpected keyword argument 'onset'
INFO:faster_whisper:Processing audio with duration 00:24.150
ERROR:root:[ERROR]: Failed to transcribe audio chunk: VadOptions.__init__() got an unexpected keyword argument 'onset'
INFO:faster_whisper:Processing audio with duration 00:24.150
ERROR:root:[ERROR]: Failed to transcribe audio chunk: VadOptions.__init__() got an unexpected keyword argument 'onset'
INFO:faster_whisper:Processing audio with duration 00:24.150
ERROR:root:[ERROR]: Failed to transcribe audio chunk: VadOptions.__init__() got an unexpected keyword argument 'onset'
INFO:faster_whisper:Processing audio with duration 00:24.150
ERROR:root:[ERROR]: Failed to transcribe audio chunk: VadOptions.__init__() got an unexpected keyword argument 'onset'
INFO:faster_whisper:Processing audio with duration 00:24.150
ERROR:root:[ERROR]: Failed to transcribe audio chunk: VadOptions.__init__() got an unexpected keyword argument 'onset'
INFO:faster_whisper:Processing audio with duration 00:24.200
ERROR:root:[ERROR]: Failed to transcribe audio chunk: VadOptions.__init__() got an unexpected keyword argument 'onset'
INFO:faster_whisper:Processing audio with duration 00:24.200
ERROR:root:[ERROR]: Failed to transcribe audio chunk: VadOptions.__init__() got an unexpected keyword argument 'onset'
INFO:faster_whisper:Processing audio with duration 00:24.200
ERROR:root:[ERROR]: Failed to transcribe audio chunk: VadOptions.__init__() got an unexpected keyword argument 'onset'
INFO:faster_whisper:Processing audio with duration 00:24.200
ERROR:root:[ERROR]: Failed to transcribe audio chunk: VadOptions.__init__() got an unexpected keyword argument 'onset'
INFO:faster_whisper:Processing audio with duration 00:24.200
ERROR:root:[ERROR]: Failed to transcribe audio chunk: VadOptions.__init__() got an unexpected keyword argument 'onset'
INFO:faster_whisper:Processing audio with duration 00:24.250
ERROR:root:[ERROR]: Failed to transcribe audio chunk: VadOptions.__init__() got an unexpected keyword argument 'onset'
INFO:faster_whisper:Processing audio with duration 00:24.250
ERROR:root:[ERROR]: Failed to transcribe audio chunk: VadOptions.__init__() got an unexpected keyword argument 'onset'
INFO:faster_whisper:Processing audio with duration 00:24.250
ERROR:root:[ERROR]: Failed to transcribe audio chunk: VadOptions.__init__() got an unexpected keyword argument 'onset'
INFO:faster_whisper:Processing audio with duration 00:24.300
ERROR:root:[ERROR]: Failed to transcribe audio chunk: VadOptions.__init__() got an unexpected keyword argument 'onset'
INFO:faster_whisper:Processing audio with duration 00:24.300
ERROR:root:[ERROR]: Failed to transcribe audio chunk: VadOptions.__init__() got an unexpected keyword argument 'onset'
INFO:faster_whisper:Processing audio with duration 00:24.300
ERROR:root:[ERROR]: Failed to transcribe audio chunk: VadOptions.__init__() got an unexpected keyword argument 'onset'
INFO:faster_whisper:Processing audio with duration 00:24.300
ERROR:root:[ERROR]: Failed to transcribe audio chunk: VadOptions.__init__() got an unexpected keyword argument 'onset'
INFO:faster_whisper:Processing audio with duration 00:24.300
ERROR:root:[ERROR]: Failed to transcribe audio chunk: VadOptions.__init__() got an unexpected keyword argument 'onset'
INFO:faster_whisper:Processing audio with duration 00:24.350
ERROR:root:[ERROR]: Failed to transcribe audio chunk: VadOptions.__init__() got an unexpected keyword argument 'onset'
INFO:faster_whisper:Processing audio with duration 00:24.350
ERROR:root:[ERROR]: Failed to transcribe audio chunk: VadOptions.__init__() got an unexpected keyword argument 'onset'
INFO:faster_whisper:Processing audio with duration 00:24.350
ERROR:root:[ERROR]: Failed to transcribe audio chunk: VadOptions.__init__() got an unexpected keyword argument 'onset'
INFO:faster_whisper:Processing audio with duration 00:24.350
ERROR:root:[ERROR]: Failed to transcribe audio chunk: VadOptions.__init__() got an unexpected keyword argument 'onset'
INFO:faster_whisper:Processing audio with duration 00:24.350
ERROR:root:[ERROR]: Failed to transcribe audio chunk: VadOptions.__init__() got an unexpected keyword argument 'onset'
INFO:faster_whisper:Processing audio with duration 00:24.400
ERROR:root:[ERROR]: Failed to transcribe audio chunk: VadOptions.__init__() got an unexpected keyword argument 'onset'
INFO:faster_whisper:Processing audio with duration 00:24.400
ERROR:root:[ERROR]: Failed to transcribe audio chunk: VadOptions.__init__() got an unexpected keyword argument 'onset'
INFO:faster_whisper:Processing audio with duration 00:24.400
ERROR:root:[ERROR]: Failed to transcribe audio chunk: VadOptions.__init__() got an unexpected keyword argument 'onset'
INFO:faster_whisper:Processing audio with duration 00:24.400
ERROR:root:[ERROR]: Failed to transcribe audio chunk: VadOptions.__init__() got an unexpected keyword argument 'onset'
INFO:faster_whisper:Processing audio with duration 00:24.450
ERROR:root:[ERROR]: Failed to transcribe audio chunk: VadOptions.__init__() got an unexpected keyword argument 'onset'
INFO:faster_whisper:Processing audio with duration 00:24.450
ERROR:root:[ERROR]: Failed to transcribe audio chunk: VadOptions.__init__() got an unexpected keyword argument 'onset'
INFO:faster_whisper:Processing audio with duration 00:24.450
ERROR:root:[ERROR]: Failed to transcribe audio chunk: VadOptions.__init__() got an unexpected keyword argument 'onset'
INFO:faster_whisper:Processing audio with duration 00:24.450
ERROR:root:[ERROR]: Failed to transcribe audio chunk: VadOptions.__init__() got an unexpected keyword argument 'onset'
INFO:faster_whisper:Processing audio with duration 00:24.450
ERROR:root:[ERROR]: Failed to transcribe audio chunk: VadOptions.__init__() got an unexpected keyword argument 'onset'
INFO:faster_whisper:Processing audio with duration 00:24.500
ERROR:root:[ERROR]: Failed to transcribe audio chunk: VadOptions.__init__() got an unexpected keyword argument 'onset'
INFO:faster_whisper:Processing audio with duration 00:24.500
ERROR:root:[ERROR]: Failed to transcribe audio chunk: VadOptions.__init__() got an unexpected keyword argument 'onset'
INFO:faster_whisper:Processing audio with duration 00:24.500
ERROR:root:[ERROR]: Failed to transcribe audio chunk: VadOptions.__init__() got an unexpected keyword argument 'onset'
INFO:faster_whisper:Processing audio with duration 00:24.500
ERROR:root:[ERROR]: Failed to transcribe audio chunk: VadOptions.__init__() got an unexpected keyword argument 'onset'
INFO:faster_whisper:Processing audio with duration 00:24.550
ERROR:root:[ERROR]: Failed to transcribe audio chunk: VadOptions.__init__() got an unexpected keyword argument 'onset'
INFO:faster_whisper:Processing audio with duration 00:24.550
ERROR:root:[ERROR]: Failed to transcribe audio chunk: VadOptions.__init__() got an unexpected keyword argument 'onset'
INFO:faster_whisper:Processing audio with duration 00:24.550
ERROR:root:[ERROR]: Failed to transcribe audio chunk: VadOptions.__init__() got an unexpected keyword argument 'onset'
INFO:faster_whisper:Processing audio with duration 00:24.550
ERROR:root:[ERROR]: Failed to transcribe audio chunk: VadOptions.__init__() got an unexpected keyword argument 'onset'
INFO:faster_whisper:Processing audio with duration 00:24.550
ERROR:root:[ERROR]: Failed to transcribe audio chunk: VadOptions.__init__() got an unexpected keyword argument 'onset'
INFO:faster_whisper:Processing audio with duration 00:24.600
ERROR:root:[ERROR]: Failed to transcribe audio chunk: VadOptions.__init__() got an unexpected keyword argument 'onset'
INFO:faster_whisper:Processing audio with duration 00:24.600
ERROR:root:[ERROR]: Failed to transcribe audio chunk: VadOptions.__init__() got an unexpected keyword argument 'onset'
INFO:faster_whisper:Processing audio with duration 00:24.600
ERROR:root:[ERROR]: Failed to transcribe audio chunk: VadOptions.__init__() got an unexpected keyword argument 'onset'
INFO:faster_whisper:Processing audio with duration 00:24.600
ERROR:root:[ERROR]: Failed to transcribe audio chunk: VadOptions.__init__() got an unexpected keyword argument 'onset'
INFO:faster_whisper:Processing audio with duration 00:24.600
ERROR:root:[ERROR]: Failed to transcribe audio chunk: VadOptions.__init__() got an unexpected keyword argument 'onset'
INFO:faster_whisper:Processing audio with duration 00:24.650
ERROR:root:[ERROR]: Failed to transcribe audio chunk: VadOptions.__init__() got an unexpected keyword argument 'onset'
INFO:faster_whisper:Processing audio with duration 00:24.650
ERROR:root:[ERROR]: Failed to transcribe audio chunk: VadOptions.__init__() got an unexpected keyword argument 'onset'
INFO:faster_whisper:Processing audio with duration 00:24.650
ERROR:root:[ERROR]: Failed to transcribe audio chunk: VadOptions.__init__() got an unexpected keyword argument 'onset'
INFO:faster_whisper:Processing audio with duration 00:24.650
ERROR:root:[ERROR]: Failed to transcribe audio chunk: VadOptions.__init__() got an unexpected keyword argument 'onset'
INFO:faster_whisper:Processing audio with duration 00:24.700
ERROR:root:[ERROR]: Failed to transcribe audio chunk: VadOptions.__init__() got an unexpected keyword argument 'onset'
INFO:faster_whisper:Processing audio with duration 00:24.700
ERROR:root:[ERROR]: Failed to transcribe audio chunk: VadOptions.__init__() got an unexpected keyword argument 'onset'
INFO:faster_whisper:Processing audio with duration 00:24.700
ERROR:root:[ERROR]: Failed to transcribe audio chunk: VadOptions.__init__() got an unexpected keyword argument 'onset'
INFO:faster_whisper:Processing audio with duration 00:24.700
ERROR:root:[ERROR]: Failed to transcribe audio chunk: VadOptions.__init__() got an unexpected keyword argument 'onset'
INFO:faster_whisper:Processing audio with duration 00:24.700
ERROR:root:[ERROR]: Failed to transcribe audio chunk: VadOptions.__init__() got an unexpected keyword argument 'onset'
INFO:faster_whisper:Processing audio with duration 00:24.750
ERROR:root:[ERROR]: Failed to transcribe audio chunk: VadOptions.__init__() got an unexpected keyword argument 'onset'
INFO:faster_whisper:Processing audio with duration 00:24.750
ERROR:root:[ERROR]: Failed to transcribe audio chunk: VadOptions.__init__() got an unexpected keyword argument 'onset'
INFO:faster_whisper:Processing audio with duration 00:24.750
ERROR:root:[ERROR]: Failed to transcribe audio chunk: VadOptions.__init__() got an unexpected keyword argument 'onset'
INFO:faster_whisper:Processing audio with duration 00:24.750
ERROR:root:[ERROR]: Failed to transcribe audio chunk: VadOptions.__init__() got an unexpected keyword argument 'onset'
INFO:faster_whisper:Processing audio with duration 00:24.750
ERROR:root:[ERROR]: Failed to transcribe audio chunk: VadOptions.__init__() got an unexpected keyword argument 'onset'
INFO:faster_whisper:Processing audio with duration 00:24.800
ERROR:root:[ERROR]: Failed to transcribe audio chunk: VadOptions.__init__() got an unexpected keyword argument 'onset'
INFO:faster_whisper:Processing audio with duration 00:24.800
ERROR:root:[ERROR]: Failed to transcribe audio chunk: VadOptions.__init__() got an unexpected keyword argument 'onset'
INFO:faster_whisper:Processing audio with duration 00:24.800
ERROR:root:[ERROR]: Failed to transcribe audio chunk: VadOptions.__init__() got an unexpected keyword argument 'onset'
INFO:faster_whisper:Processing audio with duration 00:24.800
ERROR:root:[ERROR]: Failed to transcribe audio chunk: VadOptions.__init__() got an unexpected keyword argument 'onset'
INFO:faster_whisper:Processing audio with duration 00:24.850
ERROR:root:[ERROR]: Failed to transcribe audio chunk: VadOptions.__init__() got an unexpected keyword argument 'onset'
INFO:faster_whisper:Processing audio with duration 00:24.850
ERROR:root:[ERROR]: Failed to transcribe audio chunk: VadOptions.__init__() got an unexpected keyword argument 'onset'
INFO:faster_whisper:Processing audio with duration 00:24.850
ERROR:root:[ERROR]: Failed to transcribe audio chunk: VadOptions.__init__() got an unexpected keyword argument 'onset'
INFO:faster_whisper:Processing audio with duration 00:24.850
ERROR:root:[ERROR]: Failed to transcribe audio chunk: VadOptions.__init__() got an unexpected keyword argument 'onset'
INFO:faster_whisper:Processing audio with duration 00:24.850
ERROR:root:[ERROR]: Failed to transcribe audio chunk: VadOptions.__init__() got an unexpected keyword argument 'onset'
INFO:faster_whisper:Processing audio with duration 00:24.900
ERROR:root:[ERROR]: Failed to transcribe audio chunk: VadOptions.__init__() got an unexpected keyword argument 'onset'
INFO:faster_whisper:Processing audio with duration 00:24.900
ERROR:root:[ERROR]: Failed to transcribe audio chunk: VadOptions.__init__() got an unexpected keyword argument 'onset'
INFO:faster_whisper:Processing audio with duration 00:24.900
ERROR:root:[ERROR]: Failed to transcribe audio chunk: VadOptions.__init__() got an unexpected keyword argument 'onset'
INFO:faster_whisper:Processing audio with duration 00:24.900
ERROR:root:[ERROR]: Failed to transcribe audio chunk: VadOptions.__init__() got an unexpected keyword argument 'onset'
INFO:faster_whisper:Processing audio with duration 00:24.900
ERROR:root:[ERROR]: Failed to transcribe audio chunk: VadOptions.__init__() got an unexpected keyword argument 'onset'
INFO:faster_whisper:Processing audio with duration 00:24.950
ERROR:root:[ERROR]: Failed to transcribe audio chunk: VadOptions.__init__() got an unexpected keyword argument 'onset'
INFO:faster_whisper:Processing audio with duration 00:24.950
ERROR:root:[ERROR]: Failed to transcribe audio chunk: VadOptions.__init__() got an unexpected keyword argument 'onset'
INFO:faster_whisper:Processing audio with duration 00:24.950
ERROR:root:[ERROR]: Failed to transcribe audio chunk: VadOptions.__init__() got an unexpected keyword argument 'onset'
INFO:faster_whisper:Processing audio with duration 00:24.950
ERROR:root:[ERROR]: Failed to transcribe audio chunk: VadOptions.__init__() got an unexpected keyword argument 'onset'
INFO:faster_whisper:Processing audio with duration 00:25.000
ERROR:root:[ERROR]: Failed to transcribe audio chunk: VadOptions.__init__() got an unexpected keyword argument 'onset'
INFO:faster_whisper:Processing audio with duration 00:25.000
ERROR:root:[ERROR]: Failed to transcribe audio chunk: VadOptions.__init__() got an unexpected keyword argument 'onset'
INFO:faster_whisper:Processing audio with duration 00:25.000
ERROR:root:[ERROR]: Failed to transcribe audio chunk: VadOptions.__init__() got an unexpected keyword argument 'onset'
INFO:faster_whisper:Processing audio with duration 00:25.000
ERROR:root:[ERROR]: Failed to transcribe audio chunk: VadOptions.__init__() got an unexpected keyword argument 'onset'
INFO:faster_whisper:Processing audio with duration 00:25.050
ERROR:root:[ERROR]: Failed to transcribe audio chunk: VadOptions.__init__() got an unexpected keyword argument 'onset'
INFO:faster_whisper:Processing audio with duration 00:25.050
ERROR:root:[ERROR]: Failed to transcribe audio chunk: VadOptions.__init__() got an unexpected keyword argument 'onset'
INFO:faster_whisper:Processing audio with duration 00:25.050
ERROR:root:[ERROR]: Failed to transcribe audio chunk: VadOptions.__init__() got an unexpected keyword argument 'onset'
INFO:faster_whisper:Processing audio with duration 00:25.050
ERROR:root:[ERROR]: Failed to transcribe audio chunk: VadOptions.__init__() got an unexpected keyword argument 'onset'
INFO:faster_whisper:Processing audio with duration 00:25.050
ERROR:root:[ERROR]: Failed to transcribe audio chunk: VadOptions.__init__() got an unexpected keyword argument 'onset'
INFO:faster_whisper:Processing audio with duration 00:25.100
ERROR:root:[ERROR]: Failed to transcribe audio chunk: VadOptions.__init__() got an unexpected keyword argument 'onset'
INFO:faster_whisper:Processing audio with duration 00:25.100
ERROR:root:[ERROR]: Failed to transcribe audio chunk: VadOptions.__init__() got an unexpected keyword argument 'onset'
INFO:faster_whisper:Processing audio with duration 00:25.100
ERROR:root:[ERROR]: Failed to transcribe audio chunk: VadOptions.__init__() got an unexpected keyword argument 'onset'
INFO:faster_whisper:Processing audio with duration 00:25.100
ERROR:root:[ERROR]: Failed to transcribe audio chunk: VadOptions.__init__() got an unexpected keyword argument 'onset'
INFO:faster_whisper:Processing audio with duration 00:25.100
ERROR:root:[ERROR]: Failed to transcribe audio chunk: VadOptions.__init__() got an unexpected keyword argument 'onset'
INFO:faster_whisper:Processing audio with duration 00:25.150
ERROR:root:[ERROR]: Failed to transcribe audio chunk: VadOptions.__init__() got an unexpected keyword argument 'onset'
INFO:faster_whisper:Processing audio with duration 00:25.150
ERROR:root:[ERROR]: Failed to transcribe audio chunk: VadOptions.__init__() got an unexpected keyword argument 'onset'
INFO:faster_whisper:Processing audio with duration 00:25.150
ERROR:root:[ERROR]: Failed to transcribe audio chunk: VadOptions.__init__() got an unexpected keyword argument 'onset'
INFO:faster_whisper:Processing audio with duration 00:25.150
ERROR:root:[ERROR]: Failed to transcribe audio chunk: VadOptions.__init__() got an unexpected keyword argument 'onset'
INFO:faster_whisper:Processing audio with duration 00:25.200
ERROR:root:[ERROR]: Failed to transcribe audio chunk: VadOptions.__init__() got an unexpected keyword argument 'onset'
INFO:faster_whisper:Processing audio with duration 00:25.200
ERROR:root:[ERROR]: Failed to transcribe audio chunk: VadOptions.__init__() got an unexpected keyword argument 'onset'
INFO:faster_whisper:Processing audio with duration 00:25.200
ERROR:root:[ERROR]: Failed to transcribe audio chunk: VadOptions.__init__() got an unexpected keyword argument 'onset'
INFO:faster_whisper:Processing audio with duration 00:25.200
ERROR:root:[ERROR]: Failed to transcribe audio chunk: VadOptions.__init__() got an unexpected keyword argument 'onset'
INFO:faster_whisper:Processing audio with duration 00:25.200
ERROR:root:[ERROR]: Failed to transcribe audio chunk: VadOptions.__init__() got an unexpected keyword argument 'onset'
INFO:faster_whisper:Processing audio with duration 00:25.250
ERROR:root:[ERROR]: Failed to transcribe audio chunk: VadOptions.__init__() got an unexpected keyword argument 'onset'
INFO:faster_whisper:Processing audio with duration 00:25.250
ERROR:root:[ERROR]: Failed to transcribe audio chunk: VadOptions.__init__() got an unexpected keyword argument 'onset'
INFO:faster_whisper:Processing audio with duration 00:25.250
ERROR:root:[ERROR]: Failed to transcribe audio chunk: VadOptions.__init__() got an unexpected keyword argument 'onset'
INFO:faster_whisper:Processing audio with duration 00:25.250
ERROR:root:[ERROR]: Failed to transcribe audio chunk: VadOptions.__init__() got an unexpected keyword argument 'onset'
INFO:faster_whisper:Processing audio with duration 00:25.300
ERROR:root:[ERROR]: Failed to transcribe audio chunk: VadOptions.__init__() got an unexpected keyword argument 'onset'
INFO:faster_whisper:Processing audio with duration 00:25.300
ERROR:root:[ERROR]: Failed to transcribe audio chunk: VadOptions.__init__() got an unexpected keyword argument 'onset'
INFO:faster_whisper:Processing audio with duration 00:25.300
ERROR:root:[ERROR]: Failed to transcribe audio chunk: VadOptions.__init__() got an unexpected keyword argument 'onset'
INFO:faster_whisper:Processing audio with duration 00:25.300
ERROR:root:[ERROR]: Failed to transcribe audio chunk: VadOptions.__init__() got an unexpected keyword argument 'onset'
INFO:faster_whisper:Processing audio with duration 00:25.350
ERROR:root:[ERROR]: Failed to transcribe audio chunk: VadOptions.__init__() got an unexpected keyword argument 'onset'
INFO:faster_whisper:Processing audio with duration 00:25.350
ERROR:root:[ERROR]: Failed to transcribe audio chunk: VadOptions.__init__() got an unexpected keyword argument 'onset'
INFO:faster_whisper:Processing audio with duration 00:25.350
ERROR:root:[ERROR]: Failed to transcribe audio chunk: VadOptions.__init__() got an unexpected keyword argument 'onset'
INFO:faster_whisper:Processing audio with duration 00:25.350
ERROR:root:[ERROR]: Failed to transcribe audio chunk: VadOptions.__init__() got an unexpected keyword argument 'onset'
INFO:faster_whisper:Processing audio with duration 00:25.400
ERROR:root:[ERROR]: Failed to transcribe audio chunk: VadOptions.__init__() got an unexpected keyword argument 'onset'
INFO:faster_whisper:Processing audio with duration 00:25.400
ERROR:root:[ERROR]: Failed to transcribe audio chunk: VadOptions.__init__() got an unexpected keyword argument 'onset'
INFO:faster_whisper:Processing audio with duration 00:25.400
ERROR:root:[ERROR]: Failed to transcribe audio chunk: VadOptions.__init__() got an unexpected keyword argument 'onset'
INFO:faster_whisper:Processing audio with duration 00:25.400
ERROR:root:[ERROR]: Failed to transcribe audio chunk: VadOptions.__init__() got an unexpected keyword argument 'onset'
INFO:faster_whisper:Processing audio with duration 00:25.400
ERROR:root:[ERROR]: Failed to transcribe audio chunk: VadOptions.__init__() got an unexpected keyword argument 'onset'
INFO:faster_whisper:Processing audio with duration 00:25.450
ERROR:root:[ERROR]: Failed to transcribe audio chunk: VadOptions.__init__() got an unexpected keyword argument 'onset'
INFO:faster_whisper:Processing audio with duration 00:25.450
ERROR:root:[ERROR]: Failed to transcribe audio chunk: VadOptions.__init__() got an unexpected keyword argument 'onset'
INFO:faster_whisper:Processing audio with duration 00:25.450
ERROR:root:[ERROR]: Failed to transcribe audio chunk: VadOptions.__init__() got an unexpected keyword argument 'onset'
INFO:faster_whisper:Processing audio with duration 00:25.450
ERROR:root:[ERROR]: Failed to transcribe audio chunk: VadOptions.__init__() got an unexpected keyword argument 'onset'
INFO:faster_whisper:Processing audio with duration 00:25.450
ERROR:root:[ERROR]: Failed to transcribe audio chunk: VadOptions.__init__() got an unexpected keyword argument 'onset'
INFO:faster_whisper:Processing audio with duration 00:25.500
ERROR:root:[ERROR]: Failed to transcribe audio chunk: VadOptions.__init__() got an unexpected keyword argument 'onset'
INFO:faster_whisper:Processing audio with duration 00:25.500
ERROR:root:[ERROR]: Failed to transcribe audio chunk: VadOptions.__init__() got an unexpected keyword argument 'onset'
INFO:faster_whisper:Processing audio with duration 00:25.500
ERROR:root:[ERROR]: Failed to transcribe audio chunk: VadOptions.__init__() got an unexpected keyword argument 'onset'
INFO:faster_whisper:Processing audio with duration 00:25.500
ERROR:root:[ERROR]: Failed to transcribe audio chunk: VadOptions.__init__() got an unexpected keyword argument 'onset'
INFO:faster_whisper:Processing audio with duration 00:25.500
ERROR:root:[ERROR]: Failed to transcribe audio chunk: VadOptions.__init__() got an unexpected keyword argument 'onset'
INFO:faster_whisper:Processing audio with duration 00:25.550
ERROR:root:[ERROR]: Failed to transcribe audio chunk: VadOptions.__init__() got an unexpected keyword argument 'onset'
INFO:faster_whisper:Processing audio with duration 00:25.550
ERROR:root:[ERROR]: Failed to transcribe audio chunk: VadOptions.__init__() got an unexpected keyword argument 'onset'
INFO:faster_whisper:Processing audio with duration 00:25.550
ERROR:root:[ERROR]: Failed to transcribe audio chunk: VadOptions.__init__() got an unexpected keyword argument 'onset'
INFO:faster_whisper:Processing audio with duration 00:25.550
ERROR:root:[ERROR]: Failed to transcribe audio chunk: VadOptions.__init__() got an unexpected keyword argument 'onset'
INFO:faster_whisper:Processing audio with duration 00:25.600
ERROR:root:[ERROR]: Failed to transcribe audio chunk: VadOptions.__init__() got an unexpected keyword argument 'onset'
INFO:faster_whisper:Processing audio with duration 00:25.600
ERROR:root:[ERROR]: Failed to transcribe audio chunk: VadOptions.__init__() got an unexpected keyword argument 'onset'
INFO:faster_whisper:Processing audio with duration 00:25.600
ERROR:root:[ERROR]: Failed to transcribe audio chunk: VadOptions.__init__() got an unexpected keyword argument 'onset'
INFO:faster_whisper:Processing audio with duration 00:25.600
ERROR:root:[ERROR]: Failed to transcribe audio chunk: VadOptions.__init__() got an unexpected keyword argument 'onset'
INFO:faster_whisper:Processing audio with duration 00:25.600
ERROR:root:[ERROR]: Failed to transcribe audio chunk: VadOptions.__init__() got an unexpected keyword argument 'onset'
INFO:faster_whisper:Processing audio with duration 00:25.650
ERROR:root:[ERROR]: Failed to transcribe audio chunk: VadOptions.__init__() got an unexpected keyword argument 'onset'
INFO:faster_whisper:Processing audio with duration 00:25.650
ERROR:root:[ERROR]: Failed to transcribe audio chunk: VadOptions.__init__() got an unexpected keyword argument 'onset'
INFO:faster_whisper:Processing audio with duration 00:25.650
ERROR:root:[ERROR]: Failed to transcribe audio chunk: VadOptions.__init__() got an unexpected keyword argument 'onset'
INFO:faster_whisper:Processing audio with duration 00:25.650
ERROR:root:[ERROR]: Failed to transcribe audio chunk: VadOptions.__init__() got an unexpected keyword argument 'onset'
INFO:faster_whisper:Processing audio with duration 00:25.650
ERROR:root:[ERROR]: Failed to transcribe audio chunk: VadOptions.__init__() got an unexpected keyword argument 'onset'
INFO:faster_whisper:Processing audio with duration 00:25.700
ERROR:root:[ERROR]: Failed to transcribe audio chunk: VadOptions.__init__() got an unexpected keyword argument 'onset'
INFO:faster_whisper:Processing audio with duration 00:25.700
ERROR:root:[ERROR]: Failed to transcribe audio chunk: VadOptions.__init__() got an unexpected keyword argument 'onset'
INFO:faster_whisper:Processing audio with duration 00:25.700
ERROR:root:[ERROR]: Failed to transcribe audio chunk: VadOptions.__init__() got an unexpected keyword argument 'onset'
INFO:faster_whisper:Processing audio with duration 00:25.700
ERROR:root:[ERROR]: Failed to transcribe audio chunk: VadOptions.__init__() got an unexpected keyword argument 'onset'
INFO:faster_whisper:Processing audio with duration 00:25.750
ERROR:root:[ERROR]: Failed to transcribe audio chunk: VadOptions.__init__() got an unexpected keyword argument 'onset'
INFO:faster_whisper:Processing audio with duration 00:25.750
ERROR:root:[ERROR]: Failed to transcribe audio chunk: VadOptions.__init__() got an unexpected keyword argument 'onset'
INFO:faster_whisper:Processing audio with duration 00:25.750
ERROR:root:[ERROR]: Failed to transcribe audio chunk: VadOptions.__init__() got an unexpected keyword argument 'onset'
INFO:faster_whisper:Processing audio with duration 00:25.750
ERROR:root:[ERROR]: Failed to transcribe audio chunk: VadOptions.__init__() got an unexpected keyword argument 'onset'
INFO:faster_whisper:Processing audio with duration 00:25.800
ERROR:root:[ERROR]: Failed to transcribe audio chunk: VadOptions.__init__() got an unexpected keyword argument 'onset'
INFO:faster_whisper:Processing audio with duration 00:25.800
ERROR:root:[ERROR]: Failed to transcribe audio chunk: VadOptions.__init__() got an unexpected keyword argument 'onset'
INFO:faster_whisper:Processing audio with duration 00:25.800
ERROR:root:[ERROR]: Failed to transcribe audio chunk: VadOptions.__init__() got an unexpected keyword argument 'onset'
INFO:faster_whisper:Processing audio with duration 00:25.800
ERROR:root:[ERROR]: Failed to transcribe audio chunk: VadOptions.__init__() got an unexpected keyword argument 'onset'
INFO:faster_whisper:Processing audio with duration 00:25.800
ERROR:root:[ERROR]: Failed to transcribe audio chunk: VadOptions.__init__() got an unexpected keyword argument 'onset'
INFO:faster_whisper:Processing audio with duration 00:25.850
ERROR:root:[ERROR]: Failed to transcribe audio chunk: VadOptions.__init__() got an unexpected keyword argument 'onset'
INFO:faster_whisper:Processing audio with duration 00:25.850
ERROR:root:[ERROR]: Failed to transcribe audio chunk: VadOptions.__init__() got an unexpected keyword argument 'onset'
INFO:faster_whisper:Processing audio with duration 00:25.850
ERROR:root:[ERROR]: Failed to transcribe audio chunk: VadOptions.__init__() got an unexpected keyword argument 'onset'
INFO:faster_whisper:Processing audio with duration 00:25.850
ERROR:root:[ERROR]: Failed to transcribe audio chunk: VadOptions.__init__() got an unexpected keyword argument 'onset'
INFO:faster_whisper:Processing audio with duration 00:25.900
ERROR:root:[ERROR]: Failed to transcribe audio chunk: VadOptions.__init__() got an unexpected keyword argument 'onset'
INFO:faster_whisper:Processing audio with duration 00:25.900
ERROR:root:[ERROR]: Failed to transcribe audio chunk: VadOptions.__init__() got an unexpected keyword argument 'onset'
INFO:faster_whisper:Processing audio with duration 00:25.900
ERROR:root:[ERROR]: Failed to transcribe audio chunk: VadOptions.__init__() got an unexpected keyword argument 'onset'
INFO:faster_whisper:Processing audio with duration 00:25.900
ERROR:root:[ERROR]: Failed to transcribe audio chunk: VadOptions.__init__() got an unexpected keyword argument 'onset'
INFO:faster_whisper:Processing audio with duration 00:25.900
ERROR:root:[ERROR]: Failed to transcribe audio chunk: VadOptions.__init__() got an unexpected keyword argument 'onset'
INFO:faster_whisper:Processing audio with duration 00:25.950
ERROR:root:[ERROR]: Failed to transcribe audio chunk: VadOptions.__init__() got an unexpected keyword argument 'onset'
INFO:faster_whisper:Processing audio with duration 00:25.950
ERROR:root:[ERROR]: Failed to transcribe audio chunk: VadOptions.__init__() got an unexpected keyword argument 'onset'
INFO:faster_whisper:Processing audio with duration 00:25.950
ERROR:root:[ERROR]: Failed to transcribe audio chunk: VadOptions.__init__() got an unexpected keyword argument 'onset'
INFO:faster_whisper:Processing audio with duration 00:25.950
ERROR:root:[ERROR]: Failed to transcribe audio chunk: VadOptions.__init__() got an unexpected keyword argument 'onset'
INFO:faster_whisper:Processing audio with duration 00:25.950
ERROR:root:[ERROR]: Failed to transcribe audio chunk: VadOptions.__init__() got an unexpected keyword argument 'onset'
INFO:faster_whisper:Processing audio with duration 00:26.000
ERROR:root:[ERROR]: Failed to transcribe audio chunk: VadOptions.__init__() got an unexpected keyword argument 'onset'
INFO:faster_whisper:Processing audio with duration 00:26.000
ERROR:root:[ERROR]: Failed to transcribe audio chunk: VadOptions.__init__() got an unexpected keyword argument 'onset'
INFO:faster_whisper:Processing audio with duration 00:26.000
ERROR:root:[ERROR]: Failed to transcribe audio chunk: VadOptions.__init__() got an unexpected keyword argument 'onset'
INFO:faster_whisper:Processing audio with duration 00:26.000
ERROR:root:[ERROR]: Failed to transcribe audio chunk: VadOptions.__init__() got an unexpected keyword argument 'onset'
INFO:faster_whisper:Processing audio with duration 00:26.050
ERROR:root:[ERROR]: Failed to transcribe audio chunk: VadOptions.__init__() got an unexpected keyword argument 'onset'
INFO:faster_whisper:Processing audio with duration 00:26.050
ERROR:root:[ERROR]: Failed to transcribe audio chunk: VadOptions.__init__() got an unexpected keyword argument 'onset'
INFO:faster_whisper:Processing audio with duration 00:26.050
ERROR:root:[ERROR]: Failed to transcribe audio chunk: VadOptions.__init__() got an unexpected keyword argument 'onset'
INFO:faster_whisper:Processing audio with duration 00:26.050
ERROR:root:[ERROR]: Failed to transcribe audio chunk: VadOptions.__init__() got an unexpected keyword argument 'onset'
INFO:faster_whisper:Processing audio with duration 00:26.050
ERROR:root:[ERROR]: Failed to transcribe audio chunk: VadOptions.__init__() got an unexpected keyword argument 'onset'
INFO:faster_whisper:Processing audio with duration 00:26.100
ERROR:root:[ERROR]: Failed to transcribe audio chunk: VadOptions.__init__() got an unexpected keyword argument 'onset'
INFO:faster_whisper:Processing audio with duration 00:26.100
ERROR:root:[ERROR]: Failed to transcribe audio chunk: VadOptions.__init__() got an unexpected keyword argument 'onset'
INFO:faster_whisper:Processing audio with duration 00:26.100
ERROR:root:[ERROR]: Failed to transcribe audio chunk: VadOptions.__init__() got an unexpected keyword argument 'onset'
INFO:faster_whisper:Processing audio with duration 00:26.100
ERROR:root:[ERROR]: Failed to transcribe audio chunk: VadOptions.__init__() got an unexpected keyword argument 'onset'
INFO:faster_whisper:Processing audio with duration 00:26.100
ERROR:root:[ERROR]: Failed to transcribe audio chunk: VadOptions.__init__() got an unexpected keyword argument 'onset'
INFO:faster_whisper:Processing audio with duration 00:26.150
ERROR:root:[ERROR]: Failed to transcribe audio chunk: VadOptions.__init__() got an unexpected keyword argument 'onset'
INFO:faster_whisper:Processing audio with duration 00:26.150
ERROR:root:[ERROR]: Failed to transcribe audio chunk: VadOptions.__init__() got an unexpected keyword argument 'onset'
INFO:faster_whisper:Processing audio with duration 00:26.150
ERROR:root:[ERROR]: Failed to transcribe audio chunk: VadOptions.__init__() got an unexpected keyword argument 'onset'
INFO:faster_whisper:Processing audio with duration 00:26.150
ERROR:root:[ERROR]: Failed to transcribe audio chunk: VadOptions.__init__() got an unexpected keyword argument 'onset'
INFO:faster_whisper:Processing audio with duration 00:26.150
ERROR:root:[ERROR]: Failed to transcribe audio chunk: VadOptions.__init__() got an unexpected keyword argument 'onset'
INFO:faster_whisper:Processing audio with duration 00:26.200
ERROR:root:[ERROR]: Failed to transcribe audio chunk: VadOptions.__init__() got an unexpected keyword argument 'onset'
INFO:faster_whisper:Processing audio with duration 00:26.200
ERROR:root:[ERROR]: Failed to transcribe audio chunk: VadOptions.__init__() got an unexpected keyword argument 'onset'
INFO:faster_whisper:Processing audio with duration 00:26.200
ERROR:root:[ERROR]: Failed to transcribe audio chunk: VadOptions.__init__() got an unexpected keyword argument 'onset'
INFO:faster_whisper:Processing audio with duration 00:26.200
ERROR:root:[ERROR]: Failed to transcribe audio chunk: VadOptions.__init__() got an unexpected keyword argument 'onset'
INFO:faster_whisper:Processing audio with duration 00:26.250
ERROR:root:[ERROR]: Failed to transcribe audio chunk: VadOptions.__init__() got an unexpected keyword argument 'onset'
INFO:faster_whisper:Processing audio with duration 00:26.250
ERROR:root:[ERROR]: Failed to transcribe audio chunk: VadOptions.__init__() got an unexpected keyword argument 'onset'
INFO:faster_whisper:Processing audio with duration 00:26.250
ERROR:root:[ERROR]: Failed to transcribe audio chunk: VadOptions.__init__() got an unexpected keyword argument 'onset'
INFO:faster_whisper:Processing audio with duration 00:26.250
ERROR:root:[ERROR]: Failed to transcribe audio chunk: VadOptions.__init__() got an unexpected keyword argument 'onset'
INFO:faster_whisper:Processing audio with duration 00:26.250
ERROR:root:[ERROR]: Failed to transcribe audio chunk: VadOptions.__init__() got an unexpected keyword argument 'onset'
INFO:faster_whisper:Processing audio with duration 00:26.300
ERROR:root:[ERROR]: Failed to transcribe audio chunk: VadOptions.__init__() got an unexpected keyword argument 'onset'
INFO:faster_whisper:Processing audio with duration 00:26.300
ERROR:root:[ERROR]: Failed to transcribe audio chunk: VadOptions.__init__() got an unexpected keyword argument 'onset'
INFO:faster_whisper:Processing audio with duration 00:26.300
ERROR:root:[ERROR]: Failed to transcribe audio chunk: VadOptions.__init__() got an unexpected keyword argument 'onset'
INFO:faster_whisper:Processing audio with duration 00:26.300
ERROR:root:[ERROR]: Failed to transcribe audio chunk: VadOptions.__init__() got an unexpected keyword argument 'onset'
INFO:faster_whisper:Processing audio with duration 00:26.300
ERROR:root:[ERROR]: Failed to transcribe audio chunk: VadOptions.__init__() got an unexpected keyword argument 'onset'
INFO:faster_whisper:Processing audio with duration 00:26.350
ERROR:root:[ERROR]: Failed to transcribe audio chunk: VadOptions.__init__() got an unexpected keyword argument 'onset'
INFO:faster_whisper:Processing audio with duration 00:26.350
ERROR:root:[ERROR]: Failed to transcribe audio chunk: VadOptions.__init__() got an unexpected keyword argument 'onset'
INFO:faster_whisper:Processing audio with duration 00:26.350
ERROR:root:[ERROR]: Failed to transcribe audio chunk: VadOptions.__init__() got an unexpected keyword argument 'onset'
INFO:faster_whisper:Processing audio with duration 00:26.350
ERROR:root:[ERROR]: Failed to transcribe audio chunk: VadOptions.__init__() got an unexpected keyword argument 'onset'
INFO:faster_whisper:Processing audio with duration 00:26.350
ERROR:root:[ERROR]: Failed to transcribe audio chunk: VadOptions.__init__() got an unexpected keyword argument 'onset'
INFO:faster_whisper:Processing audio with duration 00:26.400
ERROR:root:[ERROR]: Failed to transcribe audio chunk: VadOptions.__init__() got an unexpected keyword argument 'onset'
INFO:faster_whisper:Processing audio with duration 00:26.400
ERROR:root:[ERROR]: Failed to transcribe audio chunk: VadOptions.__init__() got an unexpected keyword argument 'onset'
INFO:faster_whisper:Processing audio with duration 00:26.400
ERROR:root:[ERROR]: Failed to transcribe audio chunk: VadOptions.__init__() got an unexpected keyword argument 'onset'
INFO:faster_whisper:Processing audio with duration 00:26.400
ERROR:root:[ERROR]: Failed to transcribe audio chunk: VadOptions.__init__() got an unexpected keyword argument 'onset'
INFO:faster_whisper:Processing audio with duration 00:26.450
ERROR:root:[ERROR]: Failed to transcribe audio chunk: VadOptions.__init__() got an unexpected keyword argument 'onset'
INFO:faster_whisper:Processing audio with duration 00:26.450
ERROR:root:[ERROR]: Failed to transcribe audio chunk: VadOptions.__init__() got an unexpected keyword argument 'onset'
INFO:faster_whisper:Processing audio with duration 00:26.450
ERROR:root:[ERROR]: Failed to transcribe audio chunk: VadOptions.__init__() got an unexpected keyword argument 'onset'
INFO:faster_whisper:Processing audio with duration 00:26.450
ERROR:root:[ERROR]: Failed to transcribe audio chunk: VadOptions.__init__() got an unexpected keyword argument 'onset'
INFO:faster_whisper:Processing audio with duration 00:26.450
ERROR:root:[ERROR]: Failed to transcribe audio chunk: VadOptions.__init__() got an unexpected keyword argument 'onset'
INFO:faster_whisper:Processing audio with duration 00:26.500
ERROR:root:[ERROR]: Failed to transcribe audio chunk: VadOptions.__init__() got an unexpected keyword argument 'onset'
INFO:faster_whisper:Processing audio with duration 00:26.500
ERROR:root:[ERROR]: Failed to transcribe audio chunk: VadOptions.__init__() got an unexpected keyword argument 'onset'
INFO:faster_whisper:Processing audio with duration 00:26.500
ERROR:root:[ERROR]: Failed to transcribe audio chunk: VadOptions.__init__() got an unexpected keyword argument 'onset'
INFO:faster_whisper:Processing audio with duration 00:26.500
ERROR:root:[ERROR]: Failed to transcribe audio chunk: VadOptions.__init__() got an unexpected keyword argument 'onset'
INFO:faster_whisper:Processing audio with duration 00:26.500
ERROR:root:[ERROR]: Failed to transcribe audio chunk: VadOptions.__init__() got an unexpected keyword argument 'onset'
INFO:faster_whisper:Processing audio with duration 00:26.550
ERROR:root:[ERROR]: Failed to transcribe audio chunk: VadOptions.__init__() got an unexpected keyword argument 'onset'
INFO:faster_whisper:Processing audio with duration 00:26.550
ERROR:root:[ERROR]: Failed to transcribe audio chunk: VadOptions.__init__() got an unexpected keyword argument 'onset'
INFO:faster_whisper:Processing audio with duration 00:26.550
ERROR:root:[ERROR]: Failed to transcribe audio chunk: VadOptions.__init__() got an unexpected keyword argument 'onset'
INFO:faster_whisper:Processing audio with duration 00:26.550
ERROR:root:[ERROR]: Failed to transcribe audio chunk: VadOptions.__init__() got an unexpected keyword argument 'onset'
INFO:faster_whisper:Processing audio with duration 00:26.600
ERROR:root:[ERROR]: Failed to transcribe audio chunk: VadOptions.__init__() got an unexpected keyword argument 'onset'
INFO:faster_whisper:Processing audio with duration 00:26.600
ERROR:root:[ERROR]: Failed to transcribe audio chunk: VadOptions.__init__() got an unexpected keyword argument 'onset'
INFO:faster_whisper:Processing audio with duration 00:26.600
ERROR:root:[ERROR]: Failed to transcribe audio chunk: VadOptions.__init__() got an unexpected keyword argument 'onset'
INFO:faster_whisper:Processing audio with duration 00:26.600
ERROR:root:[ERROR]: Failed to transcribe audio chunk: VadOptions.__init__() got an unexpected keyword argument 'onset'
INFO:faster_whisper:Processing audio with duration 00:26.600
ERROR:root:[ERROR]: Failed to transcribe audio chunk: VadOptions.__init__() got an unexpected keyword argument 'onset'
INFO:faster_whisper:Processing audio with duration 00:26.650
ERROR:root:[ERROR]: Failed to transcribe audio chunk: VadOptions.__init__() got an unexpected keyword argument 'onset'
INFO:faster_whisper:Processing audio with duration 00:26.650
ERROR:root:[ERROR]: Failed to transcribe audio chunk: VadOptions.__init__() got an unexpected keyword argument 'onset'
INFO:faster_whisper:Processing audio with duration 00:26.650
ERROR:root:[ERROR]: Failed to transcribe audio chunk: VadOptions.__init__() got an unexpected keyword argument 'onset'
INFO:faster_whisper:Processing audio with duration 00:26.650
ERROR:root:[ERROR]: Failed to transcribe audio chunk: VadOptions.__init__() got an unexpected keyword argument 'onset'
INFO:faster_whisper:Processing audio with duration 00:26.650
ERROR:root:[ERROR]: Failed to transcribe audio chunk: VadOptions.__init__() got an unexpected keyword argument 'onset'
INFO:faster_whisper:Processing audio with duration 00:26.700
ERROR:root:[ERROR]: Failed to transcribe audio chunk: VadOptions.__init__() got an unexpected keyword argument 'onset'
INFO:faster_whisper:Processing audio with duration 00:26.700
ERROR:root:[ERROR]: Failed to transcribe audio chunk: VadOptions.__init__() got an unexpected keyword argument 'onset'
INFO:faster_whisper:Processing audio with duration 00:26.700
ERROR:root:[ERROR]: Failed to transcribe audio chunk: VadOptions.__init__() got an unexpected keyword argument 'onset'
INFO:faster_whisper:Processing audio with duration 00:26.700
ERROR:root:[ERROR]: Failed to transcribe audio chunk: VadOptions.__init__() got an unexpected keyword argument 'onset'
INFO:faster_whisper:Processing audio with duration 00:26.700
ERROR:root:[ERROR]: Failed to transcribe audio chunk: VadOptions.__init__() got an unexpected keyword argument 'onset'
INFO:faster_whisper:Processing audio with duration 00:26.750
ERROR:root:[ERROR]: Failed to transcribe audio chunk: VadOptions.__init__() got an unexpected keyword argument 'onset'
INFO:faster_whisper:Processing audio with duration 00:26.750
ERROR:root:[ERROR]: Failed to transcribe audio chunk: VadOptions.__init__() got an unexpected keyword argument 'onset'
INFO:faster_whisper:Processing audio with duration 00:26.750
ERROR:root:[ERROR]: Failed to transcribe audio chunk: VadOptions.__init__() got an unexpected keyword argument 'onset'
INFO:faster_whisper:Processing audio with duration 00:26.750
ERROR:root:[ERROR]: Failed to transcribe audio chunk: VadOptions.__init__() got an unexpected keyword argument 'onset'
INFO:faster_whisper:Processing audio with duration 00:26.800
ERROR:root:[ERROR]: Failed to transcribe audio chunk: VadOptions.__init__() got an unexpected keyword argument 'onset'
INFO:faster_whisper:Processing audio with duration 00:26.800
ERROR:root:[ERROR]: Failed to transcribe audio chunk: VadOptions.__init__() got an unexpected keyword argument 'onset'
INFO:faster_whisper:Processing audio with duration 00:26.800
ERROR:root:[ERROR]: Failed to transcribe audio chunk: VadOptions.__init__() got an unexpected keyword argument 'onset'
INFO:faster_whisper:Processing audio with duration 00:26.800
ERROR:root:[ERROR]: Failed to transcribe audio chunk: VadOptions.__init__() got an unexpected keyword argument 'onset'
INFO:faster_whisper:Processing audio with duration 00:26.800
ERROR:root:[ERROR]: Failed to transcribe audio chunk: VadOptions.__init__() got an unexpected keyword argument 'onset'
INFO:faster_whisper:Processing audio with duration 00:26.850
ERROR:root:[ERROR]: Failed to transcribe audio chunk: VadOptions.__init__() got an unexpected keyword argument 'onset'
INFO:faster_whisper:Processing audio with duration 00:26.850
ERROR:root:[ERROR]: Failed to transcribe audio chunk: VadOptions.__init__() got an unexpected keyword argument 'onset'
INFO:faster_whisper:Processing audio with duration 00:26.850
ERROR:root:[ERROR]: Failed to transcribe audio chunk: VadOptions.__init__() got an unexpected keyword argument 'onset'
INFO:faster_whisper:Processing audio with duration 00:26.850
ERROR:root:[ERROR]: Failed to transcribe audio chunk: VadOptions.__init__() got an unexpected keyword argument 'onset'
INFO:faster_whisper:Processing audio with duration 00:26.900
ERROR:root:[ERROR]: Failed to transcribe audio chunk: VadOptions.__init__() got an unexpected keyword argument 'onset'
INFO:faster_whisper:Processing audio with duration 00:26.900
ERROR:root:[ERROR]: Failed to transcribe audio chunk: VadOptions.__init__() got an unexpected keyword argument 'onset'
INFO:faster_whisper:Processing audio with duration 00:26.900
ERROR:root:[ERROR]: Failed to transcribe audio chunk: VadOptions.__init__() got an unexpected keyword argument 'onset'
INFO:faster_whisper:Processing audio with duration 00:26.900
ERROR:root:[ERROR]: Failed to transcribe audio chunk: VadOptions.__init__() got an unexpected keyword argument 'onset'
INFO:faster_whisper:Processing audio with duration 00:26.900
ERROR:root:[ERROR]: Failed to transcribe audio chunk: VadOptions.__init__() got an unexpected keyword argument 'onset'
INFO:faster_whisper:Processing audio with duration 00:26.950
ERROR:root:[ERROR]: Failed to transcribe audio chunk: VadOptions.__init__() got an unexpected keyword argument 'onset'
INFO:faster_whisper:Processing audio with duration 00:26.950
ERROR:root:[ERROR]: Failed to transcribe audio chunk: VadOptions.__init__() got an unexpected keyword argument 'onset'
INFO:faster_whisper:Processing audio with duration 00:26.950
ERROR:root:[ERROR]: Failed to transcribe audio chunk: VadOptions.__init__() got an unexpected keyword argument 'onset'
INFO:faster_whisper:Processing audio with duration 00:27.000
ERROR:root:[ERROR]: Failed to transcribe audio chunk: VadOptions.__init__() got an unexpected keyword argument 'onset'
INFO:faster_whisper:Processing audio with duration 00:27.000
ERROR:root:[ERROR]: Failed to transcribe audio chunk: VadOptions.__init__() got an unexpected keyword argument 'onset'
INFO:faster_whisper:Processing audio with duration 00:27.000
ERROR:root:[ERROR]: Failed to transcribe audio chunk: VadOptions.__init__() got an unexpected keyword argument 'onset'
INFO:faster_whisper:Processing audio with duration 00:27.000
ERROR:root:[ERROR]: Failed to transcribe audio chunk: VadOptions.__init__() got an unexpected keyword argument 'onset'
INFO:faster_whisper:Processing audio with duration 00:27.000
ERROR:root:[ERROR]: Failed to transcribe audio chunk: VadOptions.__init__() got an unexpected keyword argument 'onset'
INFO:faster_whisper:Processing audio with duration 00:27.050
ERROR:root:[ERROR]: Failed to transcribe audio chunk: VadOptions.__init__() got an unexpected keyword argument 'onset'
INFO:faster_whisper:Processing audio with duration 00:27.050
ERROR:root:[ERROR]: Failed to transcribe audio chunk: VadOptions.__init__() got an unexpected keyword argument 'onset'
INFO:faster_whisper:Processing audio with duration 00:27.050
ERROR:root:[ERROR]: Failed to transcribe audio chunk: VadOptions.__init__() got an unexpected keyword argument 'onset'
INFO:faster_whisper:Processing audio with duration 00:27.050
ERROR:root:[ERROR]: Failed to transcribe audio chunk: VadOptions.__init__() got an unexpected keyword argument 'onset'
INFO:faster_whisper:Processing audio with duration 00:27.100
ERROR:root:[ERROR]: Failed to transcribe audio chunk: VadOptions.__init__() got an unexpected keyword argument 'onset'
INFO:faster_whisper:Processing audio with duration 00:27.100
ERROR:root:[ERROR]: Failed to transcribe audio chunk: VadOptions.__init__() got an unexpected keyword argument 'onset'
INFO:faster_whisper:Processing audio with duration 00:27.100
ERROR:root:[ERROR]: Failed to transcribe audio chunk: VadOptions.__init__() got an unexpected keyword argument 'onset'
INFO:faster_whisper:Processing audio with duration 00:27.100
ERROR:root:[ERROR]: Failed to transcribe audio chunk: VadOptions.__init__() got an unexpected keyword argument 'onset'
INFO:faster_whisper:Processing audio with duration 00:27.100
ERROR:root:[ERROR]: Failed to transcribe audio chunk: VadOptions.__init__() got an unexpected keyword argument 'onset'
INFO:faster_whisper:Processing audio with duration 00:27.150
ERROR:root:[ERROR]: Failed to transcribe audio chunk: VadOptions.__init__() got an unexpected keyword argument 'onset'
INFO:faster_whisper:Processing audio with duration 00:27.150
ERROR:root:[ERROR]: Failed to transcribe audio chunk: VadOptions.__init__() got an unexpected keyword argument 'onset'
INFO:faster_whisper:Processing audio with duration 00:27.150
ERROR:root:[ERROR]: Failed to transcribe audio chunk: VadOptions.__init__() got an unexpected keyword argument 'onset'
INFO:faster_whisper:Processing audio with duration 00:27.150
ERROR:root:[ERROR]: Failed to transcribe audio chunk: VadOptions.__init__() got an unexpected keyword argument 'onset'
INFO:faster_whisper:Processing audio with duration 00:27.150
ERROR:root:[ERROR]: Failed to transcribe audio chunk: VadOptions.__init__() got an unexpected keyword argument 'onset'
INFO:faster_whisper:Processing audio with duration 00:27.200
ERROR:root:[ERROR]: Failed to transcribe audio chunk: VadOptions.__init__() got an unexpected keyword argument 'onset'
INFO:faster_whisper:Processing audio with duration 00:27.200
ERROR:root:[ERROR]: Failed to transcribe audio chunk: VadOptions.__init__() got an unexpected keyword argument 'onset'
INFO:faster_whisper:Processing audio with duration 00:27.200
ERROR:root:[ERROR]: Failed to transcribe audio chunk: VadOptions.__init__() got an unexpected keyword argument 'onset'
INFO:faster_whisper:Processing audio with duration 00:27.200
ERROR:root:[ERROR]: Failed to transcribe audio chunk: VadOptions.__init__() got an unexpected keyword argument 'onset'
INFO:faster_whisper:Processing audio with duration 00:27.200
ERROR:root:[ERROR]: Failed to transcribe audio chunk: VadOptions.__init__() got an unexpected keyword argument 'onset'
INFO:faster_whisper:Processing audio with duration 00:27.250
ERROR:root:[ERROR]: Failed to transcribe audio chunk: VadOptions.__init__() got an unexpected keyword argument 'onset'
INFO:faster_whisper:Processing audio with duration 00:27.250
ERROR:root:[ERROR]: Failed to transcribe audio chunk: VadOptions.__init__() got an unexpected keyword argument 'onset'
INFO:faster_whisper:Processing audio with duration 00:27.250
ERROR:root:[ERROR]: Failed to transcribe audio chunk: VadOptions.__init__() got an unexpected keyword argument 'onset'
INFO:faster_whisper:Processing audio with duration 00:27.250
ERROR:root:[ERROR]: Failed to transcribe audio chunk: VadOptions.__init__() got an unexpected keyword argument 'onset'
INFO:faster_whisper:Processing audio with duration 00:27.300
ERROR:root:[ERROR]: Failed to transcribe audio chunk: VadOptions.__init__() got an unexpected keyword argument 'onset'
INFO:faster_whisper:Processing audio with duration 00:27.300
ERROR:root:[ERROR]: Failed to transcribe audio chunk: VadOptions.__init__() got an unexpected keyword argument 'onset'
INFO:faster_whisper:Processing audio with duration 00:27.300
ERROR:root:[ERROR]: Failed to transcribe audio chunk: VadOptions.__init__() got an unexpected keyword argument 'onset'
INFO:faster_whisper:Processing audio with duration 00:27.300
ERROR:root:[ERROR]: Failed to transcribe audio chunk: VadOptions.__init__() got an unexpected keyword argument 'onset'
INFO:faster_whisper:Processing audio with duration 00:27.350
ERROR:root:[ERROR]: Failed to transcribe audio chunk: VadOptions.__init__() got an unexpected keyword argument 'onset'
INFO:faster_whisper:Processing audio with duration 00:27.350
ERROR:root:[ERROR]: Failed to transcribe audio chunk: VadOptions.__init__() got an unexpected keyword argument 'onset'
INFO:faster_whisper:Processing audio with duration 00:27.350
ERROR:root:[ERROR]: Failed to transcribe audio chunk: VadOptions.__init__() got an unexpected keyword argument 'onset'
INFO:faster_whisper:Processing audio with duration 00:27.350
ERROR:root:[ERROR]: Failed to transcribe audio chunk: VadOptions.__init__() got an unexpected keyword argument 'onset'
INFO:faster_whisper:Processing audio with duration 00:27.350
ERROR:root:[ERROR]: Failed to transcribe audio chunk: VadOptions.__init__() got an unexpected keyword argument 'onset'
INFO:faster_whisper:Processing audio with duration 00:27.400
ERROR:root:[ERROR]: Failed to transcribe audio chunk: VadOptions.__init__() got an unexpected keyword argument 'onset'
INFO:faster_whisper:Processing audio with duration 00:27.400
ERROR:root:[ERROR]: Failed to transcribe audio chunk: VadOptions.__init__() got an unexpected keyword argument 'onset'
INFO:faster_whisper:Processing audio with duration 00:27.400
ERROR:root:[ERROR]: Failed to transcribe audio chunk: VadOptions.__init__() got an unexpected keyword argument 'onset'
INFO:faster_whisper:Processing audio with duration 00:27.400
ERROR:root:[ERROR]: Failed to transcribe audio chunk: VadOptions.__init__() got an unexpected keyword argument 'onset'
INFO:faster_whisper:Processing audio with duration 00:27.400
ERROR:root:[ERROR]: Failed to transcribe audio chunk: VadOptions.__init__() got an unexpected keyword argument 'onset'
INFO:faster_whisper:Processing audio with duration 00:27.450
ERROR:root:[ERROR]: Failed to transcribe audio chunk: VadOptions.__init__() got an unexpected keyword argument 'onset'
INFO:faster_whisper:Processing audio with duration 00:27.450
ERROR:root:[ERROR]: Failed to transcribe audio chunk: VadOptions.__init__() got an unexpected keyword argument 'onset'
INFO:faster_whisper:Processing audio with duration 00:27.450
ERROR:root:[ERROR]: Failed to transcribe audio chunk: VadOptions.__init__() got an unexpected keyword argument 'onset'
INFO:faster_whisper:Processing audio with duration 00:27.450
ERROR:root:[ERROR]: Failed to transcribe audio chunk: VadOptions.__init__() got an unexpected keyword argument 'onset'
INFO:faster_whisper:Processing audio with duration 00:27.450
ERROR:root:[ERROR]: Failed to transcribe audio chunk: VadOptions.__init__() got an unexpected keyword argument 'onset'
INFO:faster_whisper:Processing audio with duration 00:27.500
ERROR:root:[ERROR]: Failed to transcribe audio chunk: VadOptions.__init__() got an unexpected keyword argument 'onset'
INFO:faster_whisper:Processing audio with duration 00:27.500
ERROR:root:[ERROR]: Failed to transcribe audio chunk: VadOptions.__init__() got an unexpected keyword argument 'onset'
INFO:faster_whisper:Processing audio with duration 00:27.500
ERROR:root:[ERROR]: Failed to transcribe audio chunk: VadOptions.__init__() got an unexpected keyword argument 'onset'
INFO:faster_whisper:Processing audio with duration 00:27.500
ERROR:root:[ERROR]: Failed to transcribe audio chunk: VadOptions.__init__() got an unexpected keyword argument 'onset'
INFO:faster_whisper:Processing audio with duration 00:27.550
ERROR:root:[ERROR]: Failed to transcribe audio chunk: VadOptions.__init__() got an unexpected keyword argument 'onset'
INFO:faster_whisper:Processing audio with duration 00:27.550
ERROR:root:[ERROR]: Failed to transcribe audio chunk: VadOptions.__init__() got an unexpected keyword argument 'onset'
INFO:faster_whisper:Processing audio with duration 00:27.550
ERROR:root:[ERROR]: Failed to transcribe audio chunk: VadOptions.__init__() got an unexpected keyword argument 'onset'
INFO:faster_whisper:Processing audio with duration 00:27.550
ERROR:root:[ERROR]: Failed to transcribe audio chunk: VadOptions.__init__() got an unexpected keyword argument 'onset'
INFO:faster_whisper:Processing audio with duration 00:27.550
ERROR:root:[ERROR]: Failed to transcribe audio chunk: VadOptions.__init__() got an unexpected keyword argument 'onset'
INFO:faster_whisper:Processing audio with duration 00:27.600
ERROR:root:[ERROR]: Failed to transcribe audio chunk: VadOptions.__init__() got an unexpected keyword argument 'onset'
INFO:faster_whisper:Processing audio with duration 00:27.600
ERROR:root:[ERROR]: Failed to transcribe audio chunk: VadOptions.__init__() got an unexpected keyword argument 'onset'
INFO:faster_whisper:Processing audio with duration 00:27.600
ERROR:root:[ERROR]: Failed to transcribe audio chunk: VadOptions.__init__() got an unexpected keyword argument 'onset'
INFO:faster_whisper:Processing audio with duration 00:27.600
ERROR:root:[ERROR]: Failed to transcribe audio chunk: VadOptions.__init__() got an unexpected keyword argument 'onset'
INFO:faster_whisper:Processing audio with duration 00:27.600
ERROR:root:[ERROR]: Failed to transcribe audio chunk: VadOptions.__init__() got an unexpected keyword argument 'onset'
INFO:faster_whisper:Processing audio with duration 00:27.650
ERROR:root:[ERROR]: Failed to transcribe audio chunk: VadOptions.__init__() got an unexpected keyword argument 'onset'
INFO:faster_whisper:Processing audio with duration 00:27.650
ERROR:root:[ERROR]: Failed to transcribe audio chunk: VadOptions.__init__() got an unexpected keyword argument 'onset'
INFO:faster_whisper:Processing audio with duration 00:27.650
ERROR:root:[ERROR]: Failed to transcribe audio chunk: VadOptions.__init__() got an unexpected keyword argument 'onset'
INFO:faster_whisper:Processing audio with duration 00:27.650
ERROR:root:[ERROR]: Failed to transcribe audio chunk: VadOptions.__init__() got an unexpected keyword argument 'onset'
INFO:faster_whisper:Processing audio with duration 00:27.700
ERROR:root:[ERROR]: Failed to transcribe audio chunk: VadOptions.__init__() got an unexpected keyword argument 'onset'
INFO:faster_whisper:Processing audio with duration 00:27.700
ERROR:root:[ERROR]: Failed to transcribe audio chunk: VadOptions.__init__() got an unexpected keyword argument 'onset'
INFO:faster_whisper:Processing audio with duration 00:27.700
ERROR:root:[ERROR]: Failed to transcribe audio chunk: VadOptions.__init__() got an unexpected keyword argument 'onset'
INFO:faster_whisper:Processing audio with duration 00:27.700
ERROR:root:[ERROR]: Failed to transcribe audio chunk: VadOptions.__init__() got an unexpected keyword argument 'onset'
INFO:faster_whisper:Processing audio with duration 00:27.700
ERROR:root:[ERROR]: Failed to transcribe audio chunk: VadOptions.__init__() got an unexpected keyword argument 'onset'
INFO:faster_whisper:Processing audio with duration 00:27.750
ERROR:root:[ERROR]: Failed to transcribe audio chunk: VadOptions.__init__() got an unexpected keyword argument 'onset'
INFO:faster_whisper:Processing audio with duration 00:27.750
ERROR:root:[ERROR]: Failed to transcribe audio chunk: VadOptions.__init__() got an unexpected keyword argument 'onset'
INFO:faster_whisper:Processing audio with duration 00:27.750
ERROR:root:[ERROR]: Failed to transcribe audio chunk: VadOptions.__init__() got an unexpected keyword argument 'onset'
INFO:faster_whisper:Processing audio with duration 00:27.750
ERROR:root:[ERROR]: Failed to transcribe audio chunk: VadOptions.__init__() got an unexpected keyword argument 'onset'
INFO:faster_whisper:Processing audio with duration 00:27.750
ERROR:root:[ERROR]: Failed to transcribe audio chunk: VadOptions.__init__() got an unexpected keyword argument 'onset'
INFO:faster_whisper:Processing audio with duration 00:27.800
ERROR:root:[ERROR]: Failed to transcribe audio chunk: VadOptions.__init__() got an unexpected keyword argument 'onset'
INFO:faster_whisper:Processing audio with duration 00:27.800
ERROR:root:[ERROR]: Failed to transcribe audio chunk: VadOptions.__init__() got an unexpected keyword argument 'onset'
INFO:faster_whisper:Processing audio with duration 00:27.800
ERROR:root:[ERROR]: Failed to transcribe audio chunk: VadOptions.__init__() got an unexpected keyword argument 'onset'
INFO:faster_whisper:Processing audio with duration 00:27.800
ERROR:root:[ERROR]: Failed to transcribe audio chunk: VadOptions.__init__() got an unexpected keyword argument 'onset'
INFO:faster_whisper:Processing audio with duration 00:27.850
ERROR:root:[ERROR]: Failed to transcribe audio chunk: VadOptions.__init__() got an unexpected keyword argument 'onset'
INFO:faster_whisper:Processing audio with duration 00:27.850
ERROR:root:[ERROR]: Failed to transcribe audio chunk: VadOptions.__init__() got an unexpected keyword argument 'onset'
INFO:faster_whisper:Processing audio with duration 00:27.850
ERROR:root:[ERROR]: Failed to transcribe audio chunk: VadOptions.__init__() got an unexpected keyword argument 'onset'
INFO:faster_whisper:Processing audio with duration 00:27.850
ERROR:root:[ERROR]: Failed to transcribe audio chunk: VadOptions.__init__() got an unexpected keyword argument 'onset'
INFO:faster_whisper:Processing audio with duration 00:27.850
ERROR:root:[ERROR]: Failed to transcribe audio chunk: VadOptions.__init__() got an unexpected keyword argument 'onset'
INFO:faster_whisper:Processing audio with duration 00:27.900
ERROR:root:[ERROR]: Failed to transcribe audio chunk: VadOptions.__init__() got an unexpected keyword argument 'onset'
INFO:faster_whisper:Processing audio with duration 00:27.900
ERROR:root:[ERROR]: Failed to transcribe audio chunk: VadOptions.__init__() got an unexpected keyword argument 'onset'
INFO:faster_whisper:Processing audio with duration 00:27.900
ERROR:root:[ERROR]: Failed to transcribe audio chunk: VadOptions.__init__() got an unexpected keyword argument 'onset'
INFO:faster_whisper:Processing audio with duration 00:27.900
ERROR:root:[ERROR]: Failed to transcribe audio chunk: VadOptions.__init__() got an unexpected keyword argument 'onset'
INFO:faster_whisper:Processing audio with duration 00:27.950
ERROR:root:[ERROR]: Failed to transcribe audio chunk: VadOptions.__init__() got an unexpected keyword argument 'onset'
INFO:faster_whisper:Processing audio with duration 00:27.950
ERROR:root:[ERROR]: Failed to transcribe audio chunk: VadOptions.__init__() got an unexpected keyword argument 'onset'
INFO:faster_whisper:Processing audio with duration 00:27.950
ERROR:root:[ERROR]: Failed to transcribe audio chunk: VadOptions.__init__() got an unexpected keyword argument 'onset'
INFO:faster_whisper:Processing audio with duration 00:27.950
ERROR:root:[ERROR]: Failed to transcribe audio chunk: VadOptions.__init__() got an unexpected keyword argument 'onset'
INFO:faster_whisper:Processing audio with duration 00:27.950
ERROR:root:[ERROR]: Failed to transcribe audio chunk: VadOptions.__init__() got an unexpected keyword argument 'onset'
INFO:faster_whisper:Processing audio with duration 00:28.000
ERROR:root:[ERROR]: Failed to transcribe audio chunk: VadOptions.__init__() got an unexpected keyword argument 'onset'
INFO:faster_whisper:Processing audio with duration 00:28.000
ERROR:root:[ERROR]: Failed to transcribe audio chunk: VadOptions.__init__() got an unexpected keyword argument 'onset'
INFO:faster_whisper:Processing audio with duration 00:28.000
ERROR:root:[ERROR]: Failed to transcribe audio chunk: VadOptions.__init__() got an unexpected keyword argument 'onset'
INFO:faster_whisper:Processing audio with duration 00:28.000
ERROR:root:[ERROR]: Failed to transcribe audio chunk: VadOptions.__init__() got an unexpected keyword argument 'onset'
INFO:faster_whisper:Processing audio with duration 00:28.000
ERROR:root:[ERROR]: Failed to transcribe audio chunk: VadOptions.__init__() got an unexpected keyword argument 'onset'
INFO:faster_whisper:Processing audio with duration 00:28.050
ERROR:root:[ERROR]: Failed to transcribe audio chunk: VadOptions.__init__() got an unexpected keyword argument 'onset'
INFO:faster_whisper:Processing audio with duration 00:28.050
ERROR:root:[ERROR]: Failed to transcribe audio chunk: VadOptions.__init__() got an unexpected keyword argument 'onset'
INFO:faster_whisper:Processing audio with duration 00:28.050
ERROR:root:[ERROR]: Failed to transcribe audio chunk: VadOptions.__init__() got an unexpected keyword argument 'onset'
INFO:faster_whisper:Processing audio with duration 00:28.050
ERROR:root:[ERROR]: Failed to transcribe audio chunk: VadOptions.__init__() got an unexpected keyword argument 'onset'
INFO:faster_whisper:Processing audio with duration 00:28.100
ERROR:root:[ERROR]: Failed to transcribe audio chunk: VadOptions.__init__() got an unexpected keyword argument 'onset'
INFO:faster_whisper:Processing audio with duration 00:28.100
ERROR:root:[ERROR]: Failed to transcribe audio chunk: VadOptions.__init__() got an unexpected keyword argument 'onset'
INFO:faster_whisper:Processing audio with duration 00:28.100
ERROR:root:[ERROR]: Failed to transcribe audio chunk: VadOptions.__init__() got an unexpected keyword argument 'onset'
INFO:faster_whisper:Processing audio with duration 00:28.100
ERROR:root:[ERROR]: Failed to transcribe audio chunk: VadOptions.__init__() got an unexpected keyword argument 'onset'
INFO:faster_whisper:Processing audio with duration 00:28.100
ERROR:root:[ERROR]: Failed to transcribe audio chunk: VadOptions.__init__() got an unexpected keyword argument 'onset'
INFO:faster_whisper:Processing audio with duration 00:28.150
ERROR:root:[ERROR]: Failed to transcribe audio chunk: VadOptions.__init__() got an unexpected keyword argument 'onset'
INFO:faster_whisper:Processing audio with duration 00:28.150
ERROR:root:[ERROR]: Failed to transcribe audio chunk: VadOptions.__init__() got an unexpected keyword argument 'onset'
INFO:faster_whisper:Processing audio with duration 00:28.150
ERROR:root:[ERROR]: Failed to transcribe audio chunk: VadOptions.__init__() got an unexpected keyword argument 'onset'
INFO:faster_whisper:Processing audio with duration 00:28.150
ERROR:root:[ERROR]: Failed to transcribe audio chunk: VadOptions.__init__() got an unexpected keyword argument 'onset'
INFO:faster_whisper:Processing audio with duration 00:28.150
ERROR:root:[ERROR]: Failed to transcribe audio chunk: VadOptions.__init__() got an unexpected keyword argument 'onset'
INFO:faster_whisper:Processing audio with duration 00:28.200
ERROR:root:[ERROR]: Failed to transcribe audio chunk: VadOptions.__init__() got an unexpected keyword argument 'onset'
INFO:faster_whisper:Processing audio with duration 00:28.200
ERROR:root:[ERROR]: Failed to transcribe audio chunk: VadOptions.__init__() got an unexpected keyword argument 'onset'
INFO:faster_whisper:Processing audio with duration 00:28.200
ERROR:root:[ERROR]: Failed to transcribe audio chunk: VadOptions.__init__() got an unexpected keyword argument 'onset'
INFO:faster_whisper:Processing audio with duration 00:28.200
ERROR:root:[ERROR]: Failed to transcribe audio chunk: VadOptions.__init__() got an unexpected keyword argument 'onset'
INFO:faster_whisper:Processing audio with duration 00:28.250
ERROR:root:[ERROR]: Failed to transcribe audio chunk: VadOptions.__init__() got an unexpected keyword argument 'onset'
INFO:faster_whisper:Processing audio with duration 00:28.250
ERROR:root:[ERROR]: Failed to transcribe audio chunk: VadOptions.__init__() got an unexpected keyword argument 'onset'
INFO:faster_whisper:Processing audio with duration 00:28.250
ERROR:root:[ERROR]: Failed to transcribe audio chunk: VadOptions.__init__() got an unexpected keyword argument 'onset'
INFO:faster_whisper:Processing audio with duration 00:28.250
ERROR:root:[ERROR]: Failed to transcribe audio chunk: VadOptions.__init__() got an unexpected keyword argument 'onset'
INFO:faster_whisper:Processing audio with duration 00:28.250
ERROR:root:[ERROR]: Failed to transcribe audio chunk: VadOptions.__init__() got an unexpected keyword argument 'onset'
INFO:faster_whisper:Processing audio with duration 00:28.300
ERROR:root:[ERROR]: Failed to transcribe audio chunk: VadOptions.__init__() got an unexpected keyword argument 'onset'
INFO:faster_whisper:Processing audio with duration 00:28.300
ERROR:root:[ERROR]: Failed to transcribe audio chunk: VadOptions.__init__() got an unexpected keyword argument 'onset'
INFO:faster_whisper:Processing audio with duration 00:28.300
ERROR:root:[ERROR]: Failed to transcribe audio chunk: VadOptions.__init__() got an unexpected keyword argument 'onset'
INFO:faster_whisper:Processing audio with duration 00:28.300
ERROR:root:[ERROR]: Failed to transcribe audio chunk: VadOptions.__init__() got an unexpected keyword argument 'onset'
INFO:faster_whisper:Processing audio with duration 00:28.300
ERROR:root:[ERROR]: Failed to transcribe audio chunk: VadOptions.__init__() got an unexpected keyword argument 'onset'
INFO:faster_whisper:Processing audio with duration 00:28.350
ERROR:root:[ERROR]: Failed to transcribe audio chunk: VadOptions.__init__() got an unexpected keyword argument 'onset'
INFO:faster_whisper:Processing audio with duration 00:28.350
ERROR:root:[ERROR]: Failed to transcribe audio chunk: VadOptions.__init__() got an unexpected keyword argument 'onset'
INFO:faster_whisper:Processing audio with duration 00:28.350
ERROR:root:[ERROR]: Failed to transcribe audio chunk: VadOptions.__init__() got an unexpected keyword argument 'onset'
INFO:faster_whisper:Processing audio with duration 00:28.400
ERROR:root:[ERROR]: Failed to transcribe audio chunk: VadOptions.__init__() got an unexpected keyword argument 'onset'
INFO:faster_whisper:Processing audio with duration 00:28.400
ERROR:root:[ERROR]: Failed to transcribe audio chunk: VadOptions.__init__() got an unexpected keyword argument 'onset'
INFO:faster_whisper:Processing audio with duration 00:28.400
ERROR:root:[ERROR]: Failed to transcribe audio chunk: VadOptions.__init__() got an unexpected keyword argument 'onset'
INFO:faster_whisper:Processing audio with duration 00:28.400
ERROR:root:[ERROR]: Failed to transcribe audio chunk: VadOptions.__init__() got an unexpected keyword argument 'onset'
INFO:faster_whisper:Processing audio with duration 00:28.450
ERROR:root:[ERROR]: Failed to transcribe audio chunk: VadOptions.__init__() got an unexpected keyword argument 'onset'
INFO:faster_whisper:Processing audio with duration 00:28.450
ERROR:root:[ERROR]: Failed to transcribe audio chunk: VadOptions.__init__() got an unexpected keyword argument 'onset'
INFO:faster_whisper:Processing audio with duration 00:28.450
ERROR:root:[ERROR]: Failed to transcribe audio chunk: VadOptions.__init__() got an unexpected keyword argument 'onset'
INFO:faster_whisper:Processing audio with duration 00:28.450
ERROR:root:[ERROR]: Failed to transcribe audio chunk: VadOptions.__init__() got an unexpected keyword argument 'onset'
INFO:faster_whisper:Processing audio with duration 00:28.450
ERROR:root:[ERROR]: Failed to transcribe audio chunk: VadOptions.__init__() got an unexpected keyword argument 'onset'
INFO:faster_whisper:Processing audio with duration 00:28.500
ERROR:root:[ERROR]: Failed to transcribe audio chunk: VadOptions.__init__() got an unexpected keyword argument 'onset'
INFO:faster_whisper:Processing audio with duration 00:28.500
ERROR:root:[ERROR]: Failed to transcribe audio chunk: VadOptions.__init__() got an unexpected keyword argument 'onset'
INFO:faster_whisper:Processing audio with duration 00:28.500
ERROR:root:[ERROR]: Failed to transcribe audio chunk: VadOptions.__init__() got an unexpected keyword argument 'onset'
INFO:faster_whisper:Processing audio with duration 00:28.500
ERROR:root:[ERROR]: Failed to transcribe audio chunk: VadOptions.__init__() got an unexpected keyword argument 'onset'
INFO:faster_whisper:Processing audio with duration 00:28.500
ERROR:root:[ERROR]: Failed to transcribe audio chunk: VadOptions.__init__() got an unexpected keyword argument 'onset'
INFO:faster_whisper:Processing audio with duration 00:28.550
ERROR:root:[ERROR]: Failed to transcribe audio chunk: VadOptions.__init__() got an unexpected keyword argument 'onset'
INFO:faster_whisper:Processing audio with duration 00:28.550
ERROR:root:[ERROR]: Failed to transcribe audio chunk: VadOptions.__init__() got an unexpected keyword argument 'onset'
INFO:faster_whisper:Processing audio with duration 00:28.550
ERROR:root:[ERROR]: Failed to transcribe audio chunk: VadOptions.__init__() got an unexpected keyword argument 'onset'
INFO:faster_whisper:Processing audio with duration 00:28.550
ERROR:root:[ERROR]: Failed to transcribe audio chunk: VadOptions.__init__() got an unexpected keyword argument 'onset'
INFO:faster_whisper:Processing audio with duration 00:28.600
ERROR:root:[ERROR]: Failed to transcribe audio chunk: VadOptions.__init__() got an unexpected keyword argument 'onset'
INFO:faster_whisper:Processing audio with duration 00:28.600
ERROR:root:[ERROR]: Failed to transcribe audio chunk: VadOptions.__init__() got an unexpected keyword argument 'onset'
INFO:faster_whisper:Processing audio with duration 00:28.600
ERROR:root:[ERROR]: Failed to transcribe audio chunk: VadOptions.__init__() got an unexpected keyword argument 'onset'
INFO:faster_whisper:Processing audio with duration 00:28.600
ERROR:root:[ERROR]: Failed to transcribe audio chunk: VadOptions.__init__() got an unexpected keyword argument 'onset'
INFO:faster_whisper:Processing audio with duration 00:28.600
ERROR:root:[ERROR]: Failed to transcribe audio chunk: VadOptions.__init__() got an unexpected keyword argument 'onset'
INFO:faster_whisper:Processing audio with duration 00:28.650
ERROR:root:[ERROR]: Failed to transcribe audio chunk: VadOptions.__init__() got an unexpected keyword argument 'onset'
INFO:faster_whisper:Processing audio with duration 00:28.650
ERROR:root:[ERROR]: Failed to transcribe audio chunk: VadOptions.__init__() got an unexpected keyword argument 'onset'
INFO:faster_whisper:Processing audio with duration 00:28.650
ERROR:root:[ERROR]: Failed to transcribe audio chunk: VadOptions.__init__() got an unexpected keyword argument 'onset'
INFO:faster_whisper:Processing audio with duration 00:28.650
ERROR:root:[ERROR]: Failed to transcribe audio chunk: VadOptions.__init__() got an unexpected keyword argument 'onset'
INFO:faster_whisper:Processing audio with duration 00:28.650
ERROR:root:[ERROR]: Failed to transcribe audio chunk: VadOptions.__init__() got an unexpected keyword argument 'onset'
INFO:faster_whisper:Processing audio with duration 00:28.700
ERROR:root:[ERROR]: Failed to transcribe audio chunk: VadOptions.__init__() got an unexpected keyword argument 'onset'
INFO:faster_whisper:Processing audio with duration 00:28.700
ERROR:root:[ERROR]: Failed to transcribe audio chunk: VadOptions.__init__() got an unexpected keyword argument 'onset'
INFO:faster_whisper:Processing audio with duration 00:28.700
ERROR:root:[ERROR]: Failed to transcribe audio chunk: VadOptions.__init__() got an unexpected keyword argument 'onset'
INFO:faster_whisper:Processing audio with duration 00:28.700
ERROR:root:[ERROR]: Failed to transcribe audio chunk: VadOptions.__init__() got an unexpected keyword argument 'onset'
INFO:faster_whisper:Processing audio with duration 00:28.750
ERROR:root:[ERROR]: Failed to transcribe audio chunk: VadOptions.__init__() got an unexpected keyword argument 'onset'
INFO:faster_whisper:Processing audio with duration 00:28.750
ERROR:root:[ERROR]: Failed to transcribe audio chunk: VadOptions.__init__() got an unexpected keyword argument 'onset'
INFO:faster_whisper:Processing audio with duration 00:28.750
ERROR:root:[ERROR]: Failed to transcribe audio chunk: VadOptions.__init__() got an unexpected keyword argument 'onset'
INFO:faster_whisper:Processing audio with duration 00:28.750
ERROR:root:[ERROR]: Failed to transcribe audio chunk: VadOptions.__init__() got an unexpected keyword argument 'onset'
INFO:faster_whisper:Processing audio with duration 00:28.750
ERROR:root:[ERROR]: Failed to transcribe audio chunk: VadOptions.__init__() got an unexpected keyword argument 'onset'
INFO:faster_whisper:Processing audio with duration 00:28.800
ERROR:root:[ERROR]: Failed to transcribe audio chunk: VadOptions.__init__() got an unexpected keyword argument 'onset'
INFO:faster_whisper:Processing audio with duration 00:28.800
ERROR:root:[ERROR]: Failed to transcribe audio chunk: VadOptions.__init__() got an unexpected keyword argument 'onset'
INFO:faster_whisper:Processing audio with duration 00:28.800
ERROR:root:[ERROR]: Failed to transcribe audio chunk: VadOptions.__init__() got an unexpected keyword argument 'onset'
INFO:faster_whisper:Processing audio with duration 00:28.800
ERROR:root:[ERROR]: Failed to transcribe audio chunk: VadOptions.__init__() got an unexpected keyword argument 'onset'
INFO:faster_whisper:Processing audio with duration 00:28.800
ERROR:root:[ERROR]: Failed to transcribe audio chunk: VadOptions.__init__() got an unexpected keyword argument 'onset'
INFO:faster_whisper:Processing audio with duration 00:28.850
ERROR:root:[ERROR]: Failed to transcribe audio chunk: VadOptions.__init__() got an unexpected keyword argument 'onset'
INFO:faster_whisper:Processing audio with duration 00:28.850
ERROR:root:[ERROR]: Failed to transcribe audio chunk: VadOptions.__init__() got an unexpected keyword argument 'onset'
INFO:faster_whisper:Processing audio with duration 00:28.850
ERROR:root:[ERROR]: Failed to transcribe audio chunk: VadOptions.__init__() got an unexpected keyword argument 'onset'
INFO:faster_whisper:Processing audio with duration 00:28.850
ERROR:root:[ERROR]: Failed to transcribe audio chunk: VadOptions.__init__() got an unexpected keyword argument 'onset'
INFO:faster_whisper:Processing audio with duration 00:28.900
ERROR:root:[ERROR]: Failed to transcribe audio chunk: VadOptions.__init__() got an unexpected keyword argument 'onset'
INFO:faster_whisper:Processing audio with duration 00:28.900
ERROR:root:[ERROR]: Failed to transcribe audio chunk: VadOptions.__init__() got an unexpected keyword argument 'onset'
INFO:faster_whisper:Processing audio with duration 00:28.900
ERROR:root:[ERROR]: Failed to transcribe audio chunk: VadOptions.__init__() got an unexpected keyword argument 'onset'
INFO:faster_whisper:Processing audio with duration 00:28.900
ERROR:root:[ERROR]: Failed to transcribe audio chunk: VadOptions.__init__() got an unexpected keyword argument 'onset'
INFO:faster_whisper:Processing audio with duration 00:28.900
ERROR:root:[ERROR]: Failed to transcribe audio chunk: VadOptions.__init__() got an unexpected keyword argument 'onset'
INFO:faster_whisper:Processing audio with duration 00:28.950
ERROR:root:[ERROR]: Failed to transcribe audio chunk: VadOptions.__init__() got an unexpected keyword argument 'onset'
INFO:faster_whisper:Processing audio with duration 00:28.950
ERROR:root:[ERROR]: Failed to transcribe audio chunk: VadOptions.__init__() got an unexpected keyword argument 'onset'
INFO:faster_whisper:Processing audio with duration 00:28.950
ERROR:root:[ERROR]: Failed to transcribe audio chunk: VadOptions.__init__() got an unexpected keyword argument 'onset'
INFO:faster_whisper:Processing audio with duration 00:28.950
ERROR:root:[ERROR]: Failed to transcribe audio chunk: VadOptions.__init__() got an unexpected keyword argument 'onset'
INFO:faster_whisper:Processing audio with duration 00:28.950
ERROR:root:[ERROR]: Failed to transcribe audio chunk: VadOptions.__init__() got an unexpected keyword argument 'onset'
INFO:faster_whisper:Processing audio with duration 00:29.000
ERROR:root:[ERROR]: Failed to transcribe audio chunk: VadOptions.__init__() got an unexpected keyword argument 'onset'
INFO:faster_whisper:Processing audio with duration 00:29.000
ERROR:root:[ERROR]: Failed to transcribe audio chunk: VadOptions.__init__() got an unexpected keyword argument 'onset'
INFO:faster_whisper:Processing audio with duration 00:29.000
ERROR:root:[ERROR]: Failed to transcribe audio chunk: VadOptions.__init__() got an unexpected keyword argument 'onset'
INFO:faster_whisper:Processing audio with duration 00:29.000
ERROR:root:[ERROR]: Failed to transcribe audio chunk: VadOptions.__init__() got an unexpected keyword argument 'onset'
INFO:faster_whisper:Processing audio with duration 00:29.000
ERROR:root:[ERROR]: Failed to transcribe audio chunk: VadOptions.__init__() got an unexpected keyword argument 'onset'
INFO:faster_whisper:Processing audio with duration 00:29.050
ERROR:root:[ERROR]: Failed to transcribe audio chunk: VadOptions.__init__() got an unexpected keyword argument 'onset'
INFO:faster_whisper:Processing audio with duration 00:29.050
ERROR:root:[ERROR]: Failed to transcribe audio chunk: VadOptions.__init__() got an unexpected keyword argument 'onset'
INFO:faster_whisper:Processing audio with duration 00:29.050
ERROR:root:[ERROR]: Failed to transcribe audio chunk: VadOptions.__init__() got an unexpected keyword argument 'onset'
INFO:faster_whisper:Processing audio with duration 00:29.050
ERROR:root:[ERROR]: Failed to transcribe audio chunk: VadOptions.__init__() got an unexpected keyword argument 'onset'
INFO:faster_whisper:Processing audio with duration 00:29.100
ERROR:root:[ERROR]: Failed to transcribe audio chunk: VadOptions.__init__() got an unexpected keyword argument 'onset'
INFO:faster_whisper:Processing audio with duration 00:29.100
ERROR:root:[ERROR]: Failed to transcribe audio chunk: VadOptions.__init__() got an unexpected keyword argument 'onset'
INFO:faster_whisper:Processing audio with duration 00:29.100
ERROR:root:[ERROR]: Failed to transcribe audio chunk: VadOptions.__init__() got an unexpected keyword argument 'onset'
INFO:faster_whisper:Processing audio with duration 00:29.100
ERROR:root:[ERROR]: Failed to transcribe audio chunk: VadOptions.__init__() got an unexpected keyword argument 'onset'
INFO:faster_whisper:Processing audio with duration 00:29.100
ERROR:root:[ERROR]: Failed to transcribe audio chunk: VadOptions.__init__() got an unexpected keyword argument 'onset'
INFO:faster_whisper:Processing audio with duration 00:29.150
ERROR:root:[ERROR]: Failed to transcribe audio chunk: VadOptions.__init__() got an unexpected keyword argument 'onset'
INFO:faster_whisper:Processing audio with duration 00:29.150
ERROR:root:[ERROR]: Failed to transcribe audio chunk: VadOptions.__init__() got an unexpected keyword argument 'onset'
INFO:faster_whisper:Processing audio with duration 00:29.150
ERROR:root:[ERROR]: Failed to transcribe audio chunk: VadOptions.__init__() got an unexpected keyword argument 'onset'
INFO:faster_whisper:Processing audio with duration 00:29.150
ERROR:root:[ERROR]: Failed to transcribe audio chunk: VadOptions.__init__() got an unexpected keyword argument 'onset'
INFO:faster_whisper:Processing audio with duration 00:29.150
ERROR:root:[ERROR]: Failed to transcribe audio chunk: VadOptions.__init__() got an unexpected keyword argument 'onset'
INFO:faster_whisper:Processing audio with duration 00:29.200
ERROR:root:[ERROR]: Failed to transcribe audio chunk: VadOptions.__init__() got an unexpected keyword argument 'onset'
INFO:faster_whisper:Processing audio with duration 00:29.200
ERROR:root:[ERROR]: Failed to transcribe audio chunk: VadOptions.__init__() got an unexpected keyword argument 'onset'
INFO:faster_whisper:Processing audio with duration 00:29.200
ERROR:root:[ERROR]: Failed to transcribe audio chunk: VadOptions.__init__() got an unexpected keyword argument 'onset'
INFO:faster_whisper:Processing audio with duration 00:29.200
ERROR:root:[ERROR]: Failed to transcribe audio chunk: VadOptions.__init__() got an unexpected keyword argument 'onset'
INFO:faster_whisper:Processing audio with duration 00:29.250
ERROR:root:[ERROR]: Failed to transcribe audio chunk: VadOptions.__init__() got an unexpected keyword argument 'onset'
INFO:faster_whisper:Processing audio with duration 00:29.250
ERROR:root:[ERROR]: Failed to transcribe audio chunk: VadOptions.__init__() got an unexpected keyword argument 'onset'
INFO:faster_whisper:Processing audio with duration 00:29.250
ERROR:root:[ERROR]: Failed to transcribe audio chunk: VadOptions.__init__() got an unexpected keyword argument 'onset'
INFO:faster_whisper:Processing audio with duration 00:29.250
ERROR:root:[ERROR]: Failed to transcribe audio chunk: VadOptions.__init__() got an unexpected keyword argument 'onset'
INFO:faster_whisper:Processing audio with duration 00:29.250
ERROR:root:[ERROR]: Failed to transcribe audio chunk: VadOptions.__init__() got an unexpected keyword argument 'onset'
INFO:faster_whisper:Processing audio with duration 00:29.300
ERROR:root:[ERROR]: Failed to transcribe audio chunk: VadOptions.__init__() got an unexpected keyword argument 'onset'
INFO:faster_whisper:Processing audio with duration 00:29.300
ERROR:root:[ERROR]: Failed to transcribe audio chunk: VadOptions.__init__() got an unexpected keyword argument 'onset'
INFO:faster_whisper:Processing audio with duration 00:29.300
ERROR:root:[ERROR]: Failed to transcribe audio chunk: VadOptions.__init__() got an unexpected keyword argument 'onset'
INFO:faster_whisper:Processing audio with duration 00:29.300
ERROR:root:[ERROR]: Failed to transcribe audio chunk: VadOptions.__init__() got an unexpected keyword argument 'onset'
INFO:faster_whisper:Processing audio with duration 00:29.300
ERROR:root:[ERROR]: Failed to transcribe audio chunk: VadOptions.__init__() got an unexpected keyword argument 'onset'
INFO:faster_whisper:Processing audio with duration 00:29.350
ERROR:root:[ERROR]: Failed to transcribe audio chunk: VadOptions.__init__() got an unexpected keyword argument 'onset'
INFO:faster_whisper:Processing audio with duration 00:29.350
ERROR:root:[ERROR]: Failed to transcribe audio chunk: VadOptions.__init__() got an unexpected keyword argument 'onset'
INFO:faster_whisper:Processing audio with duration 00:29.350
ERROR:root:[ERROR]: Failed to transcribe audio chunk: VadOptions.__init__() got an unexpected keyword argument 'onset'
INFO:faster_whisper:Processing audio with duration 00:29.350
ERROR:root:[ERROR]: Failed to transcribe audio chunk: VadOptions.__init__() got an unexpected keyword argument 'onset'
INFO:faster_whisper:Processing audio with duration 00:29.400
ERROR:root:[ERROR]: Failed to transcribe audio chunk: VadOptions.__init__() got an unexpected keyword argument 'onset'
INFO:faster_whisper:Processing audio with duration 00:29.400
ERROR:root:[ERROR]: Failed to transcribe audio chunk: VadOptions.__init__() got an unexpected keyword argument 'onset'
INFO:faster_whisper:Processing audio with duration 00:29.400
ERROR:root:[ERROR]: Failed to transcribe audio chunk: VadOptions.__init__() got an unexpected keyword argument 'onset'
INFO:faster_whisper:Processing audio with duration 00:29.400
ERROR:root:[ERROR]: Failed to transcribe audio chunk: VadOptions.__init__() got an unexpected keyword argument 'onset'
INFO:faster_whisper:Processing audio with duration 00:29.400
ERROR:root:[ERROR]: Failed to transcribe audio chunk: VadOptions.__init__() got an unexpected keyword argument 'onset'
INFO:faster_whisper:Processing audio with duration 00:29.450
ERROR:root:[ERROR]: Failed to transcribe audio chunk: VadOptions.__init__() got an unexpected keyword argument 'onset'
INFO:faster_whisper:Processing audio with duration 00:29.450
ERROR:root:[ERROR]: Failed to transcribe audio chunk: VadOptions.__init__() got an unexpected keyword argument 'onset'
INFO:faster_whisper:Processing audio with duration 00:29.450
ERROR:root:[ERROR]: Failed to transcribe audio chunk: VadOptions.__init__() got an unexpected keyword argument 'onset'
INFO:faster_whisper:Processing audio with duration 00:29.450
ERROR:root:[ERROR]: Failed to transcribe audio chunk: VadOptions.__init__() got an unexpected keyword argument 'onset'
INFO:faster_whisper:Processing audio with duration 00:29.450
ERROR:root:[ERROR]: Failed to transcribe audio chunk: VadOptions.__init__() got an unexpected keyword argument 'onset'
INFO:faster_whisper:Processing audio with duration 00:29.500
ERROR:root:[ERROR]: Failed to transcribe audio chunk: VadOptions.__init__() got an unexpected keyword argument 'onset'
INFO:faster_whisper:Processing audio with duration 00:29.500
ERROR:root:[ERROR]: Failed to transcribe audio chunk: VadOptions.__init__() got an unexpected keyword argument 'onset'
INFO:faster_whisper:Processing audio with duration 00:29.500
ERROR:root:[ERROR]: Failed to transcribe audio chunk: VadOptions.__init__() got an unexpected keyword argument 'onset'
INFO:faster_whisper:Processing audio with duration 00:29.500
ERROR:root:[ERROR]: Failed to transcribe audio chunk: VadOptions.__init__() got an unexpected keyword argument 'onset'
INFO:faster_whisper:Processing audio with duration 00:29.550
ERROR:root:[ERROR]: Failed to transcribe audio chunk: VadOptions.__init__() got an unexpected keyword argument 'onset'
INFO:faster_whisper:Processing audio with duration 00:29.550
ERROR:root:[ERROR]: Failed to transcribe audio chunk: VadOptions.__init__() got an unexpected keyword argument 'onset'
INFO:faster_whisper:Processing audio with duration 00:29.550
ERROR:root:[ERROR]: Failed to transcribe audio chunk: VadOptions.__init__() got an unexpected keyword argument 'onset'
INFO:faster_whisper:Processing audio with duration 00:29.550
ERROR:root:[ERROR]: Failed to transcribe audio chunk: VadOptions.__init__() got an unexpected keyword argument 'onset'
INFO:faster_whisper:Processing audio with duration 00:29.550
ERROR:root:[ERROR]: Failed to transcribe audio chunk: VadOptions.__init__() got an unexpected keyword argument 'onset'
INFO:faster_whisper:Processing audio with duration 00:29.600
ERROR:root:[ERROR]: Failed to transcribe audio chunk: VadOptions.__init__() got an unexpected keyword argument 'onset'
INFO:faster_whisper:Processing audio with duration 00:29.600
ERROR:root:[ERROR]: Failed to transcribe audio chunk: VadOptions.__init__() got an unexpected keyword argument 'onset'
INFO:faster_whisper:Processing audio with duration 00:29.600
ERROR:root:[ERROR]: Failed to transcribe audio chunk: VadOptions.__init__() got an unexpected keyword argument 'onset'
INFO:faster_whisper:Processing audio with duration 00:29.600
ERROR:root:[ERROR]: Failed to transcribe audio chunk: VadOptions.__init__() got an unexpected keyword argument 'onset'
INFO:faster_whisper:Processing audio with duration 00:29.600
ERROR:root:[ERROR]: Failed to transcribe audio chunk: VadOptions.__init__() got an unexpected keyword argument 'onset'
INFO:faster_whisper:Processing audio with duration 00:29.650
ERROR:root:[ERROR]: Failed to transcribe audio chunk: VadOptions.__init__() got an unexpected keyword argument 'onset'
INFO:faster_whisper:Processing audio with duration 00:29.650
ERROR:root:[ERROR]: Failed to transcribe audio chunk: VadOptions.__init__() got an unexpected keyword argument 'onset'
INFO:faster_whisper:Processing audio with duration 00:29.650
ERROR:root:[ERROR]: Failed to transcribe audio chunk: VadOptions.__init__() got an unexpected keyword argument 'onset'
INFO:faster_whisper:Processing audio with duration 00:29.650
ERROR:root:[ERROR]: Failed to transcribe audio chunk: VadOptions.__init__() got an unexpected keyword argument 'onset'
INFO:faster_whisper:Processing audio with duration 00:29.700
ERROR:root:[ERROR]: Failed to transcribe audio chunk: VadOptions.__init__() got an unexpected keyword argument 'onset'
INFO:faster_whisper:Processing audio with duration 00:29.700
ERROR:root:[ERROR]: Failed to transcribe audio chunk: VadOptions.__init__() got an unexpected keyword argument 'onset'
INFO:faster_whisper:Processing audio with duration 00:29.700
ERROR:root:[ERROR]: Failed to transcribe audio chunk: VadOptions.__init__() got an unexpected keyword argument 'onset'
INFO:faster_whisper:Processing audio with duration 00:29.700
ERROR:root:[ERROR]: Failed to transcribe audio chunk: VadOptions.__init__() got an unexpected keyword argument 'onset'
INFO:faster_whisper:Processing audio with duration 00:29.700
ERROR:root:[ERROR]: Failed to transcribe audio chunk: VadOptions.__init__() got an unexpected keyword argument 'onset'
INFO:faster_whisper:Processing audio with duration 00:29.750
ERROR:root:[ERROR]: Failed to transcribe audio chunk: VadOptions.__init__() got an unexpected keyword argument 'onset'
INFO:faster_whisper:Processing audio with duration 00:29.750
ERROR:root:[ERROR]: Failed to transcribe audio chunk: VadOptions.__init__() got an unexpected keyword argument 'onset'
INFO:faster_whisper:Processing audio with duration 00:29.750
ERROR:root:[ERROR]: Failed to transcribe audio chunk: VadOptions.__init__() got an unexpected keyword argument 'onset'
INFO:faster_whisper:Processing audio with duration 00:29.750
ERROR:root:[ERROR]: Failed to transcribe audio chunk: VadOptions.__init__() got an unexpected keyword argument 'onset'
INFO:faster_whisper:Processing audio with duration 00:29.750
ERROR:root:[ERROR]: Failed to transcribe audio chunk: VadOptions.__init__() got an unexpected keyword argument 'onset'
INFO:faster_whisper:Processing audio with duration 00:29.800
ERROR:root:[ERROR]: Failed to transcribe audio chunk: VadOptions.__init__() got an unexpected keyword argument 'onset'
INFO:faster_whisper:Processing audio with duration 00:29.800
ERROR:root:[ERROR]: Failed to transcribe audio chunk: VadOptions.__init__() got an unexpected keyword argument 'onset'
INFO:faster_whisper:Processing audio with duration 00:29.800
ERROR:root:[ERROR]: Failed to transcribe audio chunk: VadOptions.__init__() got an unexpected keyword argument 'onset'
INFO:faster_whisper:Processing audio with duration 00:29.800
ERROR:root:[ERROR]: Failed to transcribe audio chunk: VadOptions.__init__() got an unexpected keyword argument 'onset'
INFO:faster_whisper:Processing audio with duration 00:29.850
ERROR:root:[ERROR]: Failed to transcribe audio chunk: VadOptions.__init__() got an unexpected keyword argument 'onset'
INFO:faster_whisper:Processing audio with duration 00:29.850
ERROR:root:[ERROR]: Failed to transcribe audio chunk: VadOptions.__init__() got an unexpected keyword argument 'onset'
INFO:faster_whisper:Processing audio with duration 00:29.850
ERROR:root:[ERROR]: Failed to transcribe audio chunk: VadOptions.__init__() got an unexpected keyword argument 'onset'
INFO:faster_whisper:Processing audio with duration 00:29.850
ERROR:root:[ERROR]: Failed to transcribe audio chunk: VadOptions.__init__() got an unexpected keyword argument 'onset'
INFO:faster_whisper:Processing audio with duration 00:29.850
ERROR:root:[ERROR]: Failed to transcribe audio chunk: VadOptions.__init__() got an unexpected keyword argument 'onset'
INFO:faster_whisper:Processing audio with duration 00:29.900
ERROR:root:[ERROR]: Failed to transcribe audio chunk: VadOptions.__init__() got an unexpected keyword argument 'onset'
INFO:faster_whisper:Processing audio with duration 00:29.900
ERROR:root:[ERROR]: Failed to transcribe audio chunk: VadOptions.__init__() got an unexpected keyword argument 'onset'
INFO:faster_whisper:Processing audio with duration 00:29.900
ERROR:root:[ERROR]: Failed to transcribe audio chunk: VadOptions.__init__() got an unexpected keyword argument 'onset'
INFO:faster_whisper:Processing audio with duration 00:29.900
ERROR:root:[ERROR]: Failed to transcribe audio chunk: VadOptions.__init__() got an unexpected keyword argument 'onset'
INFO:faster_whisper:Processing audio with duration 00:29.900
ERROR:root:[ERROR]: Failed to transcribe audio chunk: VadOptions.__init__() got an unexpected keyword argument 'onset'
INFO:faster_whisper:Processing audio with duration 00:29.950
ERROR:root:[ERROR]: Failed to transcribe audio chunk: VadOptions.__init__() got an unexpected keyword argument 'onset'
INFO:faster_whisper:Processing audio with duration 00:29.950
ERROR:root:[ERROR]: Failed to transcribe audio chunk: VadOptions.__init__() got an unexpected keyword argument 'onset'
INFO:faster_whisper:Processing audio with duration 00:29.950
ERROR:root:[ERROR]: Failed to transcribe audio chunk: VadOptions.__init__() got an unexpected keyword argument 'onset'
INFO:faster_whisper:Processing audio with duration 00:29.950
ERROR:root:[ERROR]: Failed to transcribe audio chunk: VadOptions.__init__() got an unexpected keyword argument 'onset'
INFO:faster_whisper:Processing audio with duration 00:30.000
ERROR:root:[ERROR]: Failed to transcribe audio chunk: VadOptions.__init__() got an unexpected keyword argument 'onset'
INFO:faster_whisper:Processing audio with duration 00:30.000
ERROR:root:[ERROR]: Failed to transcribe audio chunk: VadOptions.__init__() got an unexpected keyword argument 'onset'
INFO:faster_whisper:Processing audio with duration 00:30.000
ERROR:root:[ERROR]: Failed to transcribe audio chunk: VadOptions.__init__() got an unexpected keyword argument 'onset'
INFO:faster_whisper:Processing audio with duration 00:30.000
ERROR:root:[ERROR]: Failed to transcribe audio chunk: VadOptions.__init__() got an unexpected keyword argument 'onset'
INFO:faster_whisper:Processing audio with duration 00:30.000
ERROR:root:[ERROR]: Failed to transcribe audio chunk: VadOptions.__init__() got an unexpected keyword argument 'onset'
INFO:faster_whisper:Processing audio with duration 00:30.050
ERROR:root:[ERROR]: Failed to transcribe audio chunk: VadOptions.__init__() got an unexpected keyword argument 'onset'
INFO:faster_whisper:Processing audio with duration 00:30.050
ERROR:root:[ERROR]: Failed to transcribe audio chunk: VadOptions.__init__() got an unexpected keyword argument 'onset'
INFO:faster_whisper:Processing audio with duration 00:30.050
ERROR:root:[ERROR]: Failed to transcribe audio chunk: VadOptions.__init__() got an unexpected keyword argument 'onset'
INFO:faster_whisper:Processing audio with duration 00:30.050
ERROR:root:[ERROR]: Failed to transcribe audio chunk: VadOptions.__init__() got an unexpected keyword argument 'onset'
INFO:faster_whisper:Processing audio with duration 00:30.050
ERROR:root:[ERROR]: Failed to transcribe audio chunk: VadOptions.__init__() got an unexpected keyword argument 'onset'
INFO:faster_whisper:Processing audio with duration 00:30.100
ERROR:root:[ERROR]: Failed to transcribe audio chunk: VadOptions.__init__() got an unexpected keyword argument 'onset'
INFO:faster_whisper:Processing audio with duration 00:30.100
ERROR:root:[ERROR]: Failed to transcribe audio chunk: VadOptions.__init__() got an unexpected keyword argument 'onset'
INFO:faster_whisper:Processing audio with duration 00:30.100
ERROR:root:[ERROR]: Failed to transcribe audio chunk: VadOptions.__init__() got an unexpected keyword argument 'onset'
INFO:faster_whisper:Processing audio with duration 00:30.100
ERROR:root:[ERROR]: Failed to transcribe audio chunk: VadOptions.__init__() got an unexpected keyword argument 'onset'
INFO:faster_whisper:Processing audio with duration 00:30.150
ERROR:root:[ERROR]: Failed to transcribe audio chunk: VadOptions.__init__() got an unexpected keyword argument 'onset'
INFO:faster_whisper:Processing audio with duration 00:30.150
ERROR:root:[ERROR]: Failed to transcribe audio chunk: VadOptions.__init__() got an unexpected keyword argument 'onset'
INFO:faster_whisper:Processing audio with duration 00:30.150
ERROR:root:[ERROR]: Failed to transcribe audio chunk: VadOptions.__init__() got an unexpected keyword argument 'onset'
INFO:faster_whisper:Processing audio with duration 00:30.150
ERROR:root:[ERROR]: Failed to transcribe audio chunk: VadOptions.__init__() got an unexpected keyword argument 'onset'
INFO:faster_whisper:Processing audio with duration 00:30.150
ERROR:root:[ERROR]: Failed to transcribe audio chunk: VadOptions.__init__() got an unexpected keyword argument 'onset'
INFO:faster_whisper:Processing audio with duration 00:30.200
ERROR:root:[ERROR]: Failed to transcribe audio chunk: VadOptions.__init__() got an unexpected keyword argument 'onset'
INFO:faster_whisper:Processing audio with duration 00:30.200
ERROR:root:[ERROR]: Failed to transcribe audio chunk: VadOptions.__init__() got an unexpected keyword argument 'onset'
INFO:faster_whisper:Processing audio with duration 00:30.200
ERROR:root:[ERROR]: Failed to transcribe audio chunk: VadOptions.__init__() got an unexpected keyword argument 'onset'
INFO:faster_whisper:Processing audio with duration 00:30.200
ERROR:root:[ERROR]: Failed to transcribe audio chunk: VadOptions.__init__() got an unexpected keyword argument 'onset'
INFO:faster_whisper:Processing audio with duration 00:30.200
ERROR:root:[ERROR]: Failed to transcribe audio chunk: VadOptions.__init__() got an unexpected keyword argument 'onset'
INFO:faster_whisper:Processing audio with duration 00:30.250
ERROR:root:[ERROR]: Failed to transcribe audio chunk: VadOptions.__init__() got an unexpected keyword argument 'onset'
INFO:faster_whisper:Processing audio with duration 00:30.250
ERROR:root:[ERROR]: Failed to transcribe audio chunk: VadOptions.__init__() got an unexpected keyword argument 'onset'
INFO:faster_whisper:Processing audio with duration 00:30.250
ERROR:root:[ERROR]: Failed to transcribe audio chunk: VadOptions.__init__() got an unexpected keyword argument 'onset'
INFO:faster_whisper:Processing audio with duration 00:30.250
ERROR:root:[ERROR]: Failed to transcribe audio chunk: VadOptions.__init__() got an unexpected keyword argument 'onset'
INFO:faster_whisper:Processing audio with duration 00:30.300
ERROR:root:[ERROR]: Failed to transcribe audio chunk: VadOptions.__init__() got an unexpected keyword argument 'onset'
INFO:faster_whisper:Processing audio with duration 00:30.300
ERROR:root:[ERROR]: Failed to transcribe audio chunk: VadOptions.__init__() got an unexpected keyword argument 'onset'
INFO:faster_whisper:Processing audio with duration 00:30.300
ERROR:root:[ERROR]: Failed to transcribe audio chunk: VadOptions.__init__() got an unexpected keyword argument 'onset'
INFO:faster_whisper:Processing audio with duration 00:30.300
ERROR:root:[ERROR]: Failed to transcribe audio chunk: VadOptions.__init__() got an unexpected keyword argument 'onset'
INFO:faster_whisper:Processing audio with duration 00:30.300
ERROR:root:[ERROR]: Failed to transcribe audio chunk: VadOptions.__init__() got an unexpected keyword argument 'onset'
INFO:faster_whisper:Processing audio with duration 00:30.350
ERROR:root:[ERROR]: Failed to transcribe audio chunk: VadOptions.__init__() got an unexpected keyword argument 'onset'
INFO:faster_whisper:Processing audio with duration 00:30.350
ERROR:root:[ERROR]: Failed to transcribe audio chunk: VadOptions.__init__() got an unexpected keyword argument 'onset'
INFO:faster_whisper:Processing audio with duration 00:30.350
ERROR:root:[ERROR]: Failed to transcribe audio chunk: VadOptions.__init__() got an unexpected keyword argument 'onset'
INFO:faster_whisper:Processing audio with duration 00:30.350
ERROR:root:[ERROR]: Failed to transcribe audio chunk: VadOptions.__init__() got an unexpected keyword argument 'onset'
INFO:faster_whisper:Processing audio with duration 00:30.350
ERROR:root:[ERROR]: Failed to transcribe audio chunk: VadOptions.__init__() got an unexpected keyword argument 'onset'
INFO:faster_whisper:Processing audio with duration 00:30.400
ERROR:root:[ERROR]: Failed to transcribe audio chunk: VadOptions.__init__() got an unexpected keyword argument 'onset'
INFO:faster_whisper:Processing audio with duration 00:30.400
ERROR:root:[ERROR]: Failed to transcribe audio chunk: VadOptions.__init__() got an unexpected keyword argument 'onset'
INFO:faster_whisper:Processing audio with duration 00:30.400
ERROR:root:[ERROR]: Failed to transcribe audio chunk: VadOptions.__init__() got an unexpected keyword argument 'onset'
INFO:faster_whisper:Processing audio with duration 00:30.400
ERROR:root:[ERROR]: Failed to transcribe audio chunk: VadOptions.__init__() got an unexpected keyword argument 'onset'
INFO:faster_whisper:Processing audio with duration 00:30.450
ERROR:root:[ERROR]: Failed to transcribe audio chunk: VadOptions.__init__() got an unexpected keyword argument 'onset'
INFO:faster_whisper:Processing audio with duration 00:30.450
ERROR:root:[ERROR]: Failed to transcribe audio chunk: VadOptions.__init__() got an unexpected keyword argument 'onset'
INFO:faster_whisper:Processing audio with duration 00:30.450
ERROR:root:[ERROR]: Failed to transcribe audio chunk: VadOptions.__init__() got an unexpected keyword argument 'onset'
INFO:faster_whisper:Processing audio with duration 00:30.450
ERROR:root:[ERROR]: Failed to transcribe audio chunk: VadOptions.__init__() got an unexpected keyword argument 'onset'
INFO:faster_whisper:Processing audio with duration 00:30.450
ERROR:root:[ERROR]: Failed to transcribe audio chunk: VadOptions.__init__() got an unexpected keyword argument 'onset'
INFO:faster_whisper:Processing audio with duration 00:30.500
ERROR:root:[ERROR]: Failed to transcribe audio chunk: VadOptions.__init__() got an unexpected keyword argument 'onset'
INFO:faster_whisper:Processing audio with duration 00:30.500
ERROR:root:[ERROR]: Failed to transcribe audio chunk: VadOptions.__init__() got an unexpected keyword argument 'onset'
INFO:faster_whisper:Processing audio with duration 00:30.500
ERROR:root:[ERROR]: Failed to transcribe audio chunk: VadOptions.__init__() got an unexpected keyword argument 'onset'
INFO:faster_whisper:Processing audio with duration 00:30.500
ERROR:root:[ERROR]: Failed to transcribe audio chunk: VadOptions.__init__() got an unexpected keyword argument 'onset'
INFO:faster_whisper:Processing audio with duration 00:30.500
ERROR:root:[ERROR]: Failed to transcribe audio chunk: VadOptions.__init__() got an unexpected keyword argument 'onset'
INFO:faster_whisper:Processing audio with duration 00:30.550
ERROR:root:[ERROR]: Failed to transcribe audio chunk: VadOptions.__init__() got an unexpected keyword argument 'onset'
INFO:faster_whisper:Processing audio with duration 00:30.550
ERROR:root:[ERROR]: Failed to transcribe audio chunk: VadOptions.__init__() got an unexpected keyword argument 'onset'
INFO:faster_whisper:Processing audio with duration 00:30.550
ERROR:root:[ERROR]: Failed to transcribe audio chunk: VadOptions.__init__() got an unexpected keyword argument 'onset'
INFO:faster_whisper:Processing audio with duration 00:30.550
ERROR:root:[ERROR]: Failed to transcribe audio chunk: VadOptions.__init__() got an unexpected keyword argument 'onset'
INFO:faster_whisper:Processing audio with duration 00:30.600
ERROR:root:[ERROR]: Failed to transcribe audio chunk: VadOptions.__init__() got an unexpected keyword argument 'onset'
INFO:faster_whisper:Processing audio with duration 00:30.600
ERROR:root:[ERROR]: Failed to transcribe audio chunk: VadOptions.__init__() got an unexpected keyword argument 'onset'
INFO:faster_whisper:Processing audio with duration 00:30.600
ERROR:root:[ERROR]: Failed to transcribe audio chunk: VadOptions.__init__() got an unexpected keyword argument 'onset'
INFO:faster_whisper:Processing audio with duration 00:30.600
ERROR:root:[ERROR]: Failed to transcribe audio chunk: VadOptions.__init__() got an unexpected keyword argument 'onset'
INFO:faster_whisper:Processing audio with duration 00:30.600
ERROR:root:[ERROR]: Failed to transcribe audio chunk: VadOptions.__init__() got an unexpected keyword argument 'onset'
INFO:faster_whisper:Processing audio with duration 00:30.650
ERROR:root:[ERROR]: Failed to transcribe audio chunk: VadOptions.__init__() got an unexpected keyword argument 'onset'
INFO:faster_whisper:Processing audio with duration 00:30.650
ERROR:root:[ERROR]: Failed to transcribe audio chunk: VadOptions.__init__() got an unexpected keyword argument 'onset'
INFO:faster_whisper:Processing audio with duration 00:30.650
ERROR:root:[ERROR]: Failed to transcribe audio chunk: VadOptions.__init__() got an unexpected keyword argument 'onset'
INFO:faster_whisper:Processing audio with duration 00:30.650
ERROR:root:[ERROR]: Failed to transcribe audio chunk: VadOptions.__init__() got an unexpected keyword argument 'onset'
INFO:faster_whisper:Processing audio with duration 00:30.650
ERROR:root:[ERROR]: Failed to transcribe audio chunk: VadOptions.__init__() got an unexpected keyword argument 'onset'
INFO:faster_whisper:Processing audio with duration 00:30.700
ERROR:root:[ERROR]: Failed to transcribe audio chunk: VadOptions.__init__() got an unexpected keyword argument 'onset'
INFO:faster_whisper:Processing audio with duration 00:30.700
ERROR:root:[ERROR]: Failed to transcribe audio chunk: VadOptions.__init__() got an unexpected keyword argument 'onset'
INFO:faster_whisper:Processing audio with duration 00:30.700
ERROR:root:[ERROR]: Failed to transcribe audio chunk: VadOptions.__init__() got an unexpected keyword argument 'onset'
INFO:faster_whisper:Processing audio with duration 00:30.700
ERROR:root:[ERROR]: Failed to transcribe audio chunk: VadOptions.__init__() got an unexpected keyword argument 'onset'
INFO:faster_whisper:Processing audio with duration 00:30.750
ERROR:root:[ERROR]: Failed to transcribe audio chunk: VadOptions.__init__() got an unexpected keyword argument 'onset'
INFO:faster_whisper:Processing audio with duration 00:30.750
ERROR:root:[ERROR]: Failed to transcribe audio chunk: VadOptions.__init__() got an unexpected keyword argument 'onset'
INFO:faster_whisper:Processing audio with duration 00:30.750
ERROR:root:[ERROR]: Failed to transcribe audio chunk: VadOptions.__init__() got an unexpected keyword argument 'onset'
INFO:faster_whisper:Processing audio with duration 00:30.750
ERROR:root:[ERROR]: Failed to transcribe audio chunk: VadOptions.__init__() got an unexpected keyword argument 'onset'
INFO:faster_whisper:Processing audio with duration 00:30.750
ERROR:root:[ERROR]: Failed to transcribe audio chunk: VadOptions.__init__() got an unexpected keyword argument 'onset'
INFO:faster_whisper:Processing audio with duration 00:30.800
ERROR:root:[ERROR]: Failed to transcribe audio chunk: VadOptions.__init__() got an unexpected keyword argument 'onset'
INFO:faster_whisper:Processing audio with duration 00:30.800
ERROR:root:[ERROR]: Failed to transcribe audio chunk: VadOptions.__init__() got an unexpected keyword argument 'onset'
INFO:faster_whisper:Processing audio with duration 00:30.800
ERROR:root:[ERROR]: Failed to transcribe audio chunk: VadOptions.__init__() got an unexpected keyword argument 'onset'
INFO:faster_whisper:Processing audio with duration 00:30.800
ERROR:root:[ERROR]: Failed to transcribe audio chunk: VadOptions.__init__() got an unexpected keyword argument 'onset'
INFO:faster_whisper:Processing audio with duration 00:30.800
ERROR:root:[ERROR]: Failed to transcribe audio chunk: VadOptions.__init__() got an unexpected keyword argument 'onset'
INFO:faster_whisper:Processing audio with duration 00:30.850
ERROR:root:[ERROR]: Failed to transcribe audio chunk: VadOptions.__init__() got an unexpected keyword argument 'onset'
INFO:faster_whisper:Processing audio with duration 00:30.850
ERROR:root:[ERROR]: Failed to transcribe audio chunk: VadOptions.__init__() got an unexpected keyword argument 'onset'
INFO:faster_whisper:Processing audio with duration 00:30.850
ERROR:root:[ERROR]: Failed to transcribe audio chunk: VadOptions.__init__() got an unexpected keyword argument 'onset'
INFO:faster_whisper:Processing audio with duration 00:30.850
ERROR:root:[ERROR]: Failed to transcribe audio chunk: VadOptions.__init__() got an unexpected keyword argument 'onset'
INFO:faster_whisper:Processing audio with duration 00:30.900
ERROR:root:[ERROR]: Failed to transcribe audio chunk: VadOptions.__init__() got an unexpected keyword argument 'onset'
INFO:faster_whisper:Processing audio with duration 00:30.900
ERROR:root:[ERROR]: Failed to transcribe audio chunk: VadOptions.__init__() got an unexpected keyword argument 'onset'
INFO:faster_whisper:Processing audio with duration 00:30.900
ERROR:root:[ERROR]: Failed to transcribe audio chunk: VadOptions.__init__() got an unexpected keyword argument 'onset'
INFO:faster_whisper:Processing audio with duration 00:30.900
ERROR:root:[ERROR]: Failed to transcribe audio chunk: VadOptions.__init__() got an unexpected keyword argument 'onset'
INFO:faster_whisper:Processing audio with duration 00:30.900
ERROR:root:[ERROR]: Failed to transcribe audio chunk: VadOptions.__init__() got an unexpected keyword argument 'onset'
INFO:faster_whisper:Processing audio with duration 00:30.950
ERROR:root:[ERROR]: Failed to transcribe audio chunk: VadOptions.__init__() got an unexpected keyword argument 'onset'
INFO:faster_whisper:Processing audio with duration 00:30.950
ERROR:root:[ERROR]: Failed to transcribe audio chunk: VadOptions.__init__() got an unexpected keyword argument 'onset'
INFO:faster_whisper:Processing audio with duration 00:30.950
ERROR:root:[ERROR]: Failed to transcribe audio chunk: VadOptions.__init__() got an unexpected keyword argument 'onset'
INFO:faster_whisper:Processing audio with duration 00:30.950
ERROR:root:[ERROR]: Failed to transcribe audio chunk: VadOptions.__init__() got an unexpected keyword argument 'onset'
INFO:faster_whisper:Processing audio with duration 00:30.950
ERROR:root:[ERROR]: Failed to transcribe audio chunk: VadOptions.__init__() got an unexpected keyword argument 'onset'
INFO:faster_whisper:Processing audio with duration 00:31.000
ERROR:root:[ERROR]: Failed to transcribe audio chunk: VadOptions.__init__() got an unexpected keyword argument 'onset'
INFO:faster_whisper:Processing audio with duration 00:31.000
ERROR:root:[ERROR]: Failed to transcribe audio chunk: VadOptions.__init__() got an unexpected keyword argument 'onset'
INFO:faster_whisper:Processing audio with duration 00:31.000
ERROR:root:[ERROR]: Failed to transcribe audio chunk: VadOptions.__init__() got an unexpected keyword argument 'onset'
INFO:faster_whisper:Processing audio with duration 00:31.000
ERROR:root:[ERROR]: Failed to transcribe audio chunk: VadOptions.__init__() got an unexpected keyword argument 'onset'
INFO:faster_whisper:Processing audio with duration 00:31.050
ERROR:root:[ERROR]: Failed to transcribe audio chunk: VadOptions.__init__() got an unexpected keyword argument 'onset'
INFO:faster_whisper:Processing audio with duration 00:31.050
ERROR:root:[ERROR]: Failed to transcribe audio chunk: VadOptions.__init__() got an unexpected keyword argument 'onset'
INFO:faster_whisper:Processing audio with duration 00:31.050
ERROR:root:[ERROR]: Failed to transcribe audio chunk: VadOptions.__init__() got an unexpected keyword argument 'onset'
INFO:faster_whisper:Processing audio with duration 00:31.050
ERROR:root:[ERROR]: Failed to transcribe audio chunk: VadOptions.__init__() got an unexpected keyword argument 'onset'
INFO:faster_whisper:Processing audio with duration 00:31.050
ERROR:root:[ERROR]: Failed to transcribe audio chunk: VadOptions.__init__() got an unexpected keyword argument 'onset'
INFO:faster_whisper:Processing audio with duration 00:31.100
ERROR:root:[ERROR]: Failed to transcribe audio chunk: VadOptions.__init__() got an unexpected keyword argument 'onset'
INFO:faster_whisper:Processing audio with duration 00:31.100
ERROR:root:[ERROR]: Failed to transcribe audio chunk: VadOptions.__init__() got an unexpected keyword argument 'onset'
INFO:faster_whisper:Processing audio with duration 00:31.100
ERROR:root:[ERROR]: Failed to transcribe audio chunk: VadOptions.__init__() got an unexpected keyword argument 'onset'
INFO:faster_whisper:Processing audio with duration 00:31.100
ERROR:root:[ERROR]: Failed to transcribe audio chunk: VadOptions.__init__() got an unexpected keyword argument 'onset'
INFO:faster_whisper:Processing audio with duration 00:31.150
ERROR:root:[ERROR]: Failed to transcribe audio chunk: VadOptions.__init__() got an unexpected keyword argument 'onset'
INFO:faster_whisper:Processing audio with duration 00:31.150
ERROR:root:[ERROR]: Failed to transcribe audio chunk: VadOptions.__init__() got an unexpected keyword argument 'onset'
INFO:faster_whisper:Processing audio with duration 00:31.150
ERROR:root:[ERROR]: Failed to transcribe audio chunk: VadOptions.__init__() got an unexpected keyword argument 'onset'
INFO:faster_whisper:Processing audio with duration 00:31.150
ERROR:root:[ERROR]: Failed to transcribe audio chunk: VadOptions.__init__() got an unexpected keyword argument 'onset'
INFO:faster_whisper:Processing audio with duration 00:31.150
ERROR:root:[ERROR]: Failed to transcribe audio chunk: VadOptions.__init__() got an unexpected keyword argument 'onset'
INFO:faster_whisper:Processing audio with duration 00:31.200
ERROR:root:[ERROR]: Failed to transcribe audio chunk: VadOptions.__init__() got an unexpected keyword argument 'onset'
INFO:faster_whisper:Processing audio with duration 00:31.200
ERROR:root:[ERROR]: Failed to transcribe audio chunk: VadOptions.__init__() got an unexpected keyword argument 'onset'
INFO:faster_whisper:Processing audio with duration 00:31.200
ERROR:root:[ERROR]: Failed to transcribe audio chunk: VadOptions.__init__() got an unexpected keyword argument 'onset'
INFO:faster_whisper:Processing audio with duration 00:31.200
ERROR:root:[ERROR]: Failed to transcribe audio chunk: VadOptions.__init__() got an unexpected keyword argument 'onset'
INFO:faster_whisper:Processing audio with duration 00:31.200
ERROR:root:[ERROR]: Failed to transcribe audio chunk: VadOptions.__init__() got an unexpected keyword argument 'onset'
INFO:faster_whisper:Processing audio with duration 00:31.250
ERROR:root:[ERROR]: Failed to transcribe audio chunk: VadOptions.__init__() got an unexpected keyword argument 'onset'
INFO:faster_whisper:Processing audio with duration 00:31.250
ERROR:root:[ERROR]: Failed to transcribe audio chunk: VadOptions.__init__() got an unexpected keyword argument 'onset'
INFO:faster_whisper:Processing audio with duration 00:31.250
ERROR:root:[ERROR]: Failed to transcribe audio chunk: VadOptions.__init__() got an unexpected keyword argument 'onset'
INFO:faster_whisper:Processing audio with duration 00:31.250
ERROR:root:[ERROR]: Failed to transcribe audio chunk: VadOptions.__init__() got an unexpected keyword argument 'onset'
INFO:faster_whisper:Processing audio with duration 00:31.300
ERROR:root:[ERROR]: Failed to transcribe audio chunk: VadOptions.__init__() got an unexpected keyword argument 'onset'
INFO:faster_whisper:Processing audio with duration 00:31.300
ERROR:root:[ERROR]: Failed to transcribe audio chunk: VadOptions.__init__() got an unexpected keyword argument 'onset'
INFO:faster_whisper:Processing audio with duration 00:31.300
ERROR:root:[ERROR]: Failed to transcribe audio chunk: VadOptions.__init__() got an unexpected keyword argument 'onset'
INFO:faster_whisper:Processing audio with duration 00:31.300
ERROR:root:[ERROR]: Failed to transcribe audio chunk: VadOptions.__init__() got an unexpected keyword argument 'onset'
INFO:faster_whisper:Processing audio with duration 00:31.300
ERROR:root:[ERROR]: Failed to transcribe audio chunk: VadOptions.__init__() got an unexpected keyword argument 'onset'
INFO:faster_whisper:Processing audio with duration 00:31.350
ERROR:root:[ERROR]: Failed to transcribe audio chunk: VadOptions.__init__() got an unexpected keyword argument 'onset'
INFO:faster_whisper:Processing audio with duration 00:31.350
ERROR:root:[ERROR]: Failed to transcribe audio chunk: VadOptions.__init__() got an unexpected keyword argument 'onset'
INFO:faster_whisper:Processing audio with duration 00:31.350
ERROR:root:[ERROR]: Failed to transcribe audio chunk: VadOptions.__init__() got an unexpected keyword argument 'onset'
INFO:faster_whisper:Processing audio with duration 00:31.350
ERROR:root:[ERROR]: Failed to transcribe audio chunk: VadOptions.__init__() got an unexpected keyword argument 'onset'
INFO:faster_whisper:Processing audio with duration 00:31.350
ERROR:root:[ERROR]: Failed to transcribe audio chunk: VadOptions.__init__() got an unexpected keyword argument 'onset'
INFO:faster_whisper:Processing audio with duration 00:31.400
ERROR:root:[ERROR]: Failed to transcribe audio chunk: VadOptions.__init__() got an unexpected keyword argument 'onset'
INFO:faster_whisper:Processing audio with duration 00:31.400
ERROR:root:[ERROR]: Failed to transcribe audio chunk: VadOptions.__init__() got an unexpected keyword argument 'onset'
INFO:faster_whisper:Processing audio with duration 00:31.400
ERROR:root:[ERROR]: Failed to transcribe audio chunk: VadOptions.__init__() got an unexpected keyword argument 'onset'
INFO:faster_whisper:Processing audio with duration 00:31.400
ERROR:root:[ERROR]: Failed to transcribe audio chunk: VadOptions.__init__() got an unexpected keyword argument 'onset'
INFO:faster_whisper:Processing audio with duration 00:31.450
ERROR:root:[ERROR]: Failed to transcribe audio chunk: VadOptions.__init__() got an unexpected keyword argument 'onset'
INFO:faster_whisper:Processing audio with duration 00:31.450
ERROR:root:[ERROR]: Failed to transcribe audio chunk: VadOptions.__init__() got an unexpected keyword argument 'onset'
INFO:faster_whisper:Processing audio with duration 00:31.450
ERROR:root:[ERROR]: Failed to transcribe audio chunk: VadOptions.__init__() got an unexpected keyword argument 'onset'
INFO:faster_whisper:Processing audio with duration 00:31.450
ERROR:root:[ERROR]: Failed to transcribe audio chunk: VadOptions.__init__() got an unexpected keyword argument 'onset'
INFO:faster_whisper:Processing audio with duration 00:31.450
ERROR:root:[ERROR]: Failed to transcribe audio chunk: VadOptions.__init__() got an unexpected keyword argument 'onset'
INFO:faster_whisper:Processing audio with duration 00:31.500
ERROR:root:[ERROR]: Failed to transcribe audio chunk: VadOptions.__init__() got an unexpected keyword argument 'onset'
INFO:faster_whisper:Processing audio with duration 00:31.500
ERROR:root:[ERROR]: Failed to transcribe audio chunk: VadOptions.__init__() got an unexpected keyword argument 'onset'
INFO:faster_whisper:Processing audio with duration 00:31.500
ERROR:root:[ERROR]: Failed to transcribe audio chunk: VadOptions.__init__() got an unexpected keyword argument 'onset'
INFO:faster_whisper:Processing audio with duration 00:31.500
ERROR:root:[ERROR]: Failed to transcribe audio chunk: VadOptions.__init__() got an unexpected keyword argument 'onset'
INFO:faster_whisper:Processing audio with duration 00:31.500
ERROR:root:[ERROR]: Failed to transcribe audio chunk: VadOptions.__init__() got an unexpected keyword argument 'onset'
INFO:faster_whisper:Processing audio with duration 00:31.550
ERROR:root:[ERROR]: Failed to transcribe audio chunk: VadOptions.__init__() got an unexpected keyword argument 'onset'
INFO:faster_whisper:Processing audio with duration 00:31.550
ERROR:root:[ERROR]: Failed to transcribe audio chunk: VadOptions.__init__() got an unexpected keyword argument 'onset'
INFO:faster_whisper:Processing audio with duration 00:31.550
ERROR:root:[ERROR]: Failed to transcribe audio chunk: VadOptions.__init__() got an unexpected keyword argument 'onset'
INFO:faster_whisper:Processing audio with duration 00:31.550
ERROR:root:[ERROR]: Failed to transcribe audio chunk: VadOptions.__init__() got an unexpected keyword argument 'onset'
INFO:faster_whisper:Processing audio with duration 00:31.600
ERROR:root:[ERROR]: Failed to transcribe audio chunk: VadOptions.__init__() got an unexpected keyword argument 'onset'
INFO:faster_whisper:Processing audio with duration 00:31.600
ERROR:root:[ERROR]: Failed to transcribe audio chunk: VadOptions.__init__() got an unexpected keyword argument 'onset'
INFO:faster_whisper:Processing audio with duration 00:31.600
ERROR:root:[ERROR]: Failed to transcribe audio chunk: VadOptions.__init__() got an unexpected keyword argument 'onset'
INFO:faster_whisper:Processing audio with duration 00:31.600
ERROR:root:[ERROR]: Failed to transcribe audio chunk: VadOptions.__init__() got an unexpected keyword argument 'onset'
INFO:faster_whisper:Processing audio with duration 00:31.600
ERROR:root:[ERROR]: Failed to transcribe audio chunk: VadOptions.__init__() got an unexpected keyword argument 'onset'
INFO:faster_whisper:Processing audio with duration 00:31.650
ERROR:root:[ERROR]: Failed to transcribe audio chunk: VadOptions.__init__() got an unexpected keyword argument 'onset'
INFO:faster_whisper:Processing audio with duration 00:31.650
ERROR:root:[ERROR]: Failed to transcribe audio chunk: VadOptions.__init__() got an unexpected keyword argument 'onset'
INFO:faster_whisper:Processing audio with duration 00:31.650
ERROR:root:[ERROR]: Failed to transcribe audio chunk: VadOptions.__init__() got an unexpected keyword argument 'onset'
INFO:faster_whisper:Processing audio with duration 00:31.650
ERROR:root:[ERROR]: Failed to transcribe audio chunk: VadOptions.__init__() got an unexpected keyword argument 'onset'
INFO:faster_whisper:Processing audio with duration 00:31.700
ERROR:root:[ERROR]: Failed to transcribe audio chunk: VadOptions.__init__() got an unexpected keyword argument 'onset'
INFO:faster_whisper:Processing audio with duration 00:31.700
ERROR:root:[ERROR]: Failed to transcribe audio chunk: VadOptions.__init__() got an unexpected keyword argument 'onset'
INFO:faster_whisper:Processing audio with duration 00:31.700
ERROR:root:[ERROR]: Failed to transcribe audio chunk: VadOptions.__init__() got an unexpected keyword argument 'onset'
INFO:faster_whisper:Processing audio with duration 00:31.700
ERROR:root:[ERROR]: Failed to transcribe audio chunk: VadOptions.__init__() got an unexpected keyword argument 'onset'
INFO:faster_whisper:Processing audio with duration 00:31.700
ERROR:root:[ERROR]: Failed to transcribe audio chunk: VadOptions.__init__() got an unexpected keyword argument 'onset'
INFO:faster_whisper:Processing audio with duration 00:31.750
ERROR:root:[ERROR]: Failed to transcribe audio chunk: VadOptions.__init__() got an unexpected keyword argument 'onset'
INFO:faster_whisper:Processing audio with duration 00:31.750
ERROR:root:[ERROR]: Failed to transcribe audio chunk: VadOptions.__init__() got an unexpected keyword argument 'onset'
INFO:faster_whisper:Processing audio with duration 00:31.750
ERROR:root:[ERROR]: Failed to transcribe audio chunk: VadOptions.__init__() got an unexpected keyword argument 'onset'
INFO:faster_whisper:Processing audio with duration 00:31.750
ERROR:root:[ERROR]: Failed to transcribe audio chunk: VadOptions.__init__() got an unexpected keyword argument 'onset'
INFO:faster_whisper:Processing audio with duration 00:31.750
ERROR:root:[ERROR]: Failed to transcribe audio chunk: VadOptions.__init__() got an unexpected keyword argument 'onset'
INFO:faster_whisper:Processing audio with duration 00:31.800
ERROR:root:[ERROR]: Failed to transcribe audio chunk: VadOptions.__init__() got an unexpected keyword argument 'onset'
INFO:faster_whisper:Processing audio with duration 00:31.800
ERROR:root:[ERROR]: Failed to transcribe audio chunk: VadOptions.__init__() got an unexpected keyword argument 'onset'
INFO:faster_whisper:Processing audio with duration 00:31.800
ERROR:root:[ERROR]: Failed to transcribe audio chunk: VadOptions.__init__() got an unexpected keyword argument 'onset'
INFO:faster_whisper:Processing audio with duration 00:31.800
ERROR:root:[ERROR]: Failed to transcribe audio chunk: VadOptions.__init__() got an unexpected keyword argument 'onset'
INFO:faster_whisper:Processing audio with duration 00:31.850
ERROR:root:[ERROR]: Failed to transcribe audio chunk: VadOptions.__init__() got an unexpected keyword argument 'onset'
INFO:faster_whisper:Processing audio with duration 00:31.850
ERROR:root:[ERROR]: Failed to transcribe audio chunk: VadOptions.__init__() got an unexpected keyword argument 'onset'
INFO:faster_whisper:Processing audio with duration 00:31.850
ERROR:root:[ERROR]: Failed to transcribe audio chunk: VadOptions.__init__() got an unexpected keyword argument 'onset'
INFO:faster_whisper:Processing audio with duration 00:31.850
ERROR:root:[ERROR]: Failed to transcribe audio chunk: VadOptions.__init__() got an unexpected keyword argument 'onset'
INFO:faster_whisper:Processing audio with duration 00:31.850
ERROR:root:[ERROR]: Failed to transcribe audio chunk: VadOptions.__init__() got an unexpected keyword argument 'onset'
INFO:faster_whisper:Processing audio with duration 00:31.900
ERROR:root:[ERROR]: Failed to transcribe audio chunk: VadOptions.__init__() got an unexpected keyword argument 'onset'
INFO:faster_whisper:Processing audio with duration 00:31.900
ERROR:root:[ERROR]: Failed to transcribe audio chunk: VadOptions.__init__() got an unexpected keyword argument 'onset'
INFO:faster_whisper:Processing audio with duration 00:31.900
ERROR:root:[ERROR]: Failed to transcribe audio chunk: VadOptions.__init__() got an unexpected keyword argument 'onset'
INFO:faster_whisper:Processing audio with duration 00:31.900
ERROR:root:[ERROR]: Failed to transcribe audio chunk: VadOptions.__init__() got an unexpected keyword argument 'onset'
INFO:faster_whisper:Processing audio with duration 00:31.900
ERROR:root:[ERROR]: Failed to transcribe audio chunk: VadOptions.__init__() got an unexpected keyword argument 'onset'
INFO:faster_whisper:Processing audio with duration 00:31.950
ERROR:root:[ERROR]: Failed to transcribe audio chunk: VadOptions.__init__() got an unexpected keyword argument 'onset'
INFO:faster_whisper:Processing audio with duration 00:31.950
ERROR:root:[ERROR]: Failed to transcribe audio chunk: VadOptions.__init__() got an unexpected keyword argument 'onset'
INFO:faster_whisper:Processing audio with duration 00:31.950
ERROR:root:[ERROR]: Failed to transcribe audio chunk: VadOptions.__init__() got an unexpected keyword argument 'onset'
INFO:faster_whisper:Processing audio with duration 00:31.950
ERROR:root:[ERROR]: Failed to transcribe audio chunk: VadOptions.__init__() got an unexpected keyword argument 'onset'
INFO:faster_whisper:Processing audio with duration 00:32.000
ERROR:root:[ERROR]: Failed to transcribe audio chunk: VadOptions.__init__() got an unexpected keyword argument 'onset'
INFO:faster_whisper:Processing audio with duration 00:32.000
ERROR:root:[ERROR]: Failed to transcribe audio chunk: VadOptions.__init__() got an unexpected keyword argument 'onset'
INFO:faster_whisper:Processing audio with duration 00:32.000
ERROR:root:[ERROR]: Failed to transcribe audio chunk: VadOptions.__init__() got an unexpected keyword argument 'onset'
INFO:faster_whisper:Processing audio with duration 00:32.000
ERROR:root:[ERROR]: Failed to transcribe audio chunk: VadOptions.__init__() got an unexpected keyword argument 'onset'
INFO:faster_whisper:Processing audio with duration 00:32.000
ERROR:root:[ERROR]: Failed to transcribe audio chunk: VadOptions.__init__() got an unexpected keyword argument 'onset'
INFO:faster_whisper:Processing audio with duration 00:32.050
ERROR:root:[ERROR]: Failed to transcribe audio chunk: VadOptions.__init__() got an unexpected keyword argument 'onset'
INFO:faster_whisper:Processing audio with duration 00:32.050
ERROR:root:[ERROR]: Failed to transcribe audio chunk: VadOptions.__init__() got an unexpected keyword argument 'onset'
INFO:faster_whisper:Processing audio with duration 00:32.050
ERROR:root:[ERROR]: Failed to transcribe audio chunk: VadOptions.__init__() got an unexpected keyword argument 'onset'
INFO:faster_whisper:Processing audio with duration 00:32.050
ERROR:root:[ERROR]: Failed to transcribe audio chunk: VadOptions.__init__() got an unexpected keyword argument 'onset'
INFO:faster_whisper:Processing audio with duration 00:32.050
ERROR:root:[ERROR]: Failed to transcribe audio chunk: VadOptions.__init__() got an unexpected keyword argument 'onset'
INFO:faster_whisper:Processing audio with duration 00:32.100
ERROR:root:[ERROR]: Failed to transcribe audio chunk: VadOptions.__init__() got an unexpected keyword argument 'onset'
INFO:faster_whisper:Processing audio with duration 00:32.100
ERROR:root:[ERROR]: Failed to transcribe audio chunk: VadOptions.__init__() got an unexpected keyword argument 'onset'
INFO:faster_whisper:Processing audio with duration 00:32.100
ERROR:root:[ERROR]: Failed to transcribe audio chunk: VadOptions.__init__() got an unexpected keyword argument 'onset'
INFO:faster_whisper:Processing audio with duration 00:32.100
ERROR:root:[ERROR]: Failed to transcribe audio chunk: VadOptions.__init__() got an unexpected keyword argument 'onset'
INFO:faster_whisper:Processing audio with duration 00:32.150
ERROR:root:[ERROR]: Failed to transcribe audio chunk: VadOptions.__init__() got an unexpected keyword argument 'onset'
INFO:faster_whisper:Processing audio with duration 00:32.150
ERROR:root:[ERROR]: Failed to transcribe audio chunk: VadOptions.__init__() got an unexpected keyword argument 'onset'
INFO:faster_whisper:Processing audio with duration 00:32.150
ERROR:root:[ERROR]: Failed to transcribe audio chunk: VadOptions.__init__() got an unexpected keyword argument 'onset'
INFO:faster_whisper:Processing audio with duration 00:32.150
ERROR:root:[ERROR]: Failed to transcribe audio chunk: VadOptions.__init__() got an unexpected keyword argument 'onset'
INFO:faster_whisper:Processing audio with duration 00:32.150
ERROR:root:[ERROR]: Failed to transcribe audio chunk: VadOptions.__init__() got an unexpected keyword argument 'onset'
INFO:faster_whisper:Processing audio with duration 00:32.200
ERROR:root:[ERROR]: Failed to transcribe audio chunk: VadOptions.__init__() got an unexpected keyword argument 'onset'
INFO:faster_whisper:Processing audio with duration 00:32.200
ERROR:root:[ERROR]: Failed to transcribe audio chunk: VadOptions.__init__() got an unexpected keyword argument 'onset'
INFO:faster_whisper:Processing audio with duration 00:32.200
ERROR:root:[ERROR]: Failed to transcribe audio chunk: VadOptions.__init__() got an unexpected keyword argument 'onset'
INFO:faster_whisper:Processing audio with duration 00:32.200
ERROR:root:[ERROR]: Failed to transcribe audio chunk: VadOptions.__init__() got an unexpected keyword argument 'onset'
INFO:faster_whisper:Processing audio with duration 00:32.200
ERROR:root:[ERROR]: Failed to transcribe audio chunk: VadOptions.__init__() got an unexpected keyword argument 'onset'
INFO:faster_whisper:Processing audio with duration 00:32.250
ERROR:root:[ERROR]: Failed to transcribe audio chunk: VadOptions.__init__() got an unexpected keyword argument 'onset'
INFO:faster_whisper:Processing audio with duration 00:32.250
ERROR:root:[ERROR]: Failed to transcribe audio chunk: VadOptions.__init__() got an unexpected keyword argument 'onset'
INFO:faster_whisper:Processing audio with duration 00:32.250
ERROR:root:[ERROR]: Failed to transcribe audio chunk: VadOptions.__init__() got an unexpected keyword argument 'onset'
INFO:faster_whisper:Processing audio with duration 00:32.250
ERROR:root:[ERROR]: Failed to transcribe audio chunk: VadOptions.__init__() got an unexpected keyword argument 'onset'
INFO:faster_whisper:Processing audio with duration 00:32.300
ERROR:root:[ERROR]: Failed to transcribe audio chunk: VadOptions.__init__() got an unexpected keyword argument 'onset'
INFO:faster_whisper:Processing audio with duration 00:32.300
ERROR:root:[ERROR]: Failed to transcribe audio chunk: VadOptions.__init__() got an unexpected keyword argument 'onset'
INFO:faster_whisper:Processing audio with duration 00:32.300
ERROR:root:[ERROR]: Failed to transcribe audio chunk: VadOptions.__init__() got an unexpected keyword argument 'onset'
INFO:faster_whisper:Processing audio with duration 00:32.300
ERROR:root:[ERROR]: Failed to transcribe audio chunk: VadOptions.__init__() got an unexpected keyword argument 'onset'
INFO:faster_whisper:Processing audio with duration 00:32.300
ERROR:root:[ERROR]: Failed to transcribe audio chunk: VadOptions.__init__() got an unexpected keyword argument 'onset'
INFO:faster_whisper:Processing audio with duration 00:32.350
ERROR:root:[ERROR]: Failed to transcribe audio chunk: VadOptions.__init__() got an unexpected keyword argument 'onset'
INFO:faster_whisper:Processing audio with duration 00:32.350
ERROR:root:[ERROR]: Failed to transcribe audio chunk: VadOptions.__init__() got an unexpected keyword argument 'onset'
INFO:faster_whisper:Processing audio with duration 00:32.350
ERROR:root:[ERROR]: Failed to transcribe audio chunk: VadOptions.__init__() got an unexpected keyword argument 'onset'
INFO:faster_whisper:Processing audio with duration 00:32.350
ERROR:root:[ERROR]: Failed to transcribe audio chunk: VadOptions.__init__() got an unexpected keyword argument 'onset'
INFO:faster_whisper:Processing audio with duration 00:32.350
ERROR:root:[ERROR]: Failed to transcribe audio chunk: VadOptions.__init__() got an unexpected keyword argument 'onset'
INFO:faster_whisper:Processing audio with duration 00:32.400
ERROR:root:[ERROR]: Failed to transcribe audio chunk: VadOptions.__init__() got an unexpected keyword argument 'onset'
INFO:faster_whisper:Processing audio with duration 00:32.400
ERROR:root:[ERROR]: Failed to transcribe audio chunk: VadOptions.__init__() got an unexpected keyword argument 'onset'
INFO:faster_whisper:Processing audio with duration 00:32.400
ERROR:root:[ERROR]: Failed to transcribe audio chunk: VadOptions.__init__() got an unexpected keyword argument 'onset'
INFO:faster_whisper:Processing audio with duration 00:32.400
ERROR:root:[ERROR]: Failed to transcribe audio chunk: VadOptions.__init__() got an unexpected keyword argument 'onset'
INFO:faster_whisper:Processing audio with duration 00:32.450
ERROR:root:[ERROR]: Failed to transcribe audio chunk: VadOptions.__init__() got an unexpected keyword argument 'onset'
INFO:faster_whisper:Processing audio with duration 00:32.450
ERROR:root:[ERROR]: Failed to transcribe audio chunk: VadOptions.__init__() got an unexpected keyword argument 'onset'
INFO:faster_whisper:Processing audio with duration 00:32.450
ERROR:root:[ERROR]: Failed to transcribe audio chunk: VadOptions.__init__() got an unexpected keyword argument 'onset'
INFO:faster_whisper:Processing audio with duration 00:32.450
ERROR:root:[ERROR]: Failed to transcribe audio chunk: VadOptions.__init__() got an unexpected keyword argument 'onset'
INFO:faster_whisper:Processing audio with duration 00:32.450
ERROR:root:[ERROR]: Failed to transcribe audio chunk: VadOptions.__init__() got an unexpected keyword argument 'onset'
INFO:faster_whisper:Processing audio with duration 00:32.500
ERROR:root:[ERROR]: Failed to transcribe audio chunk: VadOptions.__init__() got an unexpected keyword argument 'onset'
INFO:faster_whisper:Processing audio with duration 00:32.500
ERROR:root:[ERROR]: Failed to transcribe audio chunk: VadOptions.__init__() got an unexpected keyword argument 'onset'
INFO:faster_whisper:Processing audio with duration 00:32.500
ERROR:root:[ERROR]: Failed to transcribe audio chunk: VadOptions.__init__() got an unexpected keyword argument 'onset'
INFO:faster_whisper:Processing audio with duration 00:32.500
ERROR:root:[ERROR]: Failed to transcribe audio chunk: VadOptions.__init__() got an unexpected keyword argument 'onset'
INFO:faster_whisper:Processing audio with duration 00:32.500
ERROR:root:[ERROR]: Failed to transcribe audio chunk: VadOptions.__init__() got an unexpected keyword argument 'onset'
INFO:faster_whisper:Processing audio with duration 00:32.550
ERROR:root:[ERROR]: Failed to transcribe audio chunk: VadOptions.__init__() got an unexpected keyword argument 'onset'
INFO:faster_whisper:Processing audio with duration 00:32.550
ERROR:root:[ERROR]: Failed to transcribe audio chunk: VadOptions.__init__() got an unexpected keyword argument 'onset'
INFO:faster_whisper:Processing audio with duration 00:32.550
ERROR:root:[ERROR]: Failed to transcribe audio chunk: VadOptions.__init__() got an unexpected keyword argument 'onset'
INFO:faster_whisper:Processing audio with duration 00:32.550
ERROR:root:[ERROR]: Failed to transcribe audio chunk: VadOptions.__init__() got an unexpected keyword argument 'onset'
INFO:faster_whisper:Processing audio with duration 00:32.600
ERROR:root:[ERROR]: Failed to transcribe audio chunk: VadOptions.__init__() got an unexpected keyword argument 'onset'
INFO:faster_whisper:Processing audio with duration 00:32.600
ERROR:root:[ERROR]: Failed to transcribe audio chunk: VadOptions.__init__() got an unexpected keyword argument 'onset'
INFO:faster_whisper:Processing audio with duration 00:32.600
ERROR:root:[ERROR]: Failed to transcribe audio chunk: VadOptions.__init__() got an unexpected keyword argument 'onset'
INFO:faster_whisper:Processing audio with duration 00:32.600
ERROR:root:[ERROR]: Failed to transcribe audio chunk: VadOptions.__init__() got an unexpected keyword argument 'onset'
INFO:faster_whisper:Processing audio with duration 00:32.600
ERROR:root:[ERROR]: Failed to transcribe audio chunk: VadOptions.__init__() got an unexpected keyword argument 'onset'
INFO:faster_whisper:Processing audio with duration 00:32.650
ERROR:root:[ERROR]: Failed to transcribe audio chunk: VadOptions.__init__() got an unexpected keyword argument 'onset'
INFO:faster_whisper:Processing audio with duration 00:32.650
ERROR:root:[ERROR]: Failed to transcribe audio chunk: VadOptions.__init__() got an unexpected keyword argument 'onset'
INFO:faster_whisper:Processing audio with duration 00:32.650
ERROR:root:[ERROR]: Failed to transcribe audio chunk: VadOptions.__init__() got an unexpected keyword argument 'onset'
INFO:faster_whisper:Processing audio with duration 00:32.650
ERROR:root:[ERROR]: Failed to transcribe audio chunk: VadOptions.__init__() got an unexpected keyword argument 'onset'
INFO:faster_whisper:Processing audio with duration 00:32.650
ERROR:root:[ERROR]: Failed to transcribe audio chunk: VadOptions.__init__() got an unexpected keyword argument 'onset'
INFO:faster_whisper:Processing audio with duration 00:32.700
ERROR:root:[ERROR]: Failed to transcribe audio chunk: VadOptions.__init__() got an unexpected keyword argument 'onset'
INFO:faster_whisper:Processing audio with duration 00:32.700
ERROR:root:[ERROR]: Failed to transcribe audio chunk: VadOptions.__init__() got an unexpected keyword argument 'onset'
INFO:faster_whisper:Processing audio with duration 00:32.700
ERROR:root:[ERROR]: Failed to transcribe audio chunk: VadOptions.__init__() got an unexpected keyword argument 'onset'
INFO:faster_whisper:Processing audio with duration 00:32.700
ERROR:root:[ERROR]: Failed to transcribe audio chunk: VadOptions.__init__() got an unexpected keyword argument 'onset'
INFO:faster_whisper:Processing audio with duration 00:32.750
ERROR:root:[ERROR]: Failed to transcribe audio chunk: VadOptions.__init__() got an unexpected keyword argument 'onset'
INFO:faster_whisper:Processing audio with duration 00:32.750
ERROR:root:[ERROR]: Failed to transcribe audio chunk: VadOptions.__init__() got an unexpected keyword argument 'onset'
INFO:faster_whisper:Processing audio with duration 00:32.750
ERROR:root:[ERROR]: Failed to transcribe audio chunk: VadOptions.__init__() got an unexpected keyword argument 'onset'
INFO:faster_whisper:Processing audio with duration 00:32.750
ERROR:root:[ERROR]: Failed to transcribe audio chunk: VadOptions.__init__() got an unexpected keyword argument 'onset'
INFO:faster_whisper:Processing audio with duration 00:32.750
ERROR:root:[ERROR]: Failed to transcribe audio chunk: VadOptions.__init__() got an unexpected keyword argument 'onset'
INFO:faster_whisper:Processing audio with duration 00:32.800
ERROR:root:[ERROR]: Failed to transcribe audio chunk: VadOptions.__init__() got an unexpected keyword argument 'onset'
INFO:faster_whisper:Processing audio with duration 00:32.800
ERROR:root:[ERROR]: Failed to transcribe audio chunk: VadOptions.__init__() got an unexpected keyword argument 'onset'
INFO:faster_whisper:Processing audio with duration 00:32.800
ERROR:root:[ERROR]: Failed to transcribe audio chunk: VadOptions.__init__() got an unexpected keyword argument 'onset'
INFO:faster_whisper:Processing audio with duration 00:32.800
ERROR:root:[ERROR]: Failed to transcribe audio chunk: VadOptions.__init__() got an unexpected keyword argument 'onset'
INFO:faster_whisper:Processing audio with duration 00:32.800
ERROR:root:[ERROR]: Failed to transcribe audio chunk: VadOptions.__init__() got an unexpected keyword argument 'onset'
INFO:faster_whisper:Processing audio with duration 00:32.850
ERROR:root:[ERROR]: Failed to transcribe audio chunk: VadOptions.__init__() got an unexpected keyword argument 'onset'
INFO:faster_whisper:Processing audio with duration 00:32.850
ERROR:root:[ERROR]: Failed to transcribe audio chunk: VadOptions.__init__() got an unexpected keyword argument 'onset'
INFO:faster_whisper:Processing audio with duration 00:32.850
ERROR:root:[ERROR]: Failed to transcribe audio chunk: VadOptions.__init__() got an unexpected keyword argument 'onset'
INFO:faster_whisper:Processing audio with duration 00:32.850
ERROR:root:[ERROR]: Failed to transcribe audio chunk: VadOptions.__init__() got an unexpected keyword argument 'onset'
INFO:faster_whisper:Processing audio with duration 00:32.900
ERROR:root:[ERROR]: Failed to transcribe audio chunk: VadOptions.__init__() got an unexpected keyword argument 'onset'
INFO:faster_whisper:Processing audio with duration 00:32.900
ERROR:root:[ERROR]: Failed to transcribe audio chunk: VadOptions.__init__() got an unexpected keyword argument 'onset'
INFO:faster_whisper:Processing audio with duration 00:32.900
ERROR:root:[ERROR]: Failed to transcribe audio chunk: VadOptions.__init__() got an unexpected keyword argument 'onset'
INFO:faster_whisper:Processing audio with duration 00:32.900
ERROR:root:[ERROR]: Failed to transcribe audio chunk: VadOptions.__init__() got an unexpected keyword argument 'onset'
INFO:faster_whisper:Processing audio with duration 00:32.900
ERROR:root:[ERROR]: Failed to transcribe audio chunk: VadOptions.__init__() got an unexpected keyword argument 'onset'
INFO:faster_whisper:Processing audio with duration 00:32.950
ERROR:root:[ERROR]: Failed to transcribe audio chunk: VadOptions.__init__() got an unexpected keyword argument 'onset'
INFO:faster_whisper:Processing audio with duration 00:32.950
ERROR:root:[ERROR]: Failed to transcribe audio chunk: VadOptions.__init__() got an unexpected keyword argument 'onset'
INFO:faster_whisper:Processing audio with duration 00:32.950
ERROR:root:[ERROR]: Failed to transcribe audio chunk: VadOptions.__init__() got an unexpected keyword argument 'onset'
INFO:faster_whisper:Processing audio with duration 00:32.950
ERROR:root:[ERROR]: Failed to transcribe audio chunk: VadOptions.__init__() got an unexpected keyword argument 'onset'
INFO:faster_whisper:Processing audio with duration 00:32.950
ERROR:root:[ERROR]: Failed to transcribe audio chunk: VadOptions.__init__() got an unexpected keyword argument 'onset'
INFO:faster_whisper:Processing audio with duration 00:33.000
ERROR:root:[ERROR]: Failed to transcribe audio chunk: VadOptions.__init__() got an unexpected keyword argument 'onset'
INFO:faster_whisper:Processing audio with duration 00:33.000
ERROR:root:[ERROR]: Failed to transcribe audio chunk: VadOptions.__init__() got an unexpected keyword argument 'onset'
INFO:faster_whisper:Processing audio with duration 00:33.000
ERROR:root:[ERROR]: Failed to transcribe audio chunk: VadOptions.__init__() got an unexpected keyword argument 'onset'
INFO:faster_whisper:Processing audio with duration 00:33.000
ERROR:root:[ERROR]: Failed to transcribe audio chunk: VadOptions.__init__() got an unexpected keyword argument 'onset'
INFO:faster_whisper:Processing audio with duration 00:33.050
ERROR:root:[ERROR]: Failed to transcribe audio chunk: VadOptions.__init__() got an unexpected keyword argument 'onset'
INFO:faster_whisper:Processing audio with duration 00:33.050
ERROR:root:[ERROR]: Failed to transcribe audio chunk: VadOptions.__init__() got an unexpected keyword argument 'onset'
INFO:faster_whisper:Processing audio with duration 00:33.050
ERROR:root:[ERROR]: Failed to transcribe audio chunk: VadOptions.__init__() got an unexpected keyword argument 'onset'
INFO:faster_whisper:Processing audio with duration 00:33.050
ERROR:root:[ERROR]: Failed to transcribe audio chunk: VadOptions.__init__() got an unexpected keyword argument 'onset'
INFO:faster_whisper:Processing audio with duration 00:33.050
ERROR:root:[ERROR]: Failed to transcribe audio chunk: VadOptions.__init__() got an unexpected keyword argument 'onset'
INFO:faster_whisper:Processing audio with duration 00:33.100
ERROR:root:[ERROR]: Failed to transcribe audio chunk: VadOptions.__init__() got an unexpected keyword argument 'onset'
INFO:faster_whisper:Processing audio with duration 00:33.100
ERROR:root:[ERROR]: Failed to transcribe audio chunk: VadOptions.__init__() got an unexpected keyword argument 'onset'
INFO:faster_whisper:Processing audio with duration 00:33.100
ERROR:root:[ERROR]: Failed to transcribe audio chunk: VadOptions.__init__() got an unexpected keyword argument 'onset'
INFO:faster_whisper:Processing audio with duration 00:33.100
ERROR:root:[ERROR]: Failed to transcribe audio chunk: VadOptions.__init__() got an unexpected keyword argument 'onset'
INFO:faster_whisper:Processing audio with duration 00:33.100
ERROR:root:[ERROR]: Failed to transcribe audio chunk: VadOptions.__init__() got an unexpected keyword argument 'onset'
INFO:faster_whisper:Processing audio with duration 00:33.150
ERROR:root:[ERROR]: Failed to transcribe audio chunk: VadOptions.__init__() got an unexpected keyword argument 'onset'
INFO:faster_whisper:Processing audio with duration 00:33.150
ERROR:root:[ERROR]: Failed to transcribe audio chunk: VadOptions.__init__() got an unexpected keyword argument 'onset'
INFO:faster_whisper:Processing audio with duration 00:33.150
ERROR:root:[ERROR]: Failed to transcribe audio chunk: VadOptions.__init__() got an unexpected keyword argument 'onset'
INFO:faster_whisper:Processing audio with duration 00:33.150
ERROR:root:[ERROR]: Failed to transcribe audio chunk: VadOptions.__init__() got an unexpected keyword argument 'onset'
INFO:faster_whisper:Processing audio with duration 00:33.200
ERROR:root:[ERROR]: Failed to transcribe audio chunk: VadOptions.__init__() got an unexpected keyword argument 'onset'
INFO:faster_whisper:Processing audio with duration 00:33.200
ERROR:root:[ERROR]: Failed to transcribe audio chunk: VadOptions.__init__() got an unexpected keyword argument 'onset'
INFO:faster_whisper:Processing audio with duration 00:33.200
ERROR:root:[ERROR]: Failed to transcribe audio chunk: VadOptions.__init__() got an unexpected keyword argument 'onset'
INFO:faster_whisper:Processing audio with duration 00:33.200
ERROR:root:[ERROR]: Failed to transcribe audio chunk: VadOptions.__init__() got an unexpected keyword argument 'onset'
INFO:faster_whisper:Processing audio with duration 00:33.200
ERROR:root:[ERROR]: Failed to transcribe audio chunk: VadOptions.__init__() got an unexpected keyword argument 'onset'
INFO:faster_whisper:Processing audio with duration 00:33.250
ERROR:root:[ERROR]: Failed to transcribe audio chunk: VadOptions.__init__() got an unexpected keyword argument 'onset'
INFO:faster_whisper:Processing audio with duration 00:33.250
ERROR:root:[ERROR]: Failed to transcribe audio chunk: VadOptions.__init__() got an unexpected keyword argument 'onset'
INFO:faster_whisper:Processing audio with duration 00:33.250
ERROR:root:[ERROR]: Failed to transcribe audio chunk: VadOptions.__init__() got an unexpected keyword argument 'onset'
INFO:faster_whisper:Processing audio with duration 00:33.250
ERROR:root:[ERROR]: Failed to transcribe audio chunk: VadOptions.__init__() got an unexpected keyword argument 'onset'
INFO:faster_whisper:Processing audio with duration 00:33.300
ERROR:root:[ERROR]: Failed to transcribe audio chunk: VadOptions.__init__() got an unexpected keyword argument 'onset'
INFO:faster_whisper:Processing audio with duration 00:33.300
ERROR:root:[ERROR]: Failed to transcribe audio chunk: VadOptions.__init__() got an unexpected keyword argument 'onset'
INFO:faster_whisper:Processing audio with duration 00:33.300
ERROR:root:[ERROR]: Failed to transcribe audio chunk: VadOptions.__init__() got an unexpected keyword argument 'onset'
INFO:faster_whisper:Processing audio with duration 00:33.300
ERROR:root:[ERROR]: Failed to transcribe audio chunk: VadOptions.__init__() got an unexpected keyword argument 'onset'
INFO:faster_whisper:Processing audio with duration 00:33.300
ERROR:root:[ERROR]: Failed to transcribe audio chunk: VadOptions.__init__() got an unexpected keyword argument 'onset'
INFO:faster_whisper:Processing audio with duration 00:33.350
ERROR:root:[ERROR]: Failed to transcribe audio chunk: VadOptions.__init__() got an unexpected keyword argument 'onset'
INFO:faster_whisper:Processing audio with duration 00:33.350
ERROR:root:[ERROR]: Failed to transcribe audio chunk: VadOptions.__init__() got an unexpected keyword argument 'onset'
INFO:faster_whisper:Processing audio with duration 00:33.350
ERROR:root:[ERROR]: Failed to transcribe audio chunk: VadOptions.__init__() got an unexpected keyword argument 'onset'
INFO:faster_whisper:Processing audio with duration 00:33.350
ERROR:root:[ERROR]: Failed to transcribe audio chunk: VadOptions.__init__() got an unexpected keyword argument 'onset'
INFO:faster_whisper:Processing audio with duration 00:33.350
ERROR:root:[ERROR]: Failed to transcribe audio chunk: VadOptions.__init__() got an unexpected keyword argument 'onset'
INFO:faster_whisper:Processing audio with duration 00:33.400
ERROR:root:[ERROR]: Failed to transcribe audio chunk: VadOptions.__init__() got an unexpected keyword argument 'onset'
INFO:faster_whisper:Processing audio with duration 00:33.400
ERROR:root:[ERROR]: Failed to transcribe audio chunk: VadOptions.__init__() got an unexpected keyword argument 'onset'
INFO:faster_whisper:Processing audio with duration 00:33.400
ERROR:root:[ERROR]: Failed to transcribe audio chunk: VadOptions.__init__() got an unexpected keyword argument 'onset'
INFO:faster_whisper:Processing audio with duration 00:33.400
ERROR:root:[ERROR]: Failed to transcribe audio chunk: VadOptions.__init__() got an unexpected keyword argument 'onset'
INFO:faster_whisper:Processing audio with duration 00:33.450
ERROR:root:[ERROR]: Failed to transcribe audio chunk: VadOptions.__init__() got an unexpected keyword argument 'onset'
INFO:faster_whisper:Processing audio with duration 00:33.450
ERROR:root:[ERROR]: Failed to transcribe audio chunk: VadOptions.__init__() got an unexpected keyword argument 'onset'
INFO:faster_whisper:Processing audio with duration 00:33.450
ERROR:root:[ERROR]: Failed to transcribe audio chunk: VadOptions.__init__() got an unexpected keyword argument 'onset'
INFO:faster_whisper:Processing audio with duration 00:33.450
ERROR:root:[ERROR]: Failed to transcribe audio chunk: VadOptions.__init__() got an unexpected keyword argument 'onset'
INFO:faster_whisper:Processing audio with duration 00:33.450
ERROR:root:[ERROR]: Failed to transcribe audio chunk: VadOptions.__init__() got an unexpected keyword argument 'onset'
INFO:faster_whisper:Processing audio with duration 00:33.500
ERROR:root:[ERROR]: Failed to transcribe audio chunk: VadOptions.__init__() got an unexpected keyword argument 'onset'
INFO:faster_whisper:Processing audio with duration 00:33.500
ERROR:root:[ERROR]: Failed to transcribe audio chunk: VadOptions.__init__() got an unexpected keyword argument 'onset'
INFO:faster_whisper:Processing audio with duration 00:33.500
ERROR:root:[ERROR]: Failed to transcribe audio chunk: VadOptions.__init__() got an unexpected keyword argument 'onset'
INFO:faster_whisper:Processing audio with duration 00:33.500
ERROR:root:[ERROR]: Failed to transcribe audio chunk: VadOptions.__init__() got an unexpected keyword argument 'onset'
INFO:faster_whisper:Processing audio with duration 00:33.500
ERROR:root:[ERROR]: Failed to transcribe audio chunk: VadOptions.__init__() got an unexpected keyword argument 'onset'
INFO:faster_whisper:Processing audio with duration 00:33.550
ERROR:root:[ERROR]: Failed to transcribe audio chunk: VadOptions.__init__() got an unexpected keyword argument 'onset'
INFO:faster_whisper:Processing audio with duration 00:33.550
ERROR:root:[ERROR]: Failed to transcribe audio chunk: VadOptions.__init__() got an unexpected keyword argument 'onset'
INFO:faster_whisper:Processing audio with duration 00:33.550
ERROR:root:[ERROR]: Failed to transcribe audio chunk: VadOptions.__init__() got an unexpected keyword argument 'onset'
INFO:faster_whisper:Processing audio with duration 00:33.550
ERROR:root:[ERROR]: Failed to transcribe audio chunk: VadOptions.__init__() got an unexpected keyword argument 'onset'
INFO:faster_whisper:Processing audio with duration 00:33.600
ERROR:root:[ERROR]: Failed to transcribe audio chunk: VadOptions.__init__() got an unexpected keyword argument 'onset'
INFO:faster_whisper:Processing audio with duration 00:33.600
ERROR:root:[ERROR]: Failed to transcribe audio chunk: VadOptions.__init__() got an unexpected keyword argument 'onset'
INFO:faster_whisper:Processing audio with duration 00:33.600
ERROR:root:[ERROR]: Failed to transcribe audio chunk: VadOptions.__init__() got an unexpected keyword argument 'onset'
INFO:faster_whisper:Processing audio with duration 00:33.600
ERROR:root:[ERROR]: Failed to transcribe audio chunk: VadOptions.__init__() got an unexpected keyword argument 'onset'
INFO:faster_whisper:Processing audio with duration 00:33.600
ERROR:root:[ERROR]: Failed to transcribe audio chunk: VadOptions.__init__() got an unexpected keyword argument 'onset'
INFO:faster_whisper:Processing audio with duration 00:33.650
ERROR:root:[ERROR]: Failed to transcribe audio chunk: VadOptions.__init__() got an unexpected keyword argument 'onset'
INFO:faster_whisper:Processing audio with duration 00:33.650
ERROR:root:[ERROR]: Failed to transcribe audio chunk: VadOptions.__init__() got an unexpected keyword argument 'onset'
INFO:faster_whisper:Processing audio with duration 00:33.650
ERROR:root:[ERROR]: Failed to transcribe audio chunk: VadOptions.__init__() got an unexpected keyword argument 'onset'
INFO:faster_whisper:Processing audio with duration 00:33.650
ERROR:root:[ERROR]: Failed to transcribe audio chunk: VadOptions.__init__() got an unexpected keyword argument 'onset'
INFO:faster_whisper:Processing audio with duration 00:33.650
ERROR:root:[ERROR]: Failed to transcribe audio chunk: VadOptions.__init__() got an unexpected keyword argument 'onset'
INFO:faster_whisper:Processing audio with duration 00:33.700
ERROR:root:[ERROR]: Failed to transcribe audio chunk: VadOptions.__init__() got an unexpected keyword argument 'onset'
INFO:faster_whisper:Processing audio with duration 00:33.700
ERROR:root:[ERROR]: Failed to transcribe audio chunk: VadOptions.__init__() got an unexpected keyword argument 'onset'
INFO:faster_whisper:Processing audio with duration 00:33.700
ERROR:root:[ERROR]: Failed to transcribe audio chunk: VadOptions.__init__() got an unexpected keyword argument 'onset'
INFO:faster_whisper:Processing audio with duration 00:33.700
ERROR:root:[ERROR]: Failed to transcribe audio chunk: VadOptions.__init__() got an unexpected keyword argument 'onset'
INFO:faster_whisper:Processing audio with duration 00:33.750
ERROR:root:[ERROR]: Failed to transcribe audio chunk: VadOptions.__init__() got an unexpected keyword argument 'onset'
INFO:faster_whisper:Processing audio with duration 00:33.750
ERROR:root:[ERROR]: Failed to transcribe audio chunk: VadOptions.__init__() got an unexpected keyword argument 'onset'
INFO:faster_whisper:Processing audio with duration 00:33.750
ERROR:root:[ERROR]: Failed to transcribe audio chunk: VadOptions.__init__() got an unexpected keyword argument 'onset'
INFO:faster_whisper:Processing audio with duration 00:33.750
ERROR:root:[ERROR]: Failed to transcribe audio chunk: VadOptions.__init__() got an unexpected keyword argument 'onset'
INFO:faster_whisper:Processing audio with duration 00:33.750
ERROR:root:[ERROR]: Failed to transcribe audio chunk: VadOptions.__init__() got an unexpected keyword argument 'onset'
INFO:faster_whisper:Processing audio with duration 00:33.800
ERROR:root:[ERROR]: Failed to transcribe audio chunk: VadOptions.__init__() got an unexpected keyword argument 'onset'
INFO:faster_whisper:Processing audio with duration 00:33.800
ERROR:root:[ERROR]: Failed to transcribe audio chunk: VadOptions.__init__() got an unexpected keyword argument 'onset'
INFO:faster_whisper:Processing audio with duration 00:33.800
ERROR:root:[ERROR]: Failed to transcribe audio chunk: VadOptions.__init__() got an unexpected keyword argument 'onset'
INFO:faster_whisper:Processing audio with duration 00:33.800
ERROR:root:[ERROR]: Failed to transcribe audio chunk: VadOptions.__init__() got an unexpected keyword argument 'onset'
INFO:faster_whisper:Processing audio with duration 00:33.850
ERROR:root:[ERROR]: Failed to transcribe audio chunk: VadOptions.__init__() got an unexpected keyword argument 'onset'
INFO:faster_whisper:Processing audio with duration 00:33.850
ERROR:root:[ERROR]: Failed to transcribe audio chunk: VadOptions.__init__() got an unexpected keyword argument 'onset'
INFO:faster_whisper:Processing audio with duration 00:33.850
ERROR:root:[ERROR]: Failed to transcribe audio chunk: VadOptions.__init__() got an unexpected keyword argument 'onset'
INFO:faster_whisper:Processing audio with duration 00:33.850
ERROR:root:[ERROR]: Failed to transcribe audio chunk: VadOptions.__init__() got an unexpected keyword argument 'onset'
INFO:faster_whisper:Processing audio with duration 00:33.850
ERROR:root:[ERROR]: Failed to transcribe audio chunk: VadOptions.__init__() got an unexpected keyword argument 'onset'
INFO:faster_whisper:Processing audio with duration 00:33.900
ERROR:root:[ERROR]: Failed to transcribe audio chunk: VadOptions.__init__() got an unexpected keyword argument 'onset'
INFO:faster_whisper:Processing audio with duration 00:33.900
ERROR:root:[ERROR]: Failed to transcribe audio chunk: VadOptions.__init__() got an unexpected keyword argument 'onset'
INFO:faster_whisper:Processing audio with duration 00:33.900
ERROR:root:[ERROR]: Failed to transcribe audio chunk: VadOptions.__init__() got an unexpected keyword argument 'onset'
INFO:faster_whisper:Processing audio with duration 00:33.900
ERROR:root:[ERROR]: Failed to transcribe audio chunk: VadOptions.__init__() got an unexpected keyword argument 'onset'
INFO:faster_whisper:Processing audio with duration 00:33.900
ERROR:root:[ERROR]: Failed to transcribe audio chunk: VadOptions.__init__() got an unexpected keyword argument 'onset'
INFO:faster_whisper:Processing audio with duration 00:33.950
ERROR:root:[ERROR]: Failed to transcribe audio chunk: VadOptions.__init__() got an unexpected keyword argument 'onset'
INFO:faster_whisper:Processing audio with duration 00:33.950
ERROR:root:[ERROR]: Failed to transcribe audio chunk: VadOptions.__init__() got an unexpected keyword argument 'onset'
INFO:faster_whisper:Processing audio with duration 00:33.950
ERROR:root:[ERROR]: Failed to transcribe audio chunk: VadOptions.__init__() got an unexpected keyword argument 'onset'
INFO:faster_whisper:Processing audio with duration 00:33.950
ERROR:root:[ERROR]: Failed to transcribe audio chunk: VadOptions.__init__() got an unexpected keyword argument 'onset'
INFO:faster_whisper:Processing audio with duration 00:34.000
ERROR:root:[ERROR]: Failed to transcribe audio chunk: VadOptions.__init__() got an unexpected keyword argument 'onset'
INFO:faster_whisper:Processing audio with duration 00:34.000
ERROR:root:[ERROR]: Failed to transcribe audio chunk: VadOptions.__init__() got an unexpected keyword argument 'onset'
INFO:faster_whisper:Processing audio with duration 00:34.000
ERROR:root:[ERROR]: Failed to transcribe audio chunk: VadOptions.__init__() got an unexpected keyword argument 'onset'
INFO:faster_whisper:Processing audio with duration 00:34.000
ERROR:root:[ERROR]: Failed to transcribe audio chunk: VadOptions.__init__() got an unexpected keyword argument 'onset'
INFO:faster_whisper:Processing audio with duration 00:34.000
ERROR:root:[ERROR]: Failed to transcribe audio chunk: VadOptions.__init__() got an unexpected keyword argument 'onset'
INFO:faster_whisper:Processing audio with duration 00:34.050
ERROR:root:[ERROR]: Failed to transcribe audio chunk: VadOptions.__init__() got an unexpected keyword argument 'onset'
INFO:faster_whisper:Processing audio with duration 00:34.050
ERROR:root:[ERROR]: Failed to transcribe audio chunk: VadOptions.__init__() got an unexpected keyword argument 'onset'
INFO:faster_whisper:Processing audio with duration 00:34.050
ERROR:root:[ERROR]: Failed to transcribe audio chunk: VadOptions.__init__() got an unexpected keyword argument 'onset'
INFO:faster_whisper:Processing audio with duration 00:34.050
ERROR:root:[ERROR]: Failed to transcribe audio chunk: VadOptions.__init__() got an unexpected keyword argument 'onset'
INFO:faster_whisper:Processing audio with duration 00:34.050
ERROR:root:[ERROR]: Failed to transcribe audio chunk: VadOptions.__init__() got an unexpected keyword argument 'onset'
INFO:faster_whisper:Processing audio with duration 00:34.100
ERROR:root:[ERROR]: Failed to transcribe audio chunk: VadOptions.__init__() got an unexpected keyword argument 'onset'
INFO:faster_whisper:Processing audio with duration 00:34.100
ERROR:root:[ERROR]: Failed to transcribe audio chunk: VadOptions.__init__() got an unexpected keyword argument 'onset'
INFO:faster_whisper:Processing audio with duration 00:34.100
ERROR:root:[ERROR]: Failed to transcribe audio chunk: VadOptions.__init__() got an unexpected keyword argument 'onset'
INFO:faster_whisper:Processing audio with duration 00:34.100
ERROR:root:[ERROR]: Failed to transcribe audio chunk: VadOptions.__init__() got an unexpected keyword argument 'onset'
INFO:faster_whisper:Processing audio with duration 00:34.150
ERROR:root:[ERROR]: Failed to transcribe audio chunk: VadOptions.__init__() got an unexpected keyword argument 'onset'
INFO:faster_whisper:Processing audio with duration 00:34.150
ERROR:root:[ERROR]: Failed to transcribe audio chunk: VadOptions.__init__() got an unexpected keyword argument 'onset'
INFO:faster_whisper:Processing audio with duration 00:34.150
ERROR:root:[ERROR]: Failed to transcribe audio chunk: VadOptions.__init__() got an unexpected keyword argument 'onset'
INFO:faster_whisper:Processing audio with duration 00:34.150
ERROR:root:[ERROR]: Failed to transcribe audio chunk: VadOptions.__init__() got an unexpected keyword argument 'onset'
INFO:faster_whisper:Processing audio with duration 00:34.150
ERROR:root:[ERROR]: Failed to transcribe audio chunk: VadOptions.__init__() got an unexpected keyword argument 'onset'
INFO:faster_whisper:Processing audio with duration 00:34.200
ERROR:root:[ERROR]: Failed to transcribe audio chunk: VadOptions.__init__() got an unexpected keyword argument 'onset'
INFO:faster_whisper:Processing audio with duration 00:34.200
ERROR:root:[ERROR]: Failed to transcribe audio chunk: VadOptions.__init__() got an unexpected keyword argument 'onset'
INFO:faster_whisper:Processing audio with duration 00:34.200
ERROR:root:[ERROR]: Failed to transcribe audio chunk: VadOptions.__init__() got an unexpected keyword argument 'onset'
INFO:faster_whisper:Processing audio with duration 00:34.200
ERROR:root:[ERROR]: Failed to transcribe audio chunk: VadOptions.__init__() got an unexpected keyword argument 'onset'
INFO:faster_whisper:Processing audio with duration 00:34.200
ERROR:root:[ERROR]: Failed to transcribe audio chunk: VadOptions.__init__() got an unexpected keyword argument 'onset'
INFO:faster_whisper:Processing audio with duration 00:34.250
ERROR:root:[ERROR]: Failed to transcribe audio chunk: VadOptions.__init__() got an unexpected keyword argument 'onset'
INFO:faster_whisper:Processing audio with duration 00:34.250
ERROR:root:[ERROR]: Failed to transcribe audio chunk: VadOptions.__init__() got an unexpected keyword argument 'onset'
INFO:faster_whisper:Processing audio with duration 00:34.250
ERROR:root:[ERROR]: Failed to transcribe audio chunk: VadOptions.__init__() got an unexpected keyword argument 'onset'
INFO:faster_whisper:Processing audio with duration 00:34.250
ERROR:root:[ERROR]: Failed to transcribe audio chunk: VadOptions.__init__() got an unexpected keyword argument 'onset'
INFO:faster_whisper:Processing audio with duration 00:34.300
ERROR:root:[ERROR]: Failed to transcribe audio chunk: VadOptions.__init__() got an unexpected keyword argument 'onset'
INFO:faster_whisper:Processing audio with duration 00:34.300
ERROR:root:[ERROR]: Failed to transcribe audio chunk: VadOptions.__init__() got an unexpected keyword argument 'onset'
INFO:faster_whisper:Processing audio with duration 00:34.300
ERROR:root:[ERROR]: Failed to transcribe audio chunk: VadOptions.__init__() got an unexpected keyword argument 'onset'
INFO:faster_whisper:Processing audio with duration 00:34.300
ERROR:root:[ERROR]: Failed to transcribe audio chunk: VadOptions.__init__() got an unexpected keyword argument 'onset'
INFO:faster_whisper:Processing audio with duration 00:34.300
ERROR:root:[ERROR]: Failed to transcribe audio chunk: VadOptions.__init__() got an unexpected keyword argument 'onset'
INFO:faster_whisper:Processing audio with duration 00:34.350
ERROR:root:[ERROR]: Failed to transcribe audio chunk: VadOptions.__init__() got an unexpected keyword argument 'onset'
INFO:faster_whisper:Processing audio with duration 00:34.350
ERROR:root:[ERROR]: Failed to transcribe audio chunk: VadOptions.__init__() got an unexpected keyword argument 'onset'
INFO:faster_whisper:Processing audio with duration 00:34.350
ERROR:root:[ERROR]: Failed to transcribe audio chunk: VadOptions.__init__() got an unexpected keyword argument 'onset'
INFO:faster_whisper:Processing audio with duration 00:34.350
ERROR:root:[ERROR]: Failed to transcribe audio chunk: VadOptions.__init__() got an unexpected keyword argument 'onset'
INFO:faster_whisper:Processing audio with duration 00:34.400
ERROR:root:[ERROR]: Failed to transcribe audio chunk: VadOptions.__init__() got an unexpected keyword argument 'onset'
INFO:faster_whisper:Processing audio with duration 00:34.400
ERROR:root:[ERROR]: Failed to transcribe audio chunk: VadOptions.__init__() got an unexpected keyword argument 'onset'
INFO:faster_whisper:Processing audio with duration 00:34.400
ERROR:root:[ERROR]: Failed to transcribe audio chunk: VadOptions.__init__() got an unexpected keyword argument 'onset'
INFO:faster_whisper:Processing audio with duration 00:34.400
ERROR:root:[ERROR]: Failed to transcribe audio chunk: VadOptions.__init__() got an unexpected keyword argument 'onset'
INFO:faster_whisper:Processing audio with duration 00:34.400
ERROR:root:[ERROR]: Failed to transcribe audio chunk: VadOptions.__init__() got an unexpected keyword argument 'onset'
INFO:faster_whisper:Processing audio with duration 00:34.450
ERROR:root:[ERROR]: Failed to transcribe audio chunk: VadOptions.__init__() got an unexpected keyword argument 'onset'
INFO:faster_whisper:Processing audio with duration 00:34.450
ERROR:root:[ERROR]: Failed to transcribe audio chunk: VadOptions.__init__() got an unexpected keyword argument 'onset'
INFO:faster_whisper:Processing audio with duration 00:34.450
ERROR:root:[ERROR]: Failed to transcribe audio chunk: VadOptions.__init__() got an unexpected keyword argument 'onset'
INFO:faster_whisper:Processing audio with duration 00:34.450
ERROR:root:[ERROR]: Failed to transcribe audio chunk: VadOptions.__init__() got an unexpected keyword argument 'onset'
INFO:faster_whisper:Processing audio with duration 00:34.450
ERROR:root:[ERROR]: Failed to transcribe audio chunk: VadOptions.__init__() got an unexpected keyword argument 'onset'
INFO:faster_whisper:Processing audio with duration 00:34.500
ERROR:root:[ERROR]: Failed to transcribe audio chunk: VadOptions.__init__() got an unexpected keyword argument 'onset'
INFO:faster_whisper:Processing audio with duration 00:34.500
ERROR:root:[ERROR]: Failed to transcribe audio chunk: VadOptions.__init__() got an unexpected keyword argument 'onset'
INFO:faster_whisper:Processing audio with duration 00:34.500
ERROR:root:[ERROR]: Failed to transcribe audio chunk: VadOptions.__init__() got an unexpected keyword argument 'onset'
INFO:faster_whisper:Processing audio with duration 00:34.500
ERROR:root:[ERROR]: Failed to transcribe audio chunk: VadOptions.__init__() got an unexpected keyword argument 'onset'
INFO:faster_whisper:Processing audio with duration 00:34.550
ERROR:root:[ERROR]: Failed to transcribe audio chunk: VadOptions.__init__() got an unexpected keyword argument 'onset'
INFO:faster_whisper:Processing audio with duration 00:34.550
ERROR:root:[ERROR]: Failed to transcribe audio chunk: VadOptions.__init__() got an unexpected keyword argument 'onset'
INFO:faster_whisper:Processing audio with duration 00:34.550
ERROR:root:[ERROR]: Failed to transcribe audio chunk: VadOptions.__init__() got an unexpected keyword argument 'onset'
INFO:faster_whisper:Processing audio with duration 00:34.550
ERROR:root:[ERROR]: Failed to transcribe audio chunk: VadOptions.__init__() got an unexpected keyword argument 'onset'
INFO:faster_whisper:Processing audio with duration 00:34.550
ERROR:root:[ERROR]: Failed to transcribe audio chunk: VadOptions.__init__() got an unexpected keyword argument 'onset'
INFO:faster_whisper:Processing audio with duration 00:34.600
ERROR:root:[ERROR]: Failed to transcribe audio chunk: VadOptions.__init__() got an unexpected keyword argument 'onset'
INFO:faster_whisper:Processing audio with duration 00:34.600
ERROR:root:[ERROR]: Failed to transcribe audio chunk: VadOptions.__init__() got an unexpected keyword argument 'onset'
INFO:faster_whisper:Processing audio with duration 00:34.600
ERROR:root:[ERROR]: Failed to transcribe audio chunk: VadOptions.__init__() got an unexpected keyword argument 'onset'
INFO:faster_whisper:Processing audio with duration 00:34.600
ERROR:root:[ERROR]: Failed to transcribe audio chunk: VadOptions.__init__() got an unexpected keyword argument 'onset'
INFO:faster_whisper:Processing audio with duration 00:34.650
ERROR:root:[ERROR]: Failed to transcribe audio chunk: VadOptions.__init__() got an unexpected keyword argument 'onset'
INFO:faster_whisper:Processing audio with duration 00:34.650
ERROR:root:[ERROR]: Failed to transcribe audio chunk: VadOptions.__init__() got an unexpected keyword argument 'onset'
INFO:faster_whisper:Processing audio with duration 00:34.650
ERROR:root:[ERROR]: Failed to transcribe audio chunk: VadOptions.__init__() got an unexpected keyword argument 'onset'
INFO:faster_whisper:Processing audio with duration 00:34.650
ERROR:root:[ERROR]: Failed to transcribe audio chunk: VadOptions.__init__() got an unexpected keyword argument 'onset'
INFO:faster_whisper:Processing audio with duration 00:34.650
ERROR:root:[ERROR]: Failed to transcribe audio chunk: VadOptions.__init__() got an unexpected keyword argument 'onset'
INFO:faster_whisper:Processing audio with duration 00:34.700
ERROR:root:[ERROR]: Failed to transcribe audio chunk: VadOptions.__init__() got an unexpected keyword argument 'onset'
INFO:faster_whisper:Processing audio with duration 00:34.700
ERROR:root:[ERROR]: Failed to transcribe audio chunk: VadOptions.__init__() got an unexpected keyword argument 'onset'
INFO:faster_whisper:Processing audio with duration 00:34.700
ERROR:root:[ERROR]: Failed to transcribe audio chunk: VadOptions.__init__() got an unexpected keyword argument 'onset'
INFO:faster_whisper:Processing audio with duration 00:34.700
ERROR:root:[ERROR]: Failed to transcribe audio chunk: VadOptions.__init__() got an unexpected keyword argument 'onset'
INFO:faster_whisper:Processing audio with duration 00:34.750
ERROR:root:[ERROR]: Failed to transcribe audio chunk: VadOptions.__init__() got an unexpected keyword argument 'onset'
INFO:faster_whisper:Processing audio with duration 00:34.750
ERROR:root:[ERROR]: Failed to transcribe audio chunk: VadOptions.__init__() got an unexpected keyword argument 'onset'
INFO:faster_whisper:Processing audio with duration 00:34.750
ERROR:root:[ERROR]: Failed to transcribe audio chunk: VadOptions.__init__() got an unexpected keyword argument 'onset'
INFO:faster_whisper:Processing audio with duration 00:34.750
ERROR:root:[ERROR]: Failed to transcribe audio chunk: VadOptions.__init__() got an unexpected keyword argument 'onset'
INFO:faster_whisper:Processing audio with duration 00:34.750
ERROR:root:[ERROR]: Failed to transcribe audio chunk: VadOptions.__init__() got an unexpected keyword argument 'onset'
INFO:faster_whisper:Processing audio with duration 00:34.800
ERROR:root:[ERROR]: Failed to transcribe audio chunk: VadOptions.__init__() got an unexpected keyword argument 'onset'
INFO:faster_whisper:Processing audio with duration 00:34.800
ERROR:root:[ERROR]: Failed to transcribe audio chunk: VadOptions.__init__() got an unexpected keyword argument 'onset'
INFO:faster_whisper:Processing audio with duration 00:34.800
ERROR:root:[ERROR]: Failed to transcribe audio chunk: VadOptions.__init__() got an unexpected keyword argument 'onset'
INFO:faster_whisper:Processing audio with duration 00:34.800
ERROR:root:[ERROR]: Failed to transcribe audio chunk: VadOptions.__init__() got an unexpected keyword argument 'onset'
INFO:faster_whisper:Processing audio with duration 00:34.850
ERROR:root:[ERROR]: Failed to transcribe audio chunk: VadOptions.__init__() got an unexpected keyword argument 'onset'
INFO:faster_whisper:Processing audio with duration 00:34.850
ERROR:root:[ERROR]: Failed to transcribe audio chunk: VadOptions.__init__() got an unexpected keyword argument 'onset'
INFO:faster_whisper:Processing audio with duration 00:34.850
ERROR:root:[ERROR]: Failed to transcribe audio chunk: VadOptions.__init__() got an unexpected keyword argument 'onset'
INFO:faster_whisper:Processing audio with duration 00:34.850
ERROR:root:[ERROR]: Failed to transcribe audio chunk: VadOptions.__init__() got an unexpected keyword argument 'onset'
INFO:faster_whisper:Processing audio with duration 00:34.850
ERROR:root:[ERROR]: Failed to transcribe audio chunk: VadOptions.__init__() got an unexpected keyword argument 'onset'
INFO:faster_whisper:Processing audio with duration 00:34.900
ERROR:root:[ERROR]: Failed to transcribe audio chunk: VadOptions.__init__() got an unexpected keyword argument 'onset'
INFO:faster_whisper:Processing audio with duration 00:34.900
ERROR:root:[ERROR]: Failed to transcribe audio chunk: VadOptions.__init__() got an unexpected keyword argument 'onset'
INFO:faster_whisper:Processing audio with duration 00:34.900
ERROR:root:[ERROR]: Failed to transcribe audio chunk: VadOptions.__init__() got an unexpected keyword argument 'onset'
INFO:faster_whisper:Processing audio with duration 00:34.900
ERROR:root:[ERROR]: Failed to transcribe audio chunk: VadOptions.__init__() got an unexpected keyword argument 'onset'
INFO:faster_whisper:Processing audio with duration 00:34.900
ERROR:root:[ERROR]: Failed to transcribe audio chunk: VadOptions.__init__() got an unexpected keyword argument 'onset'
INFO:faster_whisper:Processing audio with duration 00:34.950
ERROR:root:[ERROR]: Failed to transcribe audio chunk: VadOptions.__init__() got an unexpected keyword argument 'onset'
INFO:faster_whisper:Processing audio with duration 00:34.950
ERROR:root:[ERROR]: Failed to transcribe audio chunk: VadOptions.__init__() got an unexpected keyword argument 'onset'
INFO:faster_whisper:Processing audio with duration 00:34.950
ERROR:root:[ERROR]: Failed to transcribe audio chunk: VadOptions.__init__() got an unexpected keyword argument 'onset'
INFO:faster_whisper:Processing audio with duration 00:34.950
ERROR:root:[ERROR]: Failed to transcribe audio chunk: VadOptions.__init__() got an unexpected keyword argument 'onset'
INFO:faster_whisper:Processing audio with duration 00:35.000
ERROR:root:[ERROR]: Failed to transcribe audio chunk: VadOptions.__init__() got an unexpected keyword argument 'onset'
INFO:faster_whisper:Processing audio with duration 00:35.000
ERROR:root:[ERROR]: Failed to transcribe audio chunk: VadOptions.__init__() got an unexpected keyword argument 'onset'
INFO:faster_whisper:Processing audio with duration 00:35.000
ERROR:root:[ERROR]: Failed to transcribe audio chunk: VadOptions.__init__() got an unexpected keyword argument 'onset'
INFO:faster_whisper:Processing audio with duration 00:35.000
ERROR:root:[ERROR]: Failed to transcribe audio chunk: VadOptions.__init__() got an unexpected keyword argument 'onset'
INFO:faster_whisper:Processing audio with duration 00:35.000
ERROR:root:[ERROR]: Failed to transcribe audio chunk: VadOptions.__init__() got an unexpected keyword argument 'onset'
INFO:faster_whisper:Processing audio with duration 00:35.050
ERROR:root:[ERROR]: Failed to transcribe audio chunk: VadOptions.__init__() got an unexpected keyword argument 'onset'
INFO:faster_whisper:Processing audio with duration 00:35.050
ERROR:root:[ERROR]: Failed to transcribe audio chunk: VadOptions.__init__() got an unexpected keyword argument 'onset'
INFO:faster_whisper:Processing audio with duration 00:35.050
ERROR:root:[ERROR]: Failed to transcribe audio chunk: VadOptions.__init__() got an unexpected keyword argument 'onset'
INFO:faster_whisper:Processing audio with duration 00:35.050
ERROR:root:[ERROR]: Failed to transcribe audio chunk: VadOptions.__init__() got an unexpected keyword argument 'onset'
INFO:faster_whisper:Processing audio with duration 00:35.100
ERROR:root:[ERROR]: Failed to transcribe audio chunk: VadOptions.__init__() got an unexpected keyword argument 'onset'
INFO:faster_whisper:Processing audio with duration 00:35.100
ERROR:root:[ERROR]: Failed to transcribe audio chunk: VadOptions.__init__() got an unexpected keyword argument 'onset'
INFO:faster_whisper:Processing audio with duration 00:35.100
ERROR:root:[ERROR]: Failed to transcribe audio chunk: VadOptions.__init__() got an unexpected keyword argument 'onset'
INFO:faster_whisper:Processing audio with duration 00:35.100
ERROR:root:[ERROR]: Failed to transcribe audio chunk: VadOptions.__init__() got an unexpected keyword argument 'onset'
INFO:faster_whisper:Processing audio with duration 00:35.100
ERROR:root:[ERROR]: Failed to transcribe audio chunk: VadOptions.__init__() got an unexpected keyword argument 'onset'
INFO:faster_whisper:Processing audio with duration 00:35.150
ERROR:root:[ERROR]: Failed to transcribe audio chunk: VadOptions.__init__() got an unexpected keyword argument 'onset'
INFO:faster_whisper:Processing audio with duration 00:35.150
ERROR:root:[ERROR]: Failed to transcribe audio chunk: VadOptions.__init__() got an unexpected keyword argument 'onset'
INFO:faster_whisper:Processing audio with duration 00:35.150
ERROR:root:[ERROR]: Failed to transcribe audio chunk: VadOptions.__init__() got an unexpected keyword argument 'onset'
INFO:faster_whisper:Processing audio with duration 00:35.150
ERROR:root:[ERROR]: Failed to transcribe audio chunk: VadOptions.__init__() got an unexpected keyword argument 'onset'
INFO:faster_whisper:Processing audio with duration 00:35.200
ERROR:root:[ERROR]: Failed to transcribe audio chunk: VadOptions.__init__() got an unexpected keyword argument 'onset'
INFO:faster_whisper:Processing audio with duration 00:35.200
ERROR:root:[ERROR]: Failed to transcribe audio chunk: VadOptions.__init__() got an unexpected keyword argument 'onset'
INFO:faster_whisper:Processing audio with duration 00:35.200
ERROR:root:[ERROR]: Failed to transcribe audio chunk: VadOptions.__init__() got an unexpected keyword argument 'onset'
INFO:faster_whisper:Processing audio with duration 00:35.200
ERROR:root:[ERROR]: Failed to transcribe audio chunk: VadOptions.__init__() got an unexpected keyword argument 'onset'
INFO:faster_whisper:Processing audio with duration 00:35.200
ERROR:root:[ERROR]: Failed to transcribe audio chunk: VadOptions.__init__() got an unexpected keyword argument 'onset'
INFO:faster_whisper:Processing audio with duration 00:35.250
ERROR:root:[ERROR]: Failed to transcribe audio chunk: VadOptions.__init__() got an unexpected keyword argument 'onset'
INFO:faster_whisper:Processing audio with duration 00:35.250
ERROR:root:[ERROR]: Failed to transcribe audio chunk: VadOptions.__init__() got an unexpected keyword argument 'onset'
INFO:faster_whisper:Processing audio with duration 00:35.250
ERROR:root:[ERROR]: Failed to transcribe audio chunk: VadOptions.__init__() got an unexpected keyword argument 'onset'
INFO:faster_whisper:Processing audio with duration 00:35.300
ERROR:root:[ERROR]: Failed to transcribe audio chunk: VadOptions.__init__() got an unexpected keyword argument 'onset'
INFO:faster_whisper:Processing audio with duration 00:35.300
ERROR:root:[ERROR]: Failed to transcribe audio chunk: VadOptions.__init__() got an unexpected keyword argument 'onset'
INFO:faster_whisper:Processing audio with duration 00:35.300
ERROR:root:[ERROR]: Failed to transcribe audio chunk: VadOptions.__init__() got an unexpected keyword argument 'onset'
INFO:faster_whisper:Processing audio with duration 00:35.300
ERROR:root:[ERROR]: Failed to transcribe audio chunk: VadOptions.__init__() got an unexpected keyword argument 'onset'
INFO:faster_whisper:Processing audio with duration 00:35.300
ERROR:root:[ERROR]: Failed to transcribe audio chunk: VadOptions.__init__() got an unexpected keyword argument 'onset'
INFO:faster_whisper:Processing audio with duration 00:35.350
ERROR:root:[ERROR]: Failed to transcribe audio chunk: VadOptions.__init__() got an unexpected keyword argument 'onset'
INFO:faster_whisper:Processing audio with duration 00:35.350
ERROR:root:[ERROR]: Failed to transcribe audio chunk: VadOptions.__init__() got an unexpected keyword argument 'onset'
INFO:faster_whisper:Processing audio with duration 00:35.350
ERROR:root:[ERROR]: Failed to transcribe audio chunk: VadOptions.__init__() got an unexpected keyword argument 'onset'
INFO:faster_whisper:Processing audio with duration 00:35.350
ERROR:root:[ERROR]: Failed to transcribe audio chunk: VadOptions.__init__() got an unexpected keyword argument 'onset'
INFO:faster_whisper:Processing audio with duration 00:35.350
ERROR:root:[ERROR]: Failed to transcribe audio chunk: VadOptions.__init__() got an unexpected keyword argument 'onset'
INFO:faster_whisper:Processing audio with duration 00:35.400
ERROR:root:[ERROR]: Failed to transcribe audio chunk: VadOptions.__init__() got an unexpected keyword argument 'onset'
INFO:faster_whisper:Processing audio with duration 00:35.400
ERROR:root:[ERROR]: Failed to transcribe audio chunk: VadOptions.__init__() got an unexpected keyword argument 'onset'
INFO:faster_whisper:Processing audio with duration 00:35.400
ERROR:root:[ERROR]: Failed to transcribe audio chunk: VadOptions.__init__() got an unexpected keyword argument 'onset'
INFO:faster_whisper:Processing audio with duration 00:35.400
ERROR:root:[ERROR]: Failed to transcribe audio chunk: VadOptions.__init__() got an unexpected keyword argument 'onset'
INFO:faster_whisper:Processing audio with duration 00:35.450
ERROR:root:[ERROR]: Failed to transcribe audio chunk: VadOptions.__init__() got an unexpected keyword argument 'onset'
INFO:faster_whisper:Processing audio with duration 00:35.450
ERROR:root:[ERROR]: Failed to transcribe audio chunk: VadOptions.__init__() got an unexpected keyword argument 'onset'
INFO:faster_whisper:Processing audio with duration 00:35.450
ERROR:root:[ERROR]: Failed to transcribe audio chunk: VadOptions.__init__() got an unexpected keyword argument 'onset'
INFO:faster_whisper:Processing audio with duration 00:35.450
ERROR:root:[ERROR]: Failed to transcribe audio chunk: VadOptions.__init__() got an unexpected keyword argument 'onset'
INFO:faster_whisper:Processing audio with duration 00:35.450
ERROR:root:[ERROR]: Failed to transcribe audio chunk: VadOptions.__init__() got an unexpected keyword argument 'onset'
INFO:faster_whisper:Processing audio with duration 00:35.500
ERROR:root:[ERROR]: Failed to transcribe audio chunk: VadOptions.__init__() got an unexpected keyword argument 'onset'
INFO:faster_whisper:Processing audio with duration 00:35.500
ERROR:root:[ERROR]: Failed to transcribe audio chunk: VadOptions.__init__() got an unexpected keyword argument 'onset'
INFO:faster_whisper:Processing audio with duration 00:35.500
ERROR:root:[ERROR]: Failed to transcribe audio chunk: VadOptions.__init__() got an unexpected keyword argument 'onset'
INFO:faster_whisper:Processing audio with duration 00:35.500
ERROR:root:[ERROR]: Failed to transcribe audio chunk: VadOptions.__init__() got an unexpected keyword argument 'onset'
INFO:faster_whisper:Processing audio with duration 00:35.550
ERROR:root:[ERROR]: Failed to transcribe audio chunk: VadOptions.__init__() got an unexpected keyword argument 'onset'
INFO:faster_whisper:Processing audio with duration 00:35.550
ERROR:root:[ERROR]: Failed to transcribe audio chunk: VadOptions.__init__() got an unexpected keyword argument 'onset'
INFO:faster_whisper:Processing audio with duration 00:35.550
ERROR:root:[ERROR]: Failed to transcribe audio chunk: VadOptions.__init__() got an unexpected keyword argument 'onset'
INFO:faster_whisper:Processing audio with duration 00:35.550
ERROR:root:[ERROR]: Failed to transcribe audio chunk: VadOptions.__init__() got an unexpected keyword argument 'onset'
INFO:faster_whisper:Processing audio with duration 00:35.550
ERROR:root:[ERROR]: Failed to transcribe audio chunk: VadOptions.__init__() got an unexpected keyword argument 'onset'
INFO:faster_whisper:Processing audio with duration 00:35.600
ERROR:root:[ERROR]: Failed to transcribe audio chunk: VadOptions.__init__() got an unexpected keyword argument 'onset'
INFO:faster_whisper:Processing audio with duration 00:35.600
ERROR:root:[ERROR]: Failed to transcribe audio chunk: VadOptions.__init__() got an unexpected keyword argument 'onset'
INFO:faster_whisper:Processing audio with duration 00:35.600
ERROR:root:[ERROR]: Failed to transcribe audio chunk: VadOptions.__init__() got an unexpected keyword argument 'onset'
INFO:faster_whisper:Processing audio with duration 00:35.600
ERROR:root:[ERROR]: Failed to transcribe audio chunk: VadOptions.__init__() got an unexpected keyword argument 'onset'
INFO:faster_whisper:Processing audio with duration 00:35.600
ERROR:root:[ERROR]: Failed to transcribe audio chunk: VadOptions.__init__() got an unexpected keyword argument 'onset'
INFO:faster_whisper:Processing audio with duration 00:35.650
ERROR:root:[ERROR]: Failed to transcribe audio chunk: VadOptions.__init__() got an unexpected keyword argument 'onset'
INFO:faster_whisper:Processing audio with duration 00:35.650
ERROR:root:[ERROR]: Failed to transcribe audio chunk: VadOptions.__init__() got an unexpected keyword argument 'onset'
INFO:faster_whisper:Processing audio with duration 00:35.650
ERROR:root:[ERROR]: Failed to transcribe audio chunk: VadOptions.__init__() got an unexpected keyword argument 'onset'
INFO:faster_whisper:Processing audio with duration 00:35.650
ERROR:root:[ERROR]: Failed to transcribe audio chunk: VadOptions.__init__() got an unexpected keyword argument 'onset'
INFO:faster_whisper:Processing audio with duration 00:35.700
ERROR:root:[ERROR]: Failed to transcribe audio chunk: VadOptions.__init__() got an unexpected keyword argument 'onset'
INFO:faster_whisper:Processing audio with duration 00:35.700
ERROR:root:[ERROR]: Failed to transcribe audio chunk: VadOptions.__init__() got an unexpected keyword argument 'onset'
INFO:faster_whisper:Processing audio with duration 00:35.700
ERROR:root:[ERROR]: Failed to transcribe audio chunk: VadOptions.__init__() got an unexpected keyword argument 'onset'
INFO:faster_whisper:Processing audio with duration 00:35.700
ERROR:root:[ERROR]: Failed to transcribe audio chunk: VadOptions.__init__() got an unexpected keyword argument 'onset'
INFO:faster_whisper:Processing audio with duration 00:35.700
ERROR:root:[ERROR]: Failed to transcribe audio chunk: VadOptions.__init__() got an unexpected keyword argument 'onset'
INFO:faster_whisper:Processing audio with duration 00:35.750
ERROR:root:[ERROR]: Failed to transcribe audio chunk: VadOptions.__init__() got an unexpected keyword argument 'onset'
INFO:faster_whisper:Processing audio with duration 00:35.750
ERROR:root:[ERROR]: Failed to transcribe audio chunk: VadOptions.__init__() got an unexpected keyword argument 'onset'
INFO:faster_whisper:Processing audio with duration 00:35.750
ERROR:root:[ERROR]: Failed to transcribe audio chunk: VadOptions.__init__() got an unexpected keyword argument 'onset'
INFO:faster_whisper:Processing audio with duration 00:35.750
ERROR:root:[ERROR]: Failed to transcribe audio chunk: VadOptions.__init__() got an unexpected keyword argument 'onset'
INFO:faster_whisper:Processing audio with duration 00:35.750
ERROR:root:[ERROR]: Failed to transcribe audio chunk: VadOptions.__init__() got an unexpected keyword argument 'onset'
INFO:faster_whisper:Processing audio with duration 00:35.800
ERROR:root:[ERROR]: Failed to transcribe audio chunk: VadOptions.__init__() got an unexpected keyword argument 'onset'
INFO:faster_whisper:Processing audio with duration 00:35.800
ERROR:root:[ERROR]: Failed to transcribe audio chunk: VadOptions.__init__() got an unexpected keyword argument 'onset'
INFO:faster_whisper:Processing audio with duration 00:35.800
ERROR:root:[ERROR]: Failed to transcribe audio chunk: VadOptions.__init__() got an unexpected keyword argument 'onset'
INFO:faster_whisper:Processing audio with duration 00:35.800
ERROR:root:[ERROR]: Failed to transcribe audio chunk: VadOptions.__init__() got an unexpected keyword argument 'onset'
INFO:faster_whisper:Processing audio with duration 00:35.850
ERROR:root:[ERROR]: Failed to transcribe audio chunk: VadOptions.__init__() got an unexpected keyword argument 'onset'
INFO:faster_whisper:Processing audio with duration 00:35.850
ERROR:root:[ERROR]: Failed to transcribe audio chunk: VadOptions.__init__() got an unexpected keyword argument 'onset'
INFO:faster_whisper:Processing audio with duration 00:35.850
ERROR:root:[ERROR]: Failed to transcribe audio chunk: VadOptions.__init__() got an unexpected keyword argument 'onset'
INFO:faster_whisper:Processing audio with duration 00:35.850
ERROR:root:[ERROR]: Failed to transcribe audio chunk: VadOptions.__init__() got an unexpected keyword argument 'onset'
INFO:faster_whisper:Processing audio with duration 00:35.850
ERROR:root:[ERROR]: Failed to transcribe audio chunk: VadOptions.__init__() got an unexpected keyword argument 'onset'
INFO:faster_whisper:Processing audio with duration 00:35.900
ERROR:root:[ERROR]: Failed to transcribe audio chunk: VadOptions.__init__() got an unexpected keyword argument 'onset'
INFO:faster_whisper:Processing audio with duration 00:35.900
ERROR:root:[ERROR]: Failed to transcribe audio chunk: VadOptions.__init__() got an unexpected keyword argument 'onset'
INFO:faster_whisper:Processing audio with duration 00:35.900
ERROR:root:[ERROR]: Failed to transcribe audio chunk: VadOptions.__init__() got an unexpected keyword argument 'onset'
INFO:faster_whisper:Processing audio with duration 00:35.900
ERROR:root:[ERROR]: Failed to transcribe audio chunk: VadOptions.__init__() got an unexpected keyword argument 'onset'
INFO:faster_whisper:Processing audio with duration 00:35.900
ERROR:root:[ERROR]: Failed to transcribe audio chunk: VadOptions.__init__() got an unexpected keyword argument 'onset'
INFO:faster_whisper:Processing audio with duration 00:35.950
ERROR:root:[ERROR]: Failed to transcribe audio chunk: VadOptions.__init__() got an unexpected keyword argument 'onset'
INFO:faster_whisper:Processing audio with duration 00:35.950
ERROR:root:[ERROR]: Failed to transcribe audio chunk: VadOptions.__init__() got an unexpected keyword argument 'onset'
INFO:faster_whisper:Processing audio with duration 00:35.950
ERROR:root:[ERROR]: Failed to transcribe audio chunk: VadOptions.__init__() got an unexpected keyword argument 'onset'
INFO:faster_whisper:Processing audio with duration 00:35.950
ERROR:root:[ERROR]: Failed to transcribe audio chunk: VadOptions.__init__() got an unexpected keyword argument 'onset'
INFO:faster_whisper:Processing audio with duration 00:36.000
ERROR:root:[ERROR]: Failed to transcribe audio chunk: VadOptions.__init__() got an unexpected keyword argument 'onset'
INFO:faster_whisper:Processing audio with duration 00:36.000
ERROR:root:[ERROR]: Failed to transcribe audio chunk: VadOptions.__init__() got an unexpected keyword argument 'onset'
INFO:faster_whisper:Processing audio with duration 00:36.000
ERROR:root:[ERROR]: Failed to transcribe audio chunk: VadOptions.__init__() got an unexpected keyword argument 'onset'
INFO:faster_whisper:Processing audio with duration 00:36.000
ERROR:root:[ERROR]: Failed to transcribe audio chunk: VadOptions.__init__() got an unexpected keyword argument 'onset'
INFO:faster_whisper:Processing audio with duration 00:36.000
ERROR:root:[ERROR]: Failed to transcribe audio chunk: VadOptions.__init__() got an unexpected keyword argument 'onset'
INFO:faster_whisper:Processing audio with duration 00:36.050
ERROR:root:[ERROR]: Failed to transcribe audio chunk: VadOptions.__init__() got an unexpected keyword argument 'onset'
INFO:faster_whisper:Processing audio with duration 00:36.050
ERROR:root:[ERROR]: Failed to transcribe audio chunk: VadOptions.__init__() got an unexpected keyword argument 'onset'
INFO:faster_whisper:Processing audio with duration 00:36.050
ERROR:root:[ERROR]: Failed to transcribe audio chunk: VadOptions.__init__() got an unexpected keyword argument 'onset'
INFO:faster_whisper:Processing audio with duration 00:36.050
ERROR:root:[ERROR]: Failed to transcribe audio chunk: VadOptions.__init__() got an unexpected keyword argument 'onset'
INFO:faster_whisper:Processing audio with duration 00:36.050
ERROR:root:[ERROR]: Failed to transcribe audio chunk: VadOptions.__init__() got an unexpected keyword argument 'onset'
INFO:faster_whisper:Processing audio with duration 00:36.100
ERROR:root:[ERROR]: Failed to transcribe audio chunk: VadOptions.__init__() got an unexpected keyword argument 'onset'
INFO:faster_whisper:Processing audio with duration 00:36.100
ERROR:root:[ERROR]: Failed to transcribe audio chunk: VadOptions.__init__() got an unexpected keyword argument 'onset'
INFO:faster_whisper:Processing audio with duration 00:36.100
ERROR:root:[ERROR]: Failed to transcribe audio chunk: VadOptions.__init__() got an unexpected keyword argument 'onset'
INFO:faster_whisper:Processing audio with duration 00:36.100
ERROR:root:[ERROR]: Failed to transcribe audio chunk: VadOptions.__init__() got an unexpected keyword argument 'onset'
INFO:faster_whisper:Processing audio with duration 00:36.150
ERROR:root:[ERROR]: Failed to transcribe audio chunk: VadOptions.__init__() got an unexpected keyword argument 'onset'
INFO:faster_whisper:Processing audio with duration 00:36.150
ERROR:root:[ERROR]: Failed to transcribe audio chunk: VadOptions.__init__() got an unexpected keyword argument 'onset'
INFO:faster_whisper:Processing audio with duration 00:36.150
ERROR:root:[ERROR]: Failed to transcribe audio chunk: VadOptions.__init__() got an unexpected keyword argument 'onset'
INFO:faster_whisper:Processing audio with duration 00:36.150
ERROR:root:[ERROR]: Failed to transcribe audio chunk: VadOptions.__init__() got an unexpected keyword argument 'onset'
INFO:faster_whisper:Processing audio with duration 00:36.150
ERROR:root:[ERROR]: Failed to transcribe audio chunk: VadOptions.__init__() got an unexpected keyword argument 'onset'
INFO:faster_whisper:Processing audio with duration 00:36.200
ERROR:root:[ERROR]: Failed to transcribe audio chunk: VadOptions.__init__() got an unexpected keyword argument 'onset'
INFO:faster_whisper:Processing audio with duration 00:36.200
ERROR:root:[ERROR]: Failed to transcribe audio chunk: VadOptions.__init__() got an unexpected keyword argument 'onset'
INFO:faster_whisper:Processing audio with duration 00:36.200
ERROR:root:[ERROR]: Failed to transcribe audio chunk: VadOptions.__init__() got an unexpected keyword argument 'onset'
INFO:faster_whisper:Processing audio with duration 00:36.200
ERROR:root:[ERROR]: Failed to transcribe audio chunk: VadOptions.__init__() got an unexpected keyword argument 'onset'
INFO:faster_whisper:Processing audio with duration 00:36.250
ERROR:root:[ERROR]: Failed to transcribe audio chunk: VadOptions.__init__() got an unexpected keyword argument 'onset'
INFO:faster_whisper:Processing audio with duration 00:36.250
ERROR:root:[ERROR]: Failed to transcribe audio chunk: VadOptions.__init__() got an unexpected keyword argument 'onset'
INFO:faster_whisper:Processing audio with duration 00:36.250
ERROR:root:[ERROR]: Failed to transcribe audio chunk: VadOptions.__init__() got an unexpected keyword argument 'onset'
INFO:faster_whisper:Processing audio with duration 00:36.250
ERROR:root:[ERROR]: Failed to transcribe audio chunk: VadOptions.__init__() got an unexpected keyword argument 'onset'
INFO:faster_whisper:Processing audio with duration 00:36.250
ERROR:root:[ERROR]: Failed to transcribe audio chunk: VadOptions.__init__() got an unexpected keyword argument 'onset'
INFO:faster_whisper:Processing audio with duration 00:36.300
ERROR:root:[ERROR]: Failed to transcribe audio chunk: VadOptions.__init__() got an unexpected keyword argument 'onset'
INFO:faster_whisper:Processing audio with duration 00:36.300
ERROR:root:[ERROR]: Failed to transcribe audio chunk: VadOptions.__init__() got an unexpected keyword argument 'onset'
INFO:faster_whisper:Processing audio with duration 00:36.300
ERROR:root:[ERROR]: Failed to transcribe audio chunk: VadOptions.__init__() got an unexpected keyword argument 'onset'
INFO:faster_whisper:Processing audio with duration 00:36.300
ERROR:root:[ERROR]: Failed to transcribe audio chunk: VadOptions.__init__() got an unexpected keyword argument 'onset'
INFO:faster_whisper:Processing audio with duration 00:36.300
ERROR:root:[ERROR]: Failed to transcribe audio chunk: VadOptions.__init__() got an unexpected keyword argument 'onset'
INFO:faster_whisper:Processing audio with duration 00:36.350
ERROR:root:[ERROR]: Failed to transcribe audio chunk: VadOptions.__init__() got an unexpected keyword argument 'onset'
INFO:faster_whisper:Processing audio with duration 00:36.350
ERROR:root:[ERROR]: Failed to transcribe audio chunk: VadOptions.__init__() got an unexpected keyword argument 'onset'
INFO:faster_whisper:Processing audio with duration 00:36.350
ERROR:root:[ERROR]: Failed to transcribe audio chunk: VadOptions.__init__() got an unexpected keyword argument 'onset'
INFO:faster_whisper:Processing audio with duration 00:36.350
ERROR:root:[ERROR]: Failed to transcribe audio chunk: VadOptions.__init__() got an unexpected keyword argument 'onset'
INFO:faster_whisper:Processing audio with duration 00:36.400
ERROR:root:[ERROR]: Failed to transcribe audio chunk: VadOptions.__init__() got an unexpected keyword argument 'onset'
INFO:faster_whisper:Processing audio with duration 00:36.400
ERROR:root:[ERROR]: Failed to transcribe audio chunk: VadOptions.__init__() got an unexpected keyword argument 'onset'
INFO:faster_whisper:Processing audio with duration 00:36.400
ERROR:root:[ERROR]: Failed to transcribe audio chunk: VadOptions.__init__() got an unexpected keyword argument 'onset'
INFO:faster_whisper:Processing audio with duration 00:36.400
ERROR:root:[ERROR]: Failed to transcribe audio chunk: VadOptions.__init__() got an unexpected keyword argument 'onset'
INFO:faster_whisper:Processing audio with duration 00:36.400
ERROR:root:[ERROR]: Failed to transcribe audio chunk: VadOptions.__init__() got an unexpected keyword argument 'onset'
INFO:faster_whisper:Processing audio with duration 00:36.450
ERROR:root:[ERROR]: Failed to transcribe audio chunk: VadOptions.__init__() got an unexpected keyword argument 'onset'
INFO:faster_whisper:Processing audio with duration 00:36.450
ERROR:root:[ERROR]: Failed to transcribe audio chunk: VadOptions.__init__() got an unexpected keyword argument 'onset'
INFO:faster_whisper:Processing audio with duration 00:36.450
ERROR:root:[ERROR]: Failed to transcribe audio chunk: VadOptions.__init__() got an unexpected keyword argument 'onset'
INFO:faster_whisper:Processing audio with duration 00:36.450
ERROR:root:[ERROR]: Failed to transcribe audio chunk: VadOptions.__init__() got an unexpected keyword argument 'onset'
INFO:faster_whisper:Processing audio with duration 00:36.500
ERROR:root:[ERROR]: Failed to transcribe audio chunk: VadOptions.__init__() got an unexpected keyword argument 'onset'
INFO:faster_whisper:Processing audio with duration 00:36.500
ERROR:root:[ERROR]: Failed to transcribe audio chunk: VadOptions.__init__() got an unexpected keyword argument 'onset'
INFO:faster_whisper:Processing audio with duration 00:36.500
ERROR:root:[ERROR]: Failed to transcribe audio chunk: VadOptions.__init__() got an unexpected keyword argument 'onset'
INFO:faster_whisper:Processing audio with duration 00:36.500
ERROR:root:[ERROR]: Failed to transcribe audio chunk: VadOptions.__init__() got an unexpected keyword argument 'onset'
INFO:faster_whisper:Processing audio with duration 00:36.500
ERROR:root:[ERROR]: Failed to transcribe audio chunk: VadOptions.__init__() got an unexpected keyword argument 'onset'
INFO:faster_whisper:Processing audio with duration 00:36.550
ERROR:root:[ERROR]: Failed to transcribe audio chunk: VadOptions.__init__() got an unexpected keyword argument 'onset'
INFO:faster_whisper:Processing audio with duration 00:36.550
ERROR:root:[ERROR]: Failed to transcribe audio chunk: VadOptions.__init__() got an unexpected keyword argument 'onset'
INFO:faster_whisper:Processing audio with duration 00:36.550
ERROR:root:[ERROR]: Failed to transcribe audio chunk: VadOptions.__init__() got an unexpected keyword argument 'onset'
INFO:faster_whisper:Processing audio with duration 00:36.550
ERROR:root:[ERROR]: Failed to transcribe audio chunk: VadOptions.__init__() got an unexpected keyword argument 'onset'
INFO:faster_whisper:Processing audio with duration 00:36.600
ERROR:root:[ERROR]: Failed to transcribe audio chunk: VadOptions.__init__() got an unexpected keyword argument 'onset'
INFO:faster_whisper:Processing audio with duration 00:36.600
ERROR:root:[ERROR]: Failed to transcribe audio chunk: VadOptions.__init__() got an unexpected keyword argument 'onset'
INFO:faster_whisper:Processing audio with duration 00:36.600
ERROR:root:[ERROR]: Failed to transcribe audio chunk: VadOptions.__init__() got an unexpected keyword argument 'onset'
INFO:faster_whisper:Processing audio with duration 00:36.600
ERROR:root:[ERROR]: Failed to transcribe audio chunk: VadOptions.__init__() got an unexpected keyword argument 'onset'
INFO:faster_whisper:Processing audio with duration 00:36.600
ERROR:root:[ERROR]: Failed to transcribe audio chunk: VadOptions.__init__() got an unexpected keyword argument 'onset'
INFO:faster_whisper:Processing audio with duration 00:36.650
ERROR:root:[ERROR]: Failed to transcribe audio chunk: VadOptions.__init__() got an unexpected keyword argument 'onset'
INFO:faster_whisper:Processing audio with duration 00:36.650
ERROR:root:[ERROR]: Failed to transcribe audio chunk: VadOptions.__init__() got an unexpected keyword argument 'onset'
INFO:faster_whisper:Processing audio with duration 00:36.650
ERROR:root:[ERROR]: Failed to transcribe audio chunk: VadOptions.__init__() got an unexpected keyword argument 'onset'
INFO:faster_whisper:Processing audio with duration 00:36.650
ERROR:root:[ERROR]: Failed to transcribe audio chunk: VadOptions.__init__() got an unexpected keyword argument 'onset'
INFO:faster_whisper:Processing audio with duration 00:36.650
ERROR:root:[ERROR]: Failed to transcribe audio chunk: VadOptions.__init__() got an unexpected keyword argument 'onset'
INFO:faster_whisper:Processing audio with duration 00:36.700
ERROR:root:[ERROR]: Failed to transcribe audio chunk: VadOptions.__init__() got an unexpected keyword argument 'onset'
INFO:faster_whisper:Processing audio with duration 00:36.700
ERROR:root:[ERROR]: Failed to transcribe audio chunk: VadOptions.__init__() got an unexpected keyword argument 'onset'
INFO:faster_whisper:Processing audio with duration 00:36.700
ERROR:root:[ERROR]: Failed to transcribe audio chunk: VadOptions.__init__() got an unexpected keyword argument 'onset'
INFO:faster_whisper:Processing audio with duration 00:36.712
ERROR:root:[ERROR]: Failed to transcribe audio chunk: VadOptions.__init__() got an unexpected keyword argument 'onset'
INFO:faster_whisper:Processing audio with duration 00:36.712
ERROR:root:[ERROR]: Failed to transcribe audio chunk: VadOptions.__init__() got an unexpected keyword argument 'onset'
INFO:faster_whisper:Processing audio with duration 00:36.712
ERROR:root:[ERROR]: Failed to transcribe audio chunk: VadOptions.__init__() got an unexpected keyword argument 'onset'
INFO:faster_whisper:Processing audio with duration 00:36.712
ERROR:root:[ERROR]: Failed to transcribe audio chunk: VadOptions.__init__() got an unexpected keyword argument 'onset'
INFO:faster_whisper:Processing audio with duration 00:36.712
ERROR:root:[ERROR]: Failed to transcribe audio chunk: VadOptions.__init__() got an unexpected keyword argument 'onset'
INFO:root:Cleaning up.
INFO:root:Exiting speech to text thread
